Workbook
Name PERFORMANCETASKS: #REF!
Name PT: #REF!
Name QA: #REF!
Name QUARTERLYASSESSMENT: #REF!
Name SUBJECTS: '[1]INPUT DATA'!$A$1002:$A$1005
Name Transmu_Table: #REF!
Name WRITTENWORKS: #REF!
Name WW: #REF!

Sheet INSTRUCTIONS
B3: Instructions: Accomplishing the Electronic Class Record (ECR) for SSHS
B7: 1 | C7: Input the correct data for the following sections. Any details entered here are used throughout the e-Class Record
C10: INPUT DATA
C12: A. | D12: SCHOOL INFO
D13: 1 | E13: REGION | I13: : | J13: Select the Region where the school is located
D14: 2 | E14: DIVISION | I14: : | J14: Input the respective Schools Division Office
D15: 3 | E15: SCHOOL ID | I15: : | J15: Enter the six (6) digit school ID
D16: 4 | E16: SCHOOL NAME | I16: : | J16: Enter the name of the school
D17: 5 | E17: SCHOOL YEAR | I17: : | J17: Enter the current school year
C19: B. | D19: TEACHER, GRADE LEVEL, AND SUBJECT AREA INFO
D20: 1 | E20: TEACHER | J20: Enter the name of teacher's name
D21: 2 | E21: GRADE LEVEL | J21: Input the grade level taught. This field only accepts 11 or 12.
D22: 3 | E22: SECTION NAME | J22: Enter section name.
D23: 4 | E23: SUBJECT TYPE | J23: Select the subject type.
D24: 5 | E24: SUBJECT | J24: The selection for the subjects is dependent on the subject type selected.
E25: 5.1 | F25: Other Elective and Special Curricular Program | J25: If applicable, select “Other Elective and Special Curricular Program”, then enter the new elective or subject in the field provided.
D28: As an additional guide, a note regarding where the computation of the final grade can be found will be displayed, depending on the selected subject type and grade level.
C32: C. | D32: LEARNERS' NAMES
D33: Either manually type learners' names or copy from SF1 and copy onto their respective column (Male or Female).
D37: TIP: Press Control + Shift + V to paste values only. | M37: shift ↑ | P37: Z | Q37: X | R37: C | S37: V
M39: ctrl
B43: 2 | C43: Input the raw scores per quarter to compute for the quarterly grades and the semestral or annual final grades.
C46: QUARTERLY GRADES
U54: Color fills are for visualization purposes only and do not represent the actual sheet layouts.
C55: INSTRUCTIONS | G55: DATA INPUT | I55: Q1 | J55: Q2 | K55: Q3 | L55: Q4 | M55: 1st SEMESTRAL GRADE | P55: 2nd SEMESTRAL GRADE | S55: QUARTERLY
D57: HIGHEST POSSIBLE SCORE | J57: Input the highest possible score for each grading component.
D58: ACTUAL SCORE | J58: For each learner, input the actual score accordingly.
D60: The INITIAL GRADE and QUARTERLY GRADE will be computed when all required grading components have been completed.
C64: ! | D64: The weights of the grading components differ depending on the selected Subject type.
K66: CORE | M66: Academic Electives | Q66: TechPro Electives
M67: All Other Electives | O67: Field Experience / Exposure Sports and Arts | Q67: All Other Electives | S67: Work Immersion
E68: WRITTEN WORK | K68: 0.25 | M68: 0.25 | O68: 0.2 | Q68: 0.15 | S68: 0.2
E69: PERFORMANCE TASK | K69: 0.5 | M69: 0.45 | O69: 0.6 | Q69: 0.65 | S69: 0.8
E70: QUARTERLY ASSESSMENT | K70: 0.25 | M70: 0.3 | O70: 0.2 | Q70: 0.2
K71: =SUM(K68:K70) -> 1 | M71: =SUM(M68:M70) -> 1 | O71: =SUM(O68:O70) -> 1 | Q71: =SUM(Q68:Q70) -> 1 | S71: =SUM(S68:S70) -> 1
B74: 3 | C74: Review final grades. The computation of final grades depends on the selected subject type and grade level.
C77: SUMMARY OF FINAL GRADES SHEETS
C79: Subject Type | H79: Duration | K79: Final Grade Computation | O79: Semester Grade | R79: Summary of Grades
C80: Core Subject (All Tracks) | H80: 4 quarters across 2 semesters | K80: Average of 4 quarterly grades | O80: Not Computed | R80: QUARTERLY AVERAGE
C82: Academic Electives (Grades 11 and 12) | H82: 2 quarters per semester | K82: Average of 2 quarterly grades | O82: Computed per semester | R82: 1st SEMESTRAL GRADE
R83: 2nd SEMESTRAL GRADE
C84: TechPro Electives (Grade 11) | H84: 4 quarters across 2 semesters | K84: Average of 4 quarterly grades | O84: Not Computed | R84: QUARTERLY AVERAGE
C86: TechPro Electives (Grade 12) | H86: 2 quarters per semester | K86: Average of 2 quarterly grades | O86: Computed per semester | R86: 1st SEMESTRAL GRADE
R87: 2nd SEMESTRAL GRADE
D89: If the Final Grade is computed as the average of two (2) quarterly grades, it shall be reflected in the 1st or 2nd Semestral Grade sheet, as applicable. If the Final Grade is computed as the average of four (4) quarterly grades, it shall be reflected in the Quarterly Average sheet.
B94: 4 | C94: Print only the appropriate sheets for reporting purposes and ensure that learner data is handled in compliance with data privacy policies.

Sheet INPUT DATA
D3: Input Data Sheet for Electronic-Class Record (ECR) for SSHS
B7: SCHOOL INFO | J7: LEARNERS' NAMES
C10: REGION | E10: : | K10: MALE | N10: FEMALE
C11: DIVISION | E11: : | K11: 1 | N11: 1
K12: 2 | N12: 2
C13: SCHOOL ID | E13: : | K13: 3 | N13: 3
C14: SCHOOL NAME | E14: : | K14: 4 | N14: 4
K15: 5 | N15: 5
C16: SCHOOL YEAR | E16: : | K16: 6 | N16: 6
K17: 7 | N17: 7
K18: 8 | N18: 8
B19: TEACHER, GRADE LEVEL, AND SUBJECT AREA INFO | K19: 9 | N19: 9
K20: 10 | N20: 10
K21: 11 | N21: 11
C22: TEACHER | E22: : | K22: 12 | N22: 12
K23: 13 | N23: 13
C24: GRADE LEVEL | E24: : | G24: ← Accepts 11 or 12 only. | K24: 14 | N24: 14
C25: SECTION NAME | E25: : | K25: 15 | N25: 15
C26: SUBJECT TYPE | E26: : | K26: 16 | N26: 16
K27: 17 | N27: 17
C28: SUBJECT | E28: : | K28: 18 | N28: 18
K29: 19 | N29: 19
C30: Other Elective & Special Curricular Program / Subject | E30: : | K30: 20 | N30: 20
K31: 21 | N31: 21
K32: 22 | N32: 22
C33: =_xlfn.IFNA("NOTE: Find the Final Grade Computation in the "&INDEX('Helper(IMPORTANT!)'!DE1:DF6, MATCH(F26,'Helper(IMPORTANT!)'!DD1:DD6, 0), MATCH(F24, 'Helper(IMPORTANT!)'!DE1:DF1, 0))&" sheet/s.","") | K33: 23 | N33: 23
K34: 24 | N34: 24
C35: =_xlfn.IFNA(IF(INDEX('Helper(IMPORTANT!)'!DE1:DF6, MATCH(F26,'Helper(IMPORTANT!)'!DD1:DD6, 0), MATCH(F24, 'Helper(IMPORTANT!)'!DE1:DF1, 0))="QUARTERLY AVERAGE","QUARTERLY AVERAGE","1st SEMESTRAL GRADE"),"") | G35: =_xlfn.IFNA(IF(INDEX('Helper(IMPORTANT!)'!DE1:DF6, MATCH(F26,'Helper(IMPORTANT!)'!DD1:DD6, 0), MATCH(F24, 'Helper(IMPORTANT!)'!DE1:DF1, 0))="QUARTERLY AVERAGE","QUARTERLY AVERAGE","2nd SEMESTRAL GRADE"),"") | K35: 25 | N35: 25
K36: 26 | N36: 26
K37: 27 | N37: 27
K38: 28 | N38: 28
K39: 29 | N39: 29
K40: 30 | N40: 30
K41: 31 | N41: 31
K42: 32 | N42: 32
K43: 33 | N43: 33
K44: 34 | N44: 34
K45: 35 | N45: 35
K46: 36 | N46: 36
K47: 37 | N47: 37
... K60: 50 | N60: 50
P62: 2026_v1.0

Sheet Q1
A1: Strengthened Senior High School Class Record
A3: (Pursuant to Deped Order 8 series of 2015)
F4: REGION | G4: ='INPUT DATA'!F10 -> 0 | L4: DIVISION | O4: ='INPUT DATA'!F11 -> 0
F5: SCHOOL NAME | G5: ='INPUT DATA'!F14 -> 0 | T5: SCHOOL ID | X5: ='INPUT DATA'!F13 -> 0 | AD5: SCHOOL YEAR | AG5: ='INPUT DATA'!F16 -> 0
A7: FIRST QUARTER | F7: GRADE & SECTION: | K7: ='INPUT DATA'!F24&" - "&'INPUT DATA'!F25 -> - | Q7: TEACHER: | S7: ='INPUT DATA'!F22 -> 0 | AC7: SUBJECT: | AE7: =IF('INPUT DATA'!F30<>"",'INPUT DATA'!F30,'INPUT DATA'!F28) -> 0
Q8: SEMESTER: | S8: - - | AC8: SUBJECT TYPE: | AE8: ='INPUT DATA'!F26 -> 0
A9: LEARNERS' NAMES | F9: =IF('INPUT DATA'!$F$26="","",INDEX('Helper(IMPORTANT!)'!$CI$2:$CI$6,MATCH(AE8,'Helper(IMPORTANT!)'!$CH$2:$CH$6,0))) | S9: =IF('INPUT DATA'!$F$26="","",INDEX('Helper(IMPORTANT!)'!$CJ$2:$CJ$6,MATCH(AE8,'Helper(IMPORTANT!)'!$CH$2:$CH$6,0))) | AF9: =IF('INPUT DATA'!$F$26="","",INDEX('Helper(IMPORTANT!)'!$CK$2:$CK$6,MATCH(AE8,'Helper(IMPORTANT!)'!$CH$2:$CH$6,0))) | AI9: Initial Grade | AJ9: Quarterly Grade
F10: 1 | G10: 2 | H10: 3 | I10: 4 | J10: 5 | K10: 6 | L10: 7 | M10: 8 | N10: 9 | O10: 10 | P10: Total | Q10: PS | R10: WS | S10: 1 | T10: 2 | U10: 3 | V10: 4 | W10: 5 | X10: 6 | Y10: 7 | Z10: 8 | AA10: 9 | AB10: 10 | AC10: Total | AD10: PS | AE10: WS | AF10: 1 | AG10: PS | AH10: WS
A11: HIGHEST POSSIBLE SCORE | P11: =IF(COUNT($F11:$O11)=0,"",SUM($F11:$O11)) | Q11: 100 | R11: =IF('INPUT DATA'!$F$26="","",INDEX('Helper(IMPORTANT!)'!$CL$2:$CL$6,MATCH(AE8,'Helper(IMPORTANT!)'!$CH$2:$CH$6,0))) | AC11: =IF(COUNT($S11:$AB11)=0,"",SUM($S11:$AB11)) | AD11: 100 | AE11: =IF('INPUT DATA'!$F$26="","",INDEX('Helper(IMPORTANT!)'!$CM$2:$CM$6,MATCH(AE8,'Helper(IMPORTANT!)'!$CH$2:$CH$6,0))) | AG11: 100 | AH11: =IF('INPUT DATA'!$F$26="","",INDEX('Helper(IMPORTANT!)'!$CN$2:$CN$6,MATCH(AE8,'Helper(IMPORTANT!)'!$CH$2:$CH$6,0)))
A12: MALE
A13: 1 | B13: ='INPUT DATA'!L11 -> 0 | P13: =IF(COUNT($F13:$O13)=0,"",SUM($F13:$O13)) | Q13: =IFERROR(IF(P13="","",ROUND(P13/$P$11*100,2)),"") | R13: =IFERROR(IF(Q13="","",ROUND(Q13*$R$11,2)),"") | AC13: =IF(COUNT($S13:$AB13)=0,"",SUM($S13:$AB13)) | AD13: =IFERROR(IF(AC13="","",ROUND(AC13/$AC$11*100,2)),"") | AE13: =IFERROR(IF(AD13="","",ROUND(AD13*$AE$11,2)),"") | AG13: =IFERROR(IF(AF13="","",ROUND(AF13/$AF$11*100,2)),"") | AH13: =IFERROR(IF(AG13="","",ROUND(AG13*$AH$11,2)),"") | AI13: =IFERROR(R13+AE13+AH13,"") | AJ13: =IFERROR(VLOOKUP(AI13,'Helper(IMPORTANT!)'!$CQ$1:$CR$41,2,TRUE),"")
A14: 2 | B14: ='INPUT DATA'!L12 -> 0 | P14: =IF(COUNT($F14:$O14)=0,"",SUM($F14:$O14)) | Q14: =IFERROR(IF(P14="","",ROUND(P14/$P$11*100,2)),"") | R14: =IFERROR(IF(Q14="","",ROUND(Q14*$R$11,2)),"") | AC14: =IF(COUNT($S14:$AB14)=0,"",SUM($S14:$AB14)) | AD14: =IFERROR(IF(AC14="","",ROUND(AC14/$AC$11*100,2)),"") | AE14: =IFERROR(IF(AD14="","",ROUND(AD14*$AE$11,2)),"") | AG14: =IFERROR(IF(AF14="","",ROUND(AF14/$AF$11*100,2)),"") | AH14: =IFERROR(IF(AG14="","",ROUND(AG14*$AH$11,2)),"") | AI14: =IFERROR(R14+AE14+AH14,"") | AJ14: =IFERROR(VLOOKUP(AI14,'Helper(IMPORTANT!)'!$CQ$1:$CR$41,2,TRUE),"")
A15: 3 | B15: ='INPUT DATA'!L13 -> 0 | P15: =IF(COUNT($F15:$O15)=0,"",SUM($F15:$O15)) | Q15: =IFERROR(IF(P15="","",ROUND(P15/$P$11*100,2)),"") | R15: =IFERROR(IF(Q15="","",ROUND(Q15*$R$11,2)),"") | AC15: =IF(COUNT($S15:$AB15)=0,"",SUM($S15:$AB15)) | AD15: =IFERROR(IF(AC15="","",ROUND(AC15/$AC$11*100,2)),"") | AE15: =IFERROR(IF(AD15="","",ROUND(AD15*$AE$11,2)),"") | AG15: =IFERROR(IF(AF15="","",ROUND(AF15/$AF$11*100,2)),"") | AH15: =IFERROR(IF(AG15="","",ROUND(AG15*$AH$11,2)),"") | AI15: =IFERROR(R15+AE15+AH15,"") | AJ15: =IFERROR(VLOOKUP(AI15,'Helper(IMPORTANT!)'!$CQ$1:$CR$41,2,TRUE),"")
A16: 4 | B16: ='INPUT DATA'!L14 -> 0 | P16: =IF(COUNT($F16:$O16)=0,"",SUM($F16:$O16)) | Q16: =IFERROR(IF(P16="","",ROUND(P16/$P$11*100,2)),"") | R16: =IFERROR(IF(Q16="","",ROUND(Q16*$R$11,2)),"") | AC16: =IF(COUNT($S16:$AB16)=0,"",SUM($S16:$AB16)) | AD16: =IFERROR(IF(AC16="","",ROUND(AC16/$AC$11*100,2)),"") | AE16: =IFERROR(IF(AD16="","",ROUND(AD16*$AE$11,2)),"") | AG16: =IFERROR(IF(AF16="","",ROUND(AF16/$AF$11*100,2)),"") | AH16: =IFERROR(IF(AG16="","",ROUND(AG16*$AH$11,2)),"") | AI16: =IFERROR(R16+AE16+AH16,"") | AJ16: =IFERROR(VLOOKUP(AI16,'Helper(IMPORTANT!)'!$CQ$1:$CR$41,2,TRUE),"")
A17: 5 | B17: ='INPUT DATA'!L15 -> 0 | P17: =IF(COUNT($F17:$O17)=0,"",SUM($F17:$O17)) | Q17: =IFERROR(IF(P17="","",ROUND(P17/$P$11*100,2)),"") | R17: =IFERROR(IF(Q17="","",ROUND(Q17*$R$11,2)),"") | AC17: =IF(COUNT($S17:$AB17)=0,"",SUM($S17:$AB17)) | AD17: =IFERROR(IF(AC17="","",ROUND(AC17/$AC$11*100,2)),"") | AE17: =IFERROR(IF(AD17="","",ROUND(AD17*$AE$11,2)),"") | AG17: =IFERROR(IF(AF17="","",ROUND(AF17/$AF$11*100,2)),"") | AH17: =IFERROR(IF(AG17="","",ROUND(AG17*$AH$11,2)),"") | AI17: =IFERROR(R17+AE17+AH17,"") | AJ17: =IFERROR(VLOOKUP(AI17,'Helper(IMPORTANT!)'!$CQ$1:$CR$41,2,TRUE),"")
A18: 6 | B18: ='INPUT DATA'!L16 -> 0 | P18: =IF(COUNT($F18:$O18)=0,"",SUM($F18:$O18)) | Q18: =IFERROR(IF(P18="","",ROUND(P18/$P$11*100,2)),"") | R18: =IFERROR(IF(Q18="","",ROUND(Q18*$R$11,2)),"") | AC18: =IF(COUNT($S18:$AB18)=0,"",SUM($S18:$AB18)) | AD18: =IFERROR(IF(AC18="","",ROUND(AC18/$AC$11*100,2)),"") | AE18: =IFERROR(IF(AD18="","",ROUND(AD18*$AE$11,2)),"") | AG18: =IFERROR(IF(AF18="","",ROUND(AF18/$AF$11*100,2)),"") | AH18: =IFERROR(IF(AG18="","",ROUND(AG18*$AH$11,2)),"") | AI18: =IFERROR(R18+AE18+AH18,"") | AJ18: =IFERROR(VLOOKUP(AI18,'Helper(IMPORTANT!)'!$CQ$1:$CR$41,2,TRUE),"")
A19: 7 | B19: ='INPUT DATA'!L17 -> 0 | P19: =IF(COUNT($F19:$O19)=0,"",SUM($F19:$O19)) | Q19: =IFERROR(IF(P19="","",ROUND(P19/$P$11*100,2)),"") | R19: =IFERROR(IF(Q19="","",ROUND(Q19*$R$11,2)),"") | AC19: =IF(COUNT($S19:$AB19)=0,"",SUM($S19:$AB19)) | AD19: =IFERROR(IF(AC19="","",ROUND(AC19/$AC$11*100,2)),"") | AE19: =IFERROR(IF(AD19="","",ROUND(AD19*$AE$11,2)),"") | AG19: =IFERROR(IF(AF19="","",ROUND(AF19/$AF$11*100,2)),"") | AH19: =IFERROR(IF(AG19="","",ROUND(AG19*$AH$11,2)),"") | AI19: =IFERROR(R19+AE19+AH19,"") | AJ19: =IFERROR(VLOOKUP(AI19,'Helper(IMPORTANT!)'!$CQ$1:$CR$41,2,TRUE),"")
A20: 8 | B20: ='INPUT DATA'!L18 -> 0 | P20: =IF(COUNT($F20:$O20)=0,"",SUM($F20:$O20)) | Q20: =IFERROR(IF(P20="","",ROUND(P20/$P$11*100,2)),"") | R20: =IFERROR(IF(Q20="","",ROUND(Q20*$R$11,2)),"") | AC20: =IF(COUNT($S20:$AB20)=0,"",SUM($S20:$AB20)) | AD20: =IFERROR(IF(AC20="","",ROUND(AC20/$AC$11*100,2)),"") | AE20: =IFERROR(IF(AD20="","",ROUND(AD20*$AE$11,2)),"") | AG20: =IFERROR(IF(AF20="","",ROUND(AF20/$AF$11*100,2)),"") | AH20: =IFERROR(IF(AG20="","",ROUND(AG20*$AH$11,2)),"") | AI20: =IFERROR(R20+AE20+AH20,"") | AJ20: =IFERROR(VLOOKUP(AI20,'Helper(IMPORTANT!)'!$CQ$1:$CR$41,2,TRUE),"")
A21: 9 | B21: ='INPUT DATA'!L19 -> 0 | P21: =IF(COUNT($F21:$O21)=0,"",SUM($F21:$O21)) | Q21: =IFERROR(IF(P21="","",ROUND(P21/$P$11*100,2)),"") | R21: =IFERROR(IF(Q21="","",ROUND(Q21*$R$11,2)),"") | AC21: =IF(COUNT($S21:$AB21)=0,"",SUM($S21:$AB21)) | AD21: =IFERROR(IF(AC21="","",ROUND(AC21/$AC$11*100,2)),"") | AE21: =IFERROR(IF(AD21="","",ROUND(AD21*$AE$11,2)),"") | AG21: =IFERROR(IF(AF21="","",ROUND(AF21/$AF$11*100,2)),"") | AH21: =IFERROR(IF(AG21="","",ROUND(AG21*$AH$11,2)),"") | AI21: =IFERROR(R21+AE21+AH21,"") | AJ21: =IFERROR(VLOOKUP(AI21,'Helper(IMPORTANT!)'!$CQ$1:$CR$41,2,TRUE),"")
A22: 10 | B22: ='INPUT DATA'!L20 -> 0 | P22: =IF(COUNT($F22:$O22)=0,"",SUM($F22:$O22)) | Q22: =IFERROR(IF(P22="","",ROUND(P22/$P$11*100,2)),"") | R22: =IFERROR(IF(Q22="","",ROUND(Q22*$R$11,2)),"") | AC22: =IF(COUNT($S22:$AB22)=0,"",SUM($S22:$AB22)) | AD22: =IFERROR(IF(AC22="","",ROUND(AC22/$AC$11*100,2)),"") | AE22: =IFERROR(IF(AD22="","",ROUND(AD22*$AE$11,2)),"") | AG22: =IFERROR(IF(AF22="","",ROUND(AF22/$AF$11*100,2)),"") | AH22: =IFERROR(IF(AG22="","",ROUND(AG22*$AH$11,2)),"") | AI22: =IFERROR(R22+AE22+AH22,"") | AJ22: =IFERROR(VLOOKUP(AI22,'Helper(IMPORTANT!)'!$CQ$1:$CR$41,2,TRUE),"")
A23: 11 | B23: ='INPUT DATA'!L21 -> 0 | P23: =IF(COUNT($F23:$O23)=0,"",SUM($F23:$O23)) | Q23: =IFERROR(IF(P23="","",ROUND(P23/$P$11*100,2)),"") | R23: =IFERROR(IF(Q23="","",ROUND(Q23*$R$11,2)),"") | AC23: =IF(COUNT($S23:$AB23)=0,"",SUM($S23:$AB23)) | AD23: =IFERROR(IF(AC23="","",ROUND(AC23/$AC$11*100,2)),"") | AE23: =IFERROR(IF(AD23="","",ROUND(AD23*$AE$11,2)),"") | AG23: =IFERROR(IF(AF23="","",ROUND(AF23/$AF$11*100,2)),"") | AH23: =IFERROR(IF(AG23="","",ROUND(AG23*$AH$11,2)),"") | AI23: =IFERROR(R23+AE23+AH23,"") | AJ23: =IFERROR(VLOOKUP(AI23,'Helper(IMPORTANT!)'!$CQ$1:$CR$41,2,TRUE),"")
A24: 12 | B24: ='INPUT DATA'!L22 -> 0 | P24: =IF(COUNT($F24:$O24)=0,"",SUM($F24:$O24)) | Q24: =IFERROR(IF(P24="","",ROUND(P24/$P$11*100,2)),"") | R24: =IFERROR(IF(Q24="","",ROUND(Q24*$R$11,2)),"") | AC24: =IF(COUNT($S24:$AB24)=0,"",SUM($S24:$AB24)) | AD24: =IFERROR(IF(AC24="","",ROUND(AC24/$AC$11*100,2)),"") | AE24: =IFERROR(IF(AD24="","",ROUND(AD24*$AE$11,2)),"") | AG24: =IFERROR(IF(AF24="","",ROUND(AF24/$AF$11*100,2)),"") | AH24: =IFERROR(IF(AG24="","",ROUND(AG24*$AH$11,2)),"") | AI24: =IFERROR(R24+AE24+AH24,"") | AJ24: =IFERROR(VLOOKUP(AI24,'Helper(IMPORTANT!)'!$CQ$1:$CR$41,2,TRUE),"")
... A62: 50 | B62: ='INPUT DATA'!L60 -> 0 | P62: =IF(COUNT($F62:$O62)=0,"",SUM($F62:$O62)) | Q62: =IFERROR(IF(P62="","",ROUND(P62/$P$11*100,2)),"") | R62: =IFERROR(IF(Q62="","",ROUND(Q62*$R$11,2)),"") | AC62: =IF(COUNT($S62:$AB62)=0,"",SUM($S62:$AB62)) | AD62: =IFERROR(IF(AC62="","",ROUND(AC62/$AC$11*100,2)),"") | AE62: =IFERROR(IF(AD62="","",ROUND(AD62*$AE$11,2)),"") | AG62: =IFERROR(IF(AF62="","",ROUND(AF62/$AF$11*100,2)),"") | AH62: =IFERROR(IF(AG62="","",ROUND(AG62*$AH$11,2)),"") | AI62: =IFERROR(R62+AE62+AH62,"") | AJ62: =IFERROR(VLOOKUP(AI62,'Helper(IMPORTANT!)'!$CQ$1:$CR$41,2,TRUE),"")
A63: FEMALE
A64: 1 | B64: ='INPUT DATA'!O11 -> 0 | P64: =IF(COUNT($F64:$O64)=0,"",SUM($F64:$O64)) | Q64: =IFERROR(IF(P64="","",ROUND(P64/$P$11*100,2)),"") | R64: =IFERROR(IF(Q64="","",ROUND(Q64*$R$11,2)),"") | AC64: =IF(COUNT($S64:$AB64)=0,"",SUM($S64:$AB64)) | AD64: =IFERROR(IF(AC64="","",ROUND(AC64/$AC$11*100,2)),"") | AE64: =IFERROR(IF(AD64="","",ROUND(AD64*$AE$11,2)),"") | AG64: =IFERROR(IF(AF64="","",ROUND(AF64/$AF$11*100,2)),"") | AH64: =IFERROR(IF(AG64="","",ROUND(AG64*$AH$11,2)),"") | AI64: =IFERROR(R64+AE64+AH64,"") | AJ64: =IFERROR(VLOOKUP(AI64,'Helper(IMPORTANT!)'!$CQ$1:$CR$41,2,TRUE),"")
A65: 2 | B65: ='INPUT DATA'!O12 -> 0 | P65: =IF(COUNT($F65:$O65)=0,"",SUM($F65:$O65)) | Q65: =IFERROR(IF(P65="","",ROUND(P65/$P$11*100,2)),"") | R65: =IFERROR(IF(Q65="","",ROUND(Q65*$R$11,2)),"") | AC65: =IF(COUNT($S65:$AB65)=0,"",SUM($S65:$AB65)) | AD65: =IFERROR(IF(AC65="","",ROUND(AC65/$AC$11*100,2)),"") | AE65: =IFERROR(IF(AD65="","",ROUND(AD65*$AE$11,2)),"") | AG65: =IFERROR(IF(AF65="","",ROUND(AF65/$AF$11*100,2)),"") | AH65: =IFERROR(IF(AG65="","",ROUND(AG65*$AH$11,2)),"") | AI65: =IFERROR(R65+AE65+AH65,"") | AJ65: =IFERROR(VLOOKUP(AI65,'Helper(IMPORTANT!)'!$CQ$1:$CR$41,2,TRUE),"")
A66: 3 | B66: ='INPUT DATA'!O13 -> 0 | P66: =IF(COUNT($F66:$O66)=0,"",SUM($F66:$O66)) | Q66: =IFERROR(IF(P66="","",ROUND(P66/$P$11*100,2)),"") | R66: =IFERROR(IF(Q66="","",ROUND(Q66*$R$11,2)),"") | AC66: =IF(COUNT($S66:$AB66)=0,"",SUM($S66:$AB66)) | AD66: =IFERROR(IF(AC66="","",ROUND(AC66/$AC$11*100,2)),"") | AE66: =IFERROR(IF(AD66="","",ROUND(AD66*$AE$11,2)),"") | AG66: =IFERROR(IF(AF66="","",ROUND(AF66/$AF$11*100,2)),"") | AH66: =IFERROR(IF(AG66="","",ROUND(AG66*$AH$11,2)),"") | AI66: =IFERROR(R66+AE66+AH66,"") | AJ66: =IFERROR(VLOOKUP(AI66,'Helper(IMPORTANT!)'!$CQ$1:$CR$41,2,TRUE),"")
A67: 4 | B67: ='INPUT DATA'!O14 -> 0 | P67: =IF(COUNT($F67:$O67)=0,"",SUM($F67:$O67)) | Q67: =IFERROR(IF(P67="","",ROUND(P67/$P$11*100,2)),"") | R67: =IFERROR(IF(Q67="","",ROUND(Q67*$R$11,2)),"") | AC67: =IF(COUNT($S67:$AB67)=0,"",SUM($S67:$AB67)) | AD67: =IFERROR(IF(AC67="","",ROUND(AC67/$AC$11*100,2)),"") | AE67: =IFERROR(IF(AD67="","",ROUND(AD67*$AE$11,2)),"") | AG67: =IFERROR(IF(AF67="","",ROUND(AF67/$AF$11*100,2)),"") | AH67: =IFERROR(IF(AG67="","",ROUND(AG67*$AH$11,2)),"") | AI67: =IFERROR(R67+AE67+AH67,"") | AJ67: =IFERROR(VLOOKUP(AI67,'Helper(IMPORTANT!)'!$CQ$1:$CR$41,2,TRUE),"")
A68: 5 | B68: ='INPUT DATA'!O15 -> 0 | P68: =IF(COUNT($F68:$O68)=0,"",SUM($F68:$O68)) | Q68: =IFERROR(IF(P68="","",ROUND(P68/$P$11*100,2)),"") | R68: =IFERROR(IF(Q68="","",ROUND(Q68*$R$11,2)),"") | AC68: =IF(COUNT($S68:$AB68)=0,"",SUM($S68:$AB68)) | AD68: =IFERROR(IF(AC68="","",ROUND(AC68/$AC$11*100,2)),"") | AE68: =IFERROR(IF(AD68="","",ROUND(AD68*$AE$11,2)),"") | AG68: =IFERROR(IF(AF68="","",ROUND(AF68/$AF$11*100,2)),"") | AH68: =IFERROR(IF(AG68="","",ROUND(AG68*$AH$11,2)),"") | AI68: =IFERROR(R68+AE68+AH68,"") | AJ68: =IFERROR(VLOOKUP(AI68,'Helper(IMPORTANT!)'!$CQ$1:$CR$41,2,TRUE),"")
A69: 6 | B69: ='INPUT DATA'!O16 -> 0 | P69: =IF(COUNT($F69:$O69)=0,"",SUM($F69:$O69)) | Q69: =IFERROR(IF(P69="","",ROUND(P69/$P$11*100,2)),"") | R69: =IFERROR(IF(Q69="","",ROUND(Q69*$R$11,2)),"") | AC69: =IF(COUNT($S69:$AB69)=0,"",SUM($S69:$AB69)) | AD69: =IFERROR(IF(AC69="","",ROUND(AC69/$AC$11*100,2)),"") | AE69: =IFERROR(IF(AD69="","",ROUND(AD69*$AE$11,2)),"") | AG69: =IFERROR(IF(AF69="","",ROUND(AF69/$AF$11*100,2)),"") | AH69: =IFERROR(IF(AG69="","",ROUND(AG69*$AH$11,2)),"") | AI69: =IFERROR(R69+AE69+AH69,"") | AJ69: =IFERROR(VLOOKUP(AI69,'Helper(IMPORTANT!)'!$CQ$1:$CR$41,2,TRUE),"")
A70: 7 | B70: ='INPUT DATA'!O17 -> 0 | P70: =IF(COUNT($F70:$O70)=0,"",SUM($F70:$O70)) | Q70: =IFERROR(IF(P70="","",ROUND(P70/$P$11*100,2)),"") | R70: =IFERROR(IF(Q70="","",ROUND(Q70*$R$11,2)),"") | AC70: =IF(COUNT($S70:$AB70)=0,"",SUM($S70:$AB70)) | AD70: =IFERROR(IF(AC70="","",ROUND(AC70/$AC$11*100,2)),"") | AE70: =IFERROR(IF(AD70="","",ROUND(AD70*$AE$11,2)),"") | AG70: =IFERROR(IF(AF70="","",ROUND(AF70/$AF$11*100,2)),"") | AH70: =IFERROR(IF(AG70="","",ROUND(AG70*$AH$11,2)),"") | AI70: =IFERROR(R70+AE70+AH70,"") | AJ70: =IFERROR(VLOOKUP(AI70,'Helper(IMPORTANT!)'!$CQ$1:$CR$41,2,TRUE),"")
A71: 8 | B71: ='INPUT DATA'!O18 -> 0 | P71: =IF(COUNT($F71:$O71)=0,"",SUM($F71:$O71)) | Q71: =IFERROR(IF(P71="","",ROUND(P71/$P$11*100,2)),"") | R71: =IFERROR(IF(Q71="","",ROUND(Q71*$R$11,2)),"") | AC71: =IF(COUNT($S71:$AB71)=0,"",SUM($S71:$AB71)) | AD71: =IFERROR(IF(AC71="","",ROUND(AC71/$AC$11*100,2)),"") | AE71: =IFERROR(IF(AD71="","",ROUND(AD71*$AE$11,2)),"") | AG71: =IFERROR(IF(AF71="","",ROUND(AF71/$AF$11*100,2)),"") | AH71: =IFERROR(IF(AG71="","",ROUND(AG71*$AH$11,2)),"") | AI71: =IFERROR(R71+AE71+AH71,"") | AJ71: =IFERROR(VLOOKUP(AI71,'Helper(IMPORTANT!)'!$CQ$1:$CR$41,2,TRUE),"")
A72: 9 | B72: ='INPUT DATA'!O19 -> 0 | P72: =IF(COUNT($F72:$O72)=0,"",SUM($F72:$O72)) | Q72: =IFERROR(IF(P72="","",ROUND(P72/$P$11*100,2)),"") | R72: =IFERROR(IF(Q72="","",ROUND(Q72*$R$11,2)),"") | AC72: =IF(COUNT($S72:$AB72)=0,"",SUM($S72:$AB72)) | AD72: =IFERROR(IF(AC72="","",ROUND(AC72/$AC$11*100,2)),"") | AE72: =IFERROR(IF(AD72="","",ROUND(AD72*$AE$11,2)),"") | AG72: =IFERROR(IF(AF72="","",ROUND(AF72/$AF$11*100,2)),"") | AH72: =IFERROR(IF(AG72="","",ROUND(AG72*$AH$11,2)),"") | AI72: =IFERROR(R72+AE72+AH72,"") | AJ72: =IFERROR(VLOOKUP(AI72,'Helper(IMPORTANT!)'!$CQ$1:$CR$41,2,TRUE),"")
A73: 10 | B73: ='INPUT DATA'!O20 -> 0 | P73: =IF(COUNT($F73:$O73)=0,"",SUM($F73:$O73)) | Q73: =IFERROR(IF(P73="","",ROUND(P73/$P$11*100,2)),"") | R73: =IFERROR(IF(Q73="","",ROUND(Q73*$R$11,2)),"") | AC73: =IF(COUNT($S73:$AB73)=0,"",SUM($S73:$AB73)) | AD73: =IFERROR(IF(AC73="","",ROUND(AC73/$AC$11*100,2)),"") | AE73: =IFERROR(IF(AD73="","",ROUND(AD73*$AE$11,2)),"") | AG73: =IFERROR(IF(AF73="","",ROUND(AF73/$AF$11*100,2)),"") | AH73: =IFERROR(IF(AG73="","",ROUND(AG73*$AH$11,2)),"") | AI73: =IFERROR(R73+AE73+AH73,"") | AJ73: =IFERROR(VLOOKUP(AI73,'Helper(IMPORTANT!)'!$CQ$1:$CR$41,2,TRUE),"")
A74: 11 | B74: ='INPUT DATA'!O21 -> 0 | P74: =IF(COUNT($F74:$O74)=0,"",SUM($F74:$O74)) | Q74: =IFERROR(IF(P74="","",ROUND(P74/$P$11*100,2)),"") | R74: =IFERROR(IF(Q74="","",ROUND(Q74*$R$11,2)),"") | AC74: =IF(COUNT($S74:$AB74)=0,"",SUM($S74:$AB74)) | AD74: =IFERROR(IF(AC74="","",ROUND(AC74/$AC$11*100,2)),"") | AE74: =IFERROR(IF(AD74="","",ROUND(AD74*$AE$11,2)),"") | AG74: =IFERROR(IF(AF74="","",ROUND(AF74/$AF$11*100,2)),"") | AH74: =IFERROR(IF(AG74="","",ROUND(AG74*$AH$11,2)),"") | AI74: =IFERROR(R74+AE74+AH74,"") | AJ74: =IFERROR(VLOOKUP(AI74,'Helper(IMPORTANT!)'!$CQ$1:$CR$41,2,TRUE),"")
A75: 12 | B75: ='INPUT DATA'!O22 -> 0 | P75: =IF(COUNT($F75:$O75)=0,"",SUM($F75:$O75)) | Q75: =IFERROR(IF(P75="","",ROUND(P75/$P$11*100,2)),"") | R75: =IFERROR(IF(Q75="","",ROUND(Q75*$R$11,2)),"") | AC75: =IF(COUNT($S75:$AB75)=0,"",SUM($S75:$AB75)) | AD75: =IFERROR(IF(AC75="","",ROUND(AC75/$AC$11*100,2)),"") | AE75: =IFERROR(IF(AD75="","",ROUND(AD75*$AE$11,2)),"") | AG75: =IFERROR(IF(AF75="","",ROUND(AF75/$AF$11*100,2)),"") | AH75: =IFERROR(IF(AG75="","",ROUND(AG75*$AH$11,2)),"") | AI75: =IFERROR(R75+AE75+AH75,"") | AJ75: =IFERROR(VLOOKUP(AI75,'Helper(IMPORTANT!)'!$CQ$1:$CR$41,2,TRUE),"")
... A113: 50 | B113: ='INPUT DATA'!O60 -> 0 | P113: =IF(COUNT($F113:$O113)=0,"",SUM($F113:$O113)) | Q113: =IFERROR(IF(P113="","",ROUND(P113/$P$11*100,2)),"") | R113: =IFERROR(IF(Q113="","",ROUND(Q113*$R$11,2)),"") | AC113: =IF(COUNT($S113:$AB113)=0,"",SUM($S113:$AB113)) | AD113: =IFERROR(IF(AC113="","",ROUND(AC113/$AC$11*100,2)),"") | AE113: =IFERROR(IF(AD113="","",ROUND(AD113*$AE$11,2)),"") | AG113: =IFERROR(IF(AF113="","",ROUND(AF113/$AF$11*100,2)),"") | AH113: =IFERROR(IF(AG113="","",ROUND(AG113*$AH$11,2)),"") | AI113: =IFERROR(R113+AE113+AH113,"") | AJ113: =IFERROR(VLOOKUP(AI113,'Helper(IMPORTANT!)'!$CQ$1:$CR$41,2,TRUE),"")

Sheet Q2
A1: Strengthened Senior High School Class Record
A3: (Pursuant to Deped Order 8 series of 2015)
F4: REGION | G4: ='INPUT DATA'!F10 -> 0 | L4: DIVISION | O4: ='INPUT DATA'!F11 -> 0
F5: SCHOOL NAME | G5: ='INPUT DATA'!F14 -> 0 | T5: SCHOOL ID | X5: ='INPUT DATA'!F13 -> 0 | AD5: SCHOOL YEAR | AG5: ='INPUT DATA'!F16 -> 0
A7: SECOND QUARTER | F7: GRADE & SECTION: | K7: ='INPUT DATA'!F24&" - "&'INPUT DATA'!F25 -> - | Q7: TEACHER: | S7: ='INPUT DATA'!F22 -> 0 | AC7: SUBJECT: | AE7: =IF('INPUT DATA'!F30<>"",'INPUT DATA'!F30,'INPUT DATA'!F28) -> 0
Q8: SEMESTER: | S8: - - | AC8: SUBJECT TYPE: | AE8: ='INPUT DATA'!F26 -> 0
A9: LEARNERS' NAMES | F9: =IF('INPUT DATA'!$F$26="","",INDEX('Helper(IMPORTANT!)'!$CI$2:$CI$6,MATCH(AE8,'Helper(IMPORTANT!)'!$CH$2:$CH$6,0))) | S9: =IF('INPUT DATA'!$F$26="","",INDEX('Helper(IMPORTANT!)'!$CJ$2:$CJ$6,MATCH(AE8,'Helper(IMPORTANT!)'!$CH$2:$CH$6,0))) | AF9: =IF('INPUT DATA'!$F$26="","",INDEX('Helper(IMPORTANT!)'!$CK$2:$CK$6,MATCH(AE8,'Helper(IMPORTANT!)'!$CH$2:$CH$6,0))) | AI9: Initial Grade | AJ9: Quarterly Grade
F10: 1 | G10: 2 | H10: 3 | I10: 4 | J10: 5 | K10: 6 | L10: 7 | M10: 8 | N10: 9 | O10: 10 | P10: Total | Q10: PS | R10: WS | S10: 1 | T10: 2 | U10: 3 | V10: 4 | W10: 5 | X10: 6 | Y10: 7 | Z10: 8 | AA10: 9 | AB10: 10 | AC10: Total | AD10: PS | AE10: WS | AF10: 1 | AG10: PS | AH10: WS
A11: HIGHEST POSSIBLE SCORE | P11: =IF(COUNT($F11:$O11)=0,"",SUM($F11:$O11)) | Q11: 100 | R11: =IF('INPUT DATA'!$F$26="","",INDEX('Helper(IMPORTANT!)'!$CL$2:$CL$6,MATCH(AE8,'Helper(IMPORTANT!)'!$CH$2:$CH$6,0))) | AC11: =IF(COUNT($S11:$AB11)=0,"",SUM($S11:$AB11)) | AD11: 100 | AE11: =IF('INPUT DATA'!$F$26="","",INDEX('Helper(IMPORTANT!)'!$CM$2:$CM$6,MATCH(AE8,'Helper(IMPORTANT!)'!$CH$2:$CH$6,0))) | AG11: 100 | AH11: =IF('INPUT DATA'!$F$26="","",INDEX('Helper(IMPORTANT!)'!$CN$2:$CN$6,MATCH(AE8,'Helper(IMPORTANT!)'!$CH$2:$CH$6,0)))
A12: MALE
A13: 1 | B13: ='INPUT DATA'!L11 -> 0 | P13: =IF(COUNT($F13:$O13)=0,"",SUM($F13:$O13)) | Q13: =IFERROR(IF(P13="","",ROUND(P13/$P$11*100,2)),"") | R13: =IFERROR(IF(Q13="","",ROUND(Q13*$R$11,2)),"") | AC13: =IF(COUNT($S13:$AB13)=0,"",SUM($S13:$AB13)) | AD13: =IFERROR(IF(AC13="","",ROUND(AC13/$AC$11*100,2)),"") | AE13: =IFERROR(IF(AD13="","",ROUND(AD13*$AE$11,2)),"") | AG13: =IFERROR(IF(AF13="","",ROUND(AF13/$AF$11*100,2)),"") | AH13: =IFERROR(IF(AG13="","",ROUND(AG13*$AH$11,2)),"") | AI13: =IFERROR(R13+AE13+AH13,"") | AJ13: =IFERROR(VLOOKUP(AI13,'Helper(IMPORTANT!)'!$CQ$1:$CR$41,2,TRUE),"")
A14: 2 | B14: ='INPUT DATA'!L12 -> 0 | P14: =IF(COUNT($F14:$O14)=0,"",SUM($F14:$O14)) | Q14: =IFERROR(IF(P14="","",ROUND(P14/$P$11*100,2)),"") | R14: =IFERROR(IF(Q14="","",ROUND(Q14*$R$11,2)),"") | AC14: =IF(COUNT($S14:$AB14)=0,"",SUM($S14:$AB14)) | AD14: =IFERROR(IF(AC14="","",ROUND(AC14/$AC$11*100,2)),"") | AE14: =IFERROR(IF(AD14="","",ROUND(AD14*$AE$11,2)),"") | AG14: =IFERROR(IF(AF14="","",ROUND(AF14/$AF$11*100,2)),"") | AH14: =IFERROR(IF(AG14="","",ROUND(AG14*$AH$11,2)),"") | AI14: =IFERROR(R14+AE14+AH14,"") | AJ14: =IFERROR(VLOOKUP(AI14,'Helper(IMPORTANT!)'!$CQ$1:$CR$41,2,TRUE),"")
A15: 3 | B15: ='INPUT DATA'!L13 -> 0 | P15: =IF(COUNT($F15:$O15)=0,"",SUM($F15:$O15)) | Q15: =IFERROR(IF(P15="","",ROUND(P15/$P$11*100,2)),"") | R15: =IFERROR(IF(Q15="","",ROUND(Q15*$R$11,2)),"") | AC15: =IF(COUNT($S15:$AB15)=0,"",SUM($S15:$AB15)) | AD15: =IFERROR(IF(AC15="","",ROUND(AC15/$AC$11*100,2)),"") | AE15: =IFERROR(IF(AD15="","",ROUND(AD15*$AE$11,2)),"") | AG15: =IFERROR(IF(AF15="","",ROUND(AF15/$AF$11*100,2)),"") | AH15: =IFERROR(IF(AG15="","",ROUND(AG15*$AH$11,2)),"") | AI15: =IFERROR(R15+AE15+AH15,"") | AJ15: =IFERROR(VLOOKUP(AI15,'Helper(IMPORTANT!)'!$CQ$1:$CR$41,2,TRUE),"")
A16: 4 | B16: ='INPUT DATA'!L14 -> 0 | P16: =IF(COUNT($F16:$O16)=0,"",SUM($F16:$O16)) | Q16: =IFERROR(IF(P16="","",ROUND(P16/$P$11*100,2)),"") | R16: =IFERROR(IF(Q16="","",ROUND(Q16*$R$11,2)),"") | AC16: =IF(COUNT($S16:$AB16)=0,"",SUM($S16:$AB16)) | AD16: =IFERROR(IF(AC16="","",ROUND(AC16/$AC$11*100,2)),"") | AE16: =IFERROR(IF(AD16="","",ROUND(AD16*$AE$11,2)),"") | AG16: =IFERROR(IF(AF16="","",ROUND(AF16/$AF$11*100,2)),"") | AH16: =IFERROR(IF(AG16="","",ROUND(AG16*$AH$11,2)),"") | AI16: =IFERROR(R16+AE16+AH16,"") | AJ16: =IFERROR(VLOOKUP(AI16,'Helper(IMPORTANT!)'!$CQ$1:$CR$41,2,TRUE),"")
A17: 5 | B17: ='INPUT DATA'!L15 -> 0 | P17: =IF(COUNT($F17:$O17)=0,"",SUM($F17:$O17)) | Q17: =IFERROR(IF(P17="","",ROUND(P17/$P$11*100,2)),"") | R17: =IFERROR(IF(Q17="","",ROUND(Q17*$R$11,2)),"") | AC17: =IF(COUNT($S17:$AB17)=0,"",SUM($S17:$AB17)) | AD17: =IFERROR(IF(AC17="","",ROUND(AC17/$AC$11*100,2)),"") | AE17: =IFERROR(IF(AD17="","",ROUND(AD17*$AE$11,2)),"") | AG17: =IFERROR(IF(AF17="","",ROUND(AF17/$AF$11*100,2)),"") | AH17: =IFERROR(IF(AG17="","",ROUND(AG17*$AH$11,2)),"") | AI17: =IFERROR(R17+AE17+AH17,"") | AJ17: =IFERROR(VLOOKUP(AI17,'Helper(IMPORTANT!)'!$CQ$1:$CR$41,2,TRUE),"")
A18: 6 | B18: ='INPUT DATA'!L16 -> 0 | P18: =IF(COUNT($F18:$O18)=0,"",SUM($F18:$O18)) | Q18: =IFERROR(IF(P18="","",ROUND(P18/$P$11*100,2)),"") | R18: =IFERROR(IF(Q18="","",ROUND(Q18*$R$11,2)),"") | AC18: =IF(COUNT($S18:$AB18)=0,"",SUM($S18:$AB18)) | AD18: =IFERROR(IF(AC18="","",ROUND(AC18/$AC$11*100,2)),"") | AE18: =IFERROR(IF(AD18="","",ROUND(AD18*$AE$11,2)),"") | AG18: =IFERROR(IF(AF18="","",ROUND(AF18/$AF$11*100,2)),"") | AH18: =IFERROR(IF(AG18="","",ROUND(AG18*$AH$11,2)),"") | AI18: =IFERROR(R18+AE18+AH18,"") | AJ18: =IFERROR(VLOOKUP(AI18,'Helper(IMPORTANT!)'!$CQ$1:$CR$41,2,TRUE),"")
A19: 7 | B19: ='INPUT DATA'!L17 -> 0 | P19: =IF(COUNT($F19:$O19)=0,"",SUM($F19:$O19)) | Q19: =IFERROR(IF(P19="","",ROUND(P19/$P$11*100,2)),"") | R19: =IFERROR(IF(Q19="","",ROUND(Q19*$R$11,2)),"") | AC19: =IF(COUNT($S19:$AB19)=0,"",SUM($S19:$AB19)) | AD19: =IFERROR(IF(AC19="","",ROUND(AC19/$AC$11*100,2)),"") | AE19: =IFERROR(IF(AD19="","",ROUND(AD19*$AE$11,2)),"") | AG19: =IFERROR(IF(AF19="","",ROUND(AF19/$AF$11*100,2)),"") | AH19: =IFERROR(IF(AG19="","",ROUND(AG19*$AH$11,2)),"") | AI19: =IFERROR(R19+AE19+AH19,"") | AJ19: =IFERROR(VLOOKUP(AI19,'Helper(IMPORTANT!)'!$CQ$1:$CR$41,2,TRUE),"")
A20: 8 | B20: ='INPUT DATA'!L18 -> 0 | P20: =IF(COUNT($F20:$O20)=0,"",SUM($F20:$O20)) | Q20: =IFERROR(IF(P20="","",ROUND(P20/$P$11*100,2)),"") | R20: =IFERROR(IF(Q20="","",ROUND(Q20*$R$11,2)),"") | AC20: =IF(COUNT($S20:$AB20)=0,"",SUM($S20:$AB20)) | AD20: =IFERROR(IF(AC20="","",ROUND(AC20/$AC$11*100,2)),"") | AE20: =IFERROR(IF(AD20="","",ROUND(AD20*$AE$11,2)),"") | AG20: =IFERROR(IF(AF20="","",ROUND(AF20/$AF$11*100,2)),"") | AH20: =IFERROR(IF(AG20="","",ROUND(AG20*$AH$11,2)),"") | AI20: =IFERROR(R20+AE20+AH20,"") | AJ20: =IFERROR(VLOOKUP(AI20,'Helper(IMPORTANT!)'!$CQ$1:$CR$41,2,TRUE),"")
A21: 9 | B21: ='INPUT DATA'!L19 -> 0 | P21: =IF(COUNT($F21:$O21)=0,"",SUM($F21:$O21)) | Q21: =IFERROR(IF(P21="","",ROUND(P21/$P$11*100,2)),"") | R21: =IFERROR(IF(Q21="","",ROUND(Q21*$R$11,2)),"") | AC21: =IF(COUNT($S21:$AB21)=0,"",SUM($S21:$AB21)) | AD21: =IFERROR(IF(AC21="","",ROUND(AC21/$AC$11*100,2)),"") | AE21: =IFERROR(IF(AD21="","",ROUND(AD21*$AE$11,2)),"") | AG21: =IFERROR(IF(AF21="","",ROUND(AF21/$AF$11*100,2)),"") | AH21: =IFERROR(IF(AG21="","",ROUND(AG21*$AH$11,2)),"") | AI21: =IFERROR(R21+AE21+AH21,"") | AJ21: =IFERROR(VLOOKUP(AI21,'Helper(IMPORTANT!)'!$CQ$1:$CR$41,2,TRUE),"")
A22: 10 | B22: ='INPUT DATA'!L20 -> 0 | P22: =IF(COUNT($F22:$O22)=0,"",SUM($F22:$O22)) | Q22: =IFERROR(IF(P22="","",ROUND(P22/$P$11*100,2)),"") | R22: =IFERROR(IF(Q22="","",ROUND(Q22*$R$11,2)),"") | AC22: =IF(COUNT($S22:$AB22)=0,"",SUM($S22:$AB22)) | AD22: =IFERROR(IF(AC22="","",ROUND(AC22/$AC$11*100,2)),"") | AE22: =IFERROR(IF(AD22="","",ROUND(AD22*$AE$11,2)),"") | AG22: =IFERROR(IF(AF22="","",ROUND(AF22/$AF$11*100,2)),"") | AH22: =IFERROR(IF(AG22="","",ROUND(AG22*$AH$11,2)),"") | AI22: =IFERROR(R22+AE22+AH22,"") | AJ22: =IFERROR(VLOOKUP(AI22,'Helper(IMPORTANT!)'!$CQ$1:$CR$41,2,TRUE),"")
A23: 11 | B23: ='INPUT DATA'!L21 -> 0 | P23: =IF(COUNT($F23:$O23)=0,"",SUM($F23:$O23)) | Q23: =IFERROR(IF(P23="","",ROUND(P23/$P$11*100,2)),"") | R23: =IFERROR(IF(Q23="","",ROUND(Q23*$R$11,2)),"") | AC23: =IF(COUNT($S23:$AB23)=0,"",SUM($S23:$AB23)) | AD23: =IFERROR(IF(AC23="","",ROUND(AC23/$AC$11*100,2)),"") | AE23: =IFERROR(IF(AD23="","",ROUND(AD23*$AE$11,2)),"") | AG23: =IFERROR(IF(AF23="","",ROUND(AF23/$AF$11*100,2)),"") | AH23: =IFERROR(IF(AG23="","",ROUND(AG23*$AH$11,2)),"") | AI23: =IFERROR(R23+AE23+AH23,"") | AJ23: =IFERROR(VLOOKUP(AI23,'Helper(IMPORTANT!)'!$CQ$1:$CR$41,2,TRUE),"")
A24: 12 | B24: ='INPUT DATA'!L22 -> 0 | P24: =IF(COUNT($F24:$O24)=0,"",SUM($F24:$O24)) | Q24: =IFERROR(IF(P24="","",ROUND(P24/$P$11*100,2)),"") | R24: =IFERROR(IF(Q24="","",ROUND(Q24*$R$11,2)),"") | AC24: =IF(COUNT($S24:$AB24)=0,"",SUM($S24:$AB24)) | AD24: =IFERROR(IF(AC24="","",ROUND(AC24/$AC$11*100,2)),"") | AE24: =IFERROR(IF(AD24="","",ROUND(AD24*$AE$11,2)),"") | AG24: =IFERROR(IF(AF24="","",ROUND(AF24/$AF$11*100,2)),"") | AH24: =IFERROR(IF(AG24="","",ROUND(AG24*$AH$11,2)),"") | AI24: =IFERROR(R24+AE24+AH24,"") | AJ24: =IFERROR(VLOOKUP(AI24,'Helper(IMPORTANT!)'!$CQ$1:$CR$41,2,TRUE),"")
... A62: 50 | B62: ='INPUT DATA'!L60 -> 0 | P62: =IF(COUNT($F62:$O62)=0,"",SUM($F62:$O62)) | Q62: =IFERROR(IF(P62="","",ROUND(P62/$P$11*100,2)),"") | R62: =IFERROR(IF(Q62="","",ROUND(Q62*$R$11,2)),"") | AC62: =IF(COUNT($S62:$AB62)=0,"",SUM($S62:$AB62)) | AD62: =IFERROR(IF(AC62="","",ROUND(AC62/$AC$11*100,2)),"") | AE62: =IFERROR(IF(AD62="","",ROUND(AD62*$AE$11,2)),"") | AG62: =IFERROR(IF(AF62="","",ROUND(AF62/$AF$11*100,2)),"") | AH62: =IFERROR(IF(AG62="","",ROUND(AG62*$AH$11,2)),"") | AI62: =IFERROR(R62+AE62+AH62,"") | AJ62: =IFERROR(VLOOKUP(AI62,'Helper(IMPORTANT!)'!$CQ$1:$CR$41,2,TRUE),"")
A63: FEMALE
A64: 1 | B64: ='INPUT DATA'!O11 -> 0 | P64: =IF(COUNT($F64:$O64)=0,"",SUM($F64:$O64)) | Q64: =IFERROR(IF(P64="","",ROUND(P64/$P$11*100,2)),"") | R64: =IFERROR(IF(Q64="","",ROUND(Q64*$R$11,2)),"") | AC64: =IF(COUNT($S64:$AB64)=0,"",SUM($S64:$AB64)) | AD64: =IFERROR(IF(AC64="","",ROUND(AC64/$AC$11*100,2)),"") | AE64: =IFERROR(IF(AD64="","",ROUND(AD64*$AE$11,2)),"") | AG64: =IFERROR(IF(AF64="","",ROUND(AF64/$AF$11*100,2)),"") | AH64: =IFERROR(IF(AG64="","",ROUND(AG64*$AH$11,2)),"") | AI64: =IFERROR(R64+AE64+AH64,"") | AJ64: =IFERROR(VLOOKUP(AI64,'Helper(IMPORTANT!)'!$CQ$1:$CR$41,2,TRUE),"")
A65: 2 | B65: ='INPUT DATA'!O12 -> 0 | P65: =IF(COUNT($F65:$O65)=0,"",SUM($F65:$O65)) | Q65: =IFERROR(IF(P65="","",ROUND(P65/$P$11*100,2)),"") | R65: =IFERROR(IF(Q65="","",ROUND(Q65*$R$11,2)),"") | AC65: =IF(COUNT($S65:$AB65)=0,"",SUM($S65:$AB65)) | AD65: =IFERROR(IF(AC65="","",ROUND(AC65/$AC$11*100,2)),"") | AE65: =IFERROR(IF(AD65="","",ROUND(AD65*$AE$11,2)),"") | AG65: =IFERROR(IF(AF65="","",ROUND(AF65/$AF$11*100,2)),"") | AH65: =IFERROR(IF(AG65="","",ROUND(AG65*$AH$11,2)),"") | AI65: =IFERROR(R65+AE65+AH65,"") | AJ65: =IFERROR(VLOOKUP(AI65,'Helper(IMPORTANT!)'!$CQ$1:$CR$41,2,TRUE),"")
A66: 3 | B66: ='INPUT DATA'!O13 -> 0 | P66: =IF(COUNT($F66:$O66)=0,"",SUM($F66:$O66)) | Q66: =IFERROR(IF(P66="","",ROUND(P66/$P$11*100,2)),"") | R66: =IFERROR(IF(Q66="","",ROUND(Q66*$R$11,2)),"") | AC66: =IF(COUNT($S66:$AB66)=0,"",SUM($S66:$AB66)) | AD66: =IFERROR(IF(AC66="","",ROUND(AC66/$AC$11*100,2)),"") | AE66: =IFERROR(IF(AD66="","",ROUND(AD66*$AE$11,2)),"") | AG66: =IFERROR(IF(AF66="","",ROUND(AF66/$AF$11*100,2)),"") | AH66: =IFERROR(IF(AG66="","",ROUND(AG66*$AH$11,2)),"") | AI66: =IFERROR(R66+AE66+AH66,"") | AJ66: =IFERROR(VLOOKUP(AI66,'Helper(IMPORTANT!)'!$CQ$1:$CR$41,2,TRUE),"")
A67: 4 | B67: ='INPUT DATA'!O14 -> 0 | P67: =IF(COUNT($F67:$O67)=0,"",SUM($F67:$O67)) | Q67: =IFERROR(IF(P67="","",ROUND(P67/$P$11*100,2)),"") | R67: =IFERROR(IF(Q67="","",ROUND(Q67*$R$11,2)),"") | AC67: =IF(COUNT($S67:$AB67)=0,"",SUM($S67:$AB67)) | AD67: =IFERROR(IF(AC67="","",ROUND(AC67/$AC$11*100,2)),"") | AE67: =IFERROR(IF(AD67="","",ROUND(AD67*$AE$11,2)),"") | AG67: =IFERROR(IF(AF67="","",ROUND(AF67/$AF$11*100,2)),"") | AH67: =IFERROR(IF(AG67="","",ROUND(AG67*$AH$11,2)),"") | AI67: =IFERROR(R67+AE67+AH67,"") | AJ67: =IFERROR(VLOOKUP(AI67,'Helper(IMPORTANT!)'!$CQ$1:$CR$41,2,TRUE),"")
A68: 5 | B68: ='INPUT DATA'!O15 -> 0 | P68: =IF(COUNT($F68:$O68)=0,"",SUM($F68:$O68)) | Q68: =IFERROR(IF(P68="","",ROUND(P68/$P$11*100,2)),"") | R68: =IFERROR(IF(Q68="","",ROUND(Q68*$R$11,2)),"") | AC68: =IF(COUNT($S68:$AB68)=0,"",SUM($S68:$AB68)) | AD68: =IFERROR(IF(AC68="","",ROUND(AC68/$AC$11*100,2)),"") | AE68: =IFERROR(IF(AD68="","",ROUND(AD68*$AE$11,2)),"") | AG68: =IFERROR(IF(AF68="","",ROUND(AF68/$AF$11*100,2)),"") | AH68: =IFERROR(IF(AG68="","",ROUND(AG68*$AH$11,2)),"") | AI68: =IFERROR(R68+AE68+AH68,"") | AJ68: =IFERROR(VLOOKUP(AI68,'Helper(IMPORTANT!)'!$CQ$1:$CR$41,2,TRUE),"")
A69: 6 | B69: ='INPUT DATA'!O16 -> 0 | P69: =IF(COUNT($F69:$O69)=0,"",SUM($F69:$O69)) | Q69: =IFERROR(IF(P69="","",ROUND(P69/$P$11*100,2)),"") | R69: =IFERROR(IF(Q69="","",ROUND(Q69*$R$11,2)),"") | AC69: =IF(COUNT($S69:$AB69)=0,"",SUM($S69:$AB69)) | AD69: =IFERROR(IF(AC69="","",ROUND(AC69/$AC$11*100,2)),"") | AE69: =IFERROR(IF(AD69="","",ROUND(AD69*$AE$11,2)),"") | AG69: =IFERROR(IF(AF69="","",ROUND(AF69/$AF$11*100,2)),"") | AH69: =IFERROR(IF(AG69="","",ROUND(AG69*$AH$11,2)),"") | AI69: =IFERROR(R69+AE69+AH69,"") | AJ69: =IFERROR(VLOOKUP(AI69,'Helper(IMPORTANT!)'!$CQ$1:$CR$41,2,TRUE),"")
A70: 7 | B70: ='INPUT DATA'!O17 -> 0 | P70: =IF(COUNT($F70:$O70)=0,"",SUM($F70:$O70)) | Q70: =IFERROR(IF(P70="","",ROUND(P70/$P$11*100,2)),"") | R70: =IFERROR(IF(Q70="","",ROUND(Q70*$R$11,2)),"") | AC70: =IF(COUNT($S70:$AB70)=0,"",SUM($S70:$AB70)) | AD70: =IFERROR(IF(AC70="","",ROUND(AC70/$AC$11*100,2)),"") | AE70: =IFERROR(IF(AD70="","",ROUND(AD70*$AE$11,2)),"") | AG70: =IFERROR(IF(AF70="","",ROUND(AF70/$AF$11*100,2)),"") | AH70: =IFERROR(IF(AG70="","",ROUND(AG70*$AH$11,2)),"") | AI70: =IFERROR(R70+AE70+AH70,"") | AJ70: =IFERROR(VLOOKUP(AI70,'Helper(IMPORTANT!)'!$CQ$1:$CR$41,2,TRUE),"")
A71: 8 | B71: ='INPUT DATA'!O18 -> 0 | P71: =IF(COUNT($F71:$O71)=0,"",SUM($F71:$O71)) | Q71: =IFERROR(IF(P71="","",ROUND(P71/$P$11*100,2)),"") | R71: =IFERROR(IF(Q71="","",ROUND(Q71*$R$11,2)),"") | AC71: =IF(COUNT($S71:$AB71)=0,"",SUM($S71:$AB71)) | AD71: =IFERROR(IF(AC71="","",ROUND(AC71/$AC$11*100,2)),"") | AE71: =IFERROR(IF(AD71="","",ROUND(AD71*$AE$11,2)),"") | AG71: =IFERROR(IF(AF71="","",ROUND(AF71/$AF$11*100,2)),"") | AH71: =IFERROR(IF(AG71="","",ROUND(AG71*$AH$11,2)),"") | AI71: =IFERROR(R71+AE71+AH71,"") | AJ71: =IFERROR(VLOOKUP(AI71,'Helper(IMPORTANT!)'!$CQ$1:$CR$41,2,TRUE),"")
A72: 9 | B72: ='INPUT DATA'!O19 -> 0 | P72: =IF(COUNT($F72:$O72)=0,"",SUM($F72:$O72)) | Q72: =IFERROR(IF(P72="","",ROUND(P72/$P$11*100,2)),"") | R72: =IFERROR(IF(Q72="","",ROUND(Q72*$R$11,2)),"") | AC72: =IF(COUNT($S72:$AB72)=0,"",SUM($S72:$AB72)) | AD72: =IFERROR(IF(AC72="","",ROUND(AC72/$AC$11*100,2)),"") | AE72: =IFERROR(IF(AD72="","",ROUND(AD72*$AE$11,2)),"") | AG72: =IFERROR(IF(AF72="","",ROUND(AF72/$AF$11*100,2)),"") | AH72: =IFERROR(IF(AG72="","",ROUND(AG72*$AH$11,2)),"") | AI72: =IFERROR(R72+AE72+AH72,"") | AJ72: =IFERROR(VLOOKUP(AI72,'Helper(IMPORTANT!)'!$CQ$1:$CR$41,2,TRUE),"")
A73: 10 | B73: ='INPUT DATA'!O20 -> 0 | P73: =IF(COUNT($F73:$O73)=0,"",SUM($F73:$O73)) | Q73: =IFERROR(IF(P73="","",ROUND(P73/$P$11*100,2)),"") | R73: =IFERROR(IF(Q73="","",ROUND(Q73*$R$11,2)),"") | AC73: =IF(COUNT($S73:$AB73)=0,"",SUM($S73:$AB73)) | AD73: =IFERROR(IF(AC73="","",ROUND(AC73/$AC$11*100,2)),"") | AE73: =IFERROR(IF(AD73="","",ROUND(AD73*$AE$11,2)),"") | AG73: =IFERROR(IF(AF73="","",ROUND(AF73/$AF$11*100,2)),"") | AH73: =IFERROR(IF(AG73="","",ROUND(AG73*$AH$11,2)),"") | AI73: =IFERROR(R73+AE73+AH73,"") | AJ73: =IFERROR(VLOOKUP(AI73,'Helper(IMPORTANT!)'!$CQ$1:$CR$41,2,TRUE),"")
A74: 11 | B74: ='INPUT DATA'!O21 -> 0 | P74: =IF(COUNT($F74:$O74)=0,"",SUM($F74:$O74)) | Q74: =IFERROR(IF(P74="","",ROUND(P74/$P$11*100,2)),"") | R74: =IFERROR(IF(Q74="","",ROUND(Q74*$R$11,2)),"") | AC74: =IF(COUNT($S74:$AB74)=0,"",SUM($S74:$AB74)) | AD74: =IFERROR(IF(AC74="","",ROUND(AC74/$AC$11*100,2)),"") | AE74: =IFERROR(IF(AD74="","",ROUND(AD74*$AE$11,2)),"") | AG74: =IFERROR(IF(AF74="","",ROUND(AF74/$AF$11*100,2)),"") | AH74: =IFERROR(IF(AG74="","",ROUND(AG74*$AH$11,2)),"") | AI74: =IFERROR(R74+AE74+AH74,"") | AJ74: =IFERROR(VLOOKUP(AI74,'Helper(IMPORTANT!)'!$CQ$1:$CR$41,2,TRUE),"")
A75: 12 | B75: ='INPUT DATA'!O22 -> 0 | P75: =IF(COUNT($F75:$O75)=0,"",SUM($F75:$O75)) | Q75: =IFERROR(IF(P75="","",ROUND(P75/$P$11*100,2)),"") | R75: =IFERROR(IF(Q75="","",ROUND(Q75*$R$11,2)),"") | AC75: =IF(COUNT($S75:$AB75)=0,"",SUM($S75:$AB75)) | AD75: =IFERROR(IF(AC75="","",ROUND(AC75/$AC$11*100,2)),"") | AE75: =IFERROR(IF(AD75="","",ROUND(AD75*$AE$11,2)),"") | AG75: =IFERROR(IF(AF75="","",ROUND(AF75/$AF$11*100,2)),"") | AH75: =IFERROR(IF(AG75="","",ROUND(AG75*$AH$11,2)),"") | AI75: =IFERROR(R75+AE75+AH75,"") | AJ75: =IFERROR(VLOOKUP(AI75,'Helper(IMPORTANT!)'!$CQ$1:$CR$41,2,TRUE),"")
... A113: 50 | B113: ='INPUT DATA'!O60 -> 0 | P113: =IF(COUNT($F113:$O113)=0,"",SUM($F113:$O113)) | Q113: =IFERROR(IF(P113="","",ROUND(P113/$P$11*100,2)),"") | R113: =IFERROR(IF(Q113="","",ROUND(Q113*$R$11,2)),"") | AC113: =IF(COUNT($S113:$AB113)=0,"",SUM($S113:$AB113)) | AD113: =IFERROR(IF(AC113="","",ROUND(AC113/$AC$11*100,2)),"") | AE113: =IFERROR(IF(AD113="","",ROUND(AD113*$AE$11,2)),"") | AG113: =IFERROR(IF(AF113="","",ROUND(AF113/$AF$11*100,2)),"") | AH113: =IFERROR(IF(AG113="","",ROUND(AG113*$AH$11,2)),"") | AI113: =IFERROR(R113+AE113+AH113,"") | AJ113: =IFERROR(VLOOKUP(AI113,'Helper(IMPORTANT!)'!$CQ$1:$CR$41,2,TRUE),"")

Sheet Q3
A1: Strengthened Senior High School Class Record
A3: (Pursuant to Deped Order 8 series of 2015)
F4: REGION | G4: ='INPUT DATA'!F10 -> 0 | L4: DIVISION | O4: ='INPUT DATA'!F11 -> 0
F5: SCHOOL NAME | G5: ='INPUT DATA'!F14 -> 0 | T5: SCHOOL ID | X5: ='INPUT DATA'!F13 -> 0 | AD5: SCHOOL YEAR | AG5: ='INPUT DATA'!F16 -> 0
A7: THIRD QUARTER | F7: GRADE & SECTION: | K7: ='INPUT DATA'!F24&" - "&'INPUT DATA'!F25 -> - | Q7: TEACHER: | S7: ='INPUT DATA'!F22 -> 0 | AC7: SUBJECT: | AE7: =IF('INPUT DATA'!F30<>"",'INPUT DATA'!F30,'INPUT DATA'!F28) -> 0
Q8: SEMESTER: | S8: - - | AC8: SUBJECT TYPE: | AE8: ='INPUT DATA'!F26 -> 0
A9: LEARNERS' NAMES | F9: =IF('INPUT DATA'!$F$26="","",INDEX('Helper(IMPORTANT!)'!$CI$2:$CI$6,MATCH(AE8,'Helper(IMPORTANT!)'!$CH$2:$CH$6,0))) | S9: =IF('INPUT DATA'!$F$26="","",INDEX('Helper(IMPORTANT!)'!$CJ$2:$CJ$6,MATCH(AE8,'Helper(IMPORTANT!)'!$CH$2:$CH$6,0))) | AF9: =IF('INPUT DATA'!$F$26="","",INDEX('Helper(IMPORTANT!)'!$CK$2:$CK$6,MATCH(AE8,'Helper(IMPORTANT!)'!$CH$2:$CH$6,0))) | AI9: Initial Grade | AJ9: Quarterly Grade
F10: 1 | G10: 2 | H10: 3 | I10: 4 | J10: 5 | K10: 6 | L10: 7 | M10: 8 | N10: 9 | O10: 10 | P10: Total | Q10: PS | R10: WS | S10: 1 | T10: 2 | U10: 3 | V10: 4 | W10: 5 | X10: 6 | Y10: 7 | Z10: 8 | AA10: 9 | AB10: 10 | AC10: Total | AD10: PS | AE10: WS | AF10: 1 | AG10: PS | AH10: WS
A11: HIGHEST POSSIBLE SCORE | P11: =IF(COUNT($F11:$O11)=0,"",SUM($F11:$O11)) | Q11: 100 | R11: =IF('INPUT DATA'!$F$26="","",INDEX('Helper(IMPORTANT!)'!$CL$2:$CL$6,MATCH(AE8,'Helper(IMPORTANT!)'!$CH$2:$CH$6,0))) | AC11: =IF(COUNT($S11:$AB11)=0,"",SUM($S11:$AB11)) | AD11: 100 | AE11: =IF('INPUT DATA'!$F$26="","",INDEX('Helper(IMPORTANT!)'!$CM$2:$CM$6,MATCH(AE8,'Helper(IMPORTANT!)'!$CH$2:$CH$6,0))) | AG11: 100 | AH11: =IF('INPUT DATA'!$F$26="","",INDEX('Helper(IMPORTANT!)'!$CN$2:$CN$6,MATCH(AE8,'Helper(IMPORTANT!)'!$CH$2:$CH$6,0)))
A12: MALE
A13: 1 | B13: ='INPUT DATA'!L11 -> 0 | P13: =IF(COUNT($F13:$O13)=0,"",SUM($F13:$O13)) | Q13: =IFERROR(IF(P13="","",ROUND(P13/$P$11*100,2)),"") | R13: =IFERROR(IF(Q13="","",ROUND(Q13*$R$11,2)),"") | AC13: =IF(COUNT($S13:$AB13)=0,"",SUM($S13:$AB13)) | AD13: =IFERROR(IF(AC13="","",ROUND(AC13/$AC$11*100,2)),"") | AE13: =IFERROR(IF(AD13="","",ROUND(AD13*$AE$11,2)),"") | AG13: =IFERROR(IF(AF13="","",ROUND(AF13/$AF$11*100,2)),"") | AH13: =IFERROR(IF(AG13="","",ROUND(AG13*$AH$11,2)),"") | AI13: =IFERROR(R13+AE13+AH13,"") | AJ13: =IFERROR(VLOOKUP(AI13,'Helper(IMPORTANT!)'!$CQ$1:$CR$41,2,TRUE),"")
A14: 2 | B14: ='INPUT DATA'!L12 -> 0 | P14: =IF(COUNT($F14:$O14)=0,"",SUM($F14:$O14)) | Q14: =IFERROR(IF(P14="","",ROUND(P14/$P$11*100,2)),"") | R14: =IFERROR(IF(Q14="","",ROUND(Q14*$R$11,2)),"") | AC14: =IF(COUNT($S14:$AB14)=0,"",SUM($S14:$AB14)) | AD14: =IFERROR(IF(AC14="","",ROUND(AC14/$AC$11*100,2)),"") | AE14: =IFERROR(IF(AD14="","",ROUND(AD14*$AE$11,2)),"") | AG14: =IFERROR(IF(AF14="","",ROUND(AF14/$AF$11*100,2)),"") | AH14: =IFERROR(IF(AG14="","",ROUND(AG14*$AH$11,2)),"") | AI14: =IFERROR(R14+AE14+AH14,"") | AJ14: =IFERROR(VLOOKUP(AI14,'Helper(IMPORTANT!)'!$CQ$1:$CR$41,2,TRUE),"")
A15: 3 | B15: ='INPUT DATA'!L13 -> 0 | P15: =IF(COUNT($F15:$O15)=0,"",SUM($F15:$O15)) | Q15: =IFERROR(IF(P15="","",ROUND(P15/$P$11*100,2)),"") | R15: =IFERROR(IF(Q15="","",ROUND(Q15*$R$11,2)),"") | AC15: =IF(COUNT($S15:$AB15)=0,"",SUM($S15:$AB15)) | AD15: =IFERROR(IF(AC15="","",ROUND(AC15/$AC$11*100,2)),"") | AE15: =IFERROR(IF(AD15="","",ROUND(AD15*$AE$11,2)),"") | AG15: =IFERROR(IF(AF15="","",ROUND(AF15/$AF$11*100,2)),"") | AH15: =IFERROR(IF(AG15="","",ROUND(AG15*$AH$11,2)),"") | AI15: =IFERROR(R15+AE15+AH15,"") | AJ15: =IFERROR(VLOOKUP(AI15,'Helper(IMPORTANT!)'!$CQ$1:$CR$41,2,TRUE),"")
A16: 4 | B16: ='INPUT DATA'!L14 -> 0 | P16: =IF(COUNT($F16:$O16)=0,"",SUM($F16:$O16)) | Q16: =IFERROR(IF(P16="","",ROUND(P16/$P$11*100,2)),"") | R16: =IFERROR(IF(Q16="","",ROUND(Q16*$R$11,2)),"") | AC16: =IF(COUNT($S16:$AB16)=0,"",SUM($S16:$AB16)) | AD16: =IFERROR(IF(AC16="","",ROUND(AC16/$AC$11*100,2)),"") | AE16: =IFERROR(IF(AD16="","",ROUND(AD16*$AE$11,2)),"") | AG16: =IFERROR(IF(AF16="","",ROUND(AF16/$AF$11*100,2)),"") | AH16: =IFERROR(IF(AG16="","",ROUND(AG16*$AH$11,2)),"") | AI16: =IFERROR(R16+AE16+AH16,"") | AJ16: =IFERROR(VLOOKUP(AI16,'Helper(IMPORTANT!)'!$CQ$1:$CR$41,2,TRUE),"")
A17: 5 | B17: ='INPUT DATA'!L15 -> 0 | P17: =IF(COUNT($F17:$O17)=0,"",SUM($F17:$O17)) | Q17: =IFERROR(IF(P17="","",ROUND(P17/$P$11*100,2)),"") | R17: =IFERROR(IF(Q17="","",ROUND(Q17*$R$11,2)),"") | AC17: =IF(COUNT($S17:$AB17)=0,"",SUM($S17:$AB17)) | AD17: =IFERROR(IF(AC17="","",ROUND(AC17/$AC$11*100,2)),"") | AE17: =IFERROR(IF(AD17="","",ROUND(AD17*$AE$11,2)),"") | AG17: =IFERROR(IF(AF17="","",ROUND(AF17/$AF$11*100,2)),"") | AH17: =IFERROR(IF(AG17="","",ROUND(AG17*$AH$11,2)),"") | AI17: =IFERROR(R17+AE17+AH17,"") | AJ17: =IFERROR(VLOOKUP(AI17,'Helper(IMPORTANT!)'!$CQ$1:$CR$41,2,TRUE),"")
A18: 6 | B18: ='INPUT DATA'!L16 -> 0 | P18: =IF(COUNT($F18:$O18)=0,"",SUM($F18:$O18)) | Q18: =IFERROR(IF(P18="","",ROUND(P18/$P$11*100,2)),"") | R18: =IFERROR(IF(Q18="","",ROUND(Q18*$R$11,2)),"") | AC18: =IF(COUNT($S18:$AB18)=0,"",SUM($S18:$AB18)) | AD18: =IFERROR(IF(AC18="","",ROUND(AC18/$AC$11*100,2)),"") | AE18: =IFERROR(IF(AD18="","",ROUND(AD18*$AE$11,2)),"") | AG18: =IFERROR(IF(AF18="","",ROUND(AF18/$AF$11*100,2)),"") | AH18: =IFERROR(IF(AG18="","",ROUND(AG18*$AH$11,2)),"") | AI18: =IFERROR(R18+AE18+AH18,"") | AJ18: =IFERROR(VLOOKUP(AI18,'Helper(IMPORTANT!)'!$CQ$1:$CR$41,2,TRUE),"")
A19: 7 | B19: ='INPUT DATA'!L17 -> 0 | P19: =IF(COUNT($F19:$O19)=0,"",SUM($F19:$O19)) | Q19: =IFERROR(IF(P19="","",ROUND(P19/$P$11*100,2)),"") | R19: =IFERROR(IF(Q19="","",ROUND(Q19*$R$11,2)),"") | AC19: =IF(COUNT($S19:$AB19)=0,"",SUM($S19:$AB19)) | AD19: =IFERROR(IF(AC19="","",ROUND(AC19/$AC$11*100,2)),"") | AE19: =IFERROR(IF(AD19="","",ROUND(AD19*$AE$11,2)),"") | AG19: =IFERROR(IF(AF19="","",ROUND(AF19/$AF$11*100,2)),"") | AH19: =IFERROR(IF(AG19="","",ROUND(AG19*$AH$11,2)),"") | AI19: =IFERROR(R19+AE19+AH19,"") | AJ19: =IFERROR(VLOOKUP(AI19,'Helper(IMPORTANT!)'!$CQ$1:$CR$41,2,TRUE),"")
A20: 8 | B20: ='INPUT DATA'!L18 -> 0 | P20: =IF(COUNT($F20:$O20)=0,"",SUM($F20:$O20)) | Q20: =IFERROR(IF(P20="","",ROUND(P20/$P$11*100,2)),"") | R20: =IFERROR(IF(Q20="","",ROUND(Q20*$R$11,2)),"") | AC20: =IF(COUNT($S20:$AB20)=0,"",SUM($S20:$AB20)) | AD20: =IFERROR(IF(AC20="","",ROUND(AC20/$AC$11*100,2)),"") | AE20: =IFERROR(IF(AD20="","",ROUND(AD20*$AE$11,2)),"") | AG20: =IFERROR(IF(AF20="","",ROUND(AF20/$AF$11*100,2)),"") | AH20: =IFERROR(IF(AG20="","",ROUND(AG20*$AH$11,2)),"") | AI20: =IFERROR(R20+AE20+AH20,"") | AJ20: =IFERROR(VLOOKUP(AI20,'Helper(IMPORTANT!)'!$CQ$1:$CR$41,2,TRUE),"")
A21: 9 | B21: ='INPUT DATA'!L19 -> 0 | P21: =IF(COUNT($F21:$O21)=0,"",SUM($F21:$O21)) | Q21: =IFERROR(IF(P21="","",ROUND(P21/$P$11*100,2)),"") | R21: =IFERROR(IF(Q21="","",ROUND(Q21*$R$11,2)),"") | AC21: =IF(COUNT($S21:$AB21)=0,"",SUM($S21:$AB21)) | AD21: =IFERROR(IF(AC21="","",ROUND(AC21/$AC$11*100,2)),"") | AE21: =IFERROR(IF(AD21="","",ROUND(AD21*$AE$11,2)),"") | AG21: =IFERROR(IF(AF21="","",ROUND(AF21/$AF$11*100,2)),"") | AH21: =IFERROR(IF(AG21="","",ROUND(AG21*$AH$11,2)),"") | AI21: =IFERROR(R21+AE21+AH21,"") | AJ21: =IFERROR(VLOOKUP(AI21,'Helper(IMPORTANT!)'!$CQ$1:$CR$41,2,TRUE),"")
A22: 10 | B22: ='INPUT DATA'!L20 -> 0 | P22: =IF(COUNT($F22:$O22)=0,"",SUM($F22:$O22)) | Q22: =IFERROR(IF(P22="","",ROUND(P22/$P$11*100,2)),"") | R22: =IFERROR(IF(Q22="","",ROUND(Q22*$R$11,2)),"") | AC22: =IF(COUNT($S22:$AB22)=0,"",SUM($S22:$AB22)) | AD22: =IFERROR(IF(AC22="","",ROUND(AC22/$AC$11*100,2)),"") | AE22: =IFERROR(IF(AD22="","",ROUND(AD22*$AE$11,2)),"") | AG22: =IFERROR(IF(AF22="","",ROUND(AF22/$AF$11*100,2)),"") | AH22: =IFERROR(IF(AG22="","",ROUND(AG22*$AH$11,2)),"") | AI22: =IFERROR(R22+AE22+AH22,"") | AJ22: =IFERROR(VLOOKUP(AI22,'Helper(IMPORTANT!)'!$CQ$1:$CR$41,2,TRUE),"")
A23: 11 | B23: ='INPUT DATA'!L21 -> 0 | P23: =IF(COUNT($F23:$O23)=0,"",SUM($F23:$O23)) | Q23: =IFERROR(IF(P23="","",ROUND(P23/$P$11*100,2)),"") | R23: =IFERROR(IF(Q23="","",ROUND(Q23*$R$11,2)),"") | AC23: =IF(COUNT($S23:$AB23)=0,"",SUM($S23:$AB23)) | AD23: =IFERROR(IF(AC23="","",ROUND(AC23/$AC$11*100,2)),"") | AE23: =IFERROR(IF(AD23="","",ROUND(AD23*$AE$11,2)),"") | AG23: =IFERROR(IF(AF23="","",ROUND(AF23/$AF$11*100,2)),"") | AH23: =IFERROR(IF(AG23="","",ROUND(AG23*$AH$11,2)),"") | AI23: =IFERROR(R23+AE23+AH23,"") | AJ23: =IFERROR(VLOOKUP(AI23,'Helper(IMPORTANT!)'!$CQ$1:$CR$41,2,TRUE),"")
A24: 12 | B24: ='INPUT DATA'!L22 -> 0 | P24: =IF(COUNT($F24:$O24)=0,"",SUM($F24:$O24)) | Q24: =IFERROR(IF(P24="","",ROUND(P24/$P$11*100,2)),"") | R24: =IFERROR(IF(Q24="","",ROUND(Q24*$R$11,2)),"") | AC24: =IF(COUNT($S24:$AB24)=0,"",SUM($S24:$AB24)) | AD24: =IFERROR(IF(AC24="","",ROUND(AC24/$AC$11*100,2)),"") | AE24: =IFERROR(IF(AD24="","",ROUND(AD24*$AE$11,2)),"") | AG24: =IFERROR(IF(AF24="","",ROUND(AF24/$AF$11*100,2)),"") | AH24: =IFERROR(IF(AG24="","",ROUND(AG24*$AH$11,2)),"") | AI24: =IFERROR(R24+AE24+AH24,"") | AJ24: =IFERROR(VLOOKUP(AI24,'Helper(IMPORTANT!)'!$CQ$1:$CR$41,2,TRUE),"")
... A62: 50 | B62: ='INPUT DATA'!L60 -> 0 | P62: =IF(COUNT($F62:$O62)=0,"",SUM($F62:$O62)) | Q62: =IFERROR(IF(P62="","",ROUND(P62/$P$11*100,2)),"") | R62: =IFERROR(IF(Q62="","",ROUND(Q62*$R$11,2)),"") | AC62: =IF(COUNT($S62:$AB62)=0,"",SUM($S62:$AB62)) | AD62: =IFERROR(IF(AC62="","",ROUND(AC62/$AC$11*100,2)),"") | AE62: =IFERROR(IF(AD62="","",ROUND(AD62*$AE$11,2)),"") | AG62: =IFERROR(IF(AF62="","",ROUND(AF62/$AF$11*100,2)),"") | AH62: =IFERROR(IF(AG62="","",ROUND(AG62*$AH$11,2)),"") | AI62: =IFERROR(R62+AE62+AH62,"") | AJ62: =IFERROR(VLOOKUP(AI62,'Helper(IMPORTANT!)'!$CQ$1:$CR$41,2,TRUE),"")
A63: FEMALE
A64: 1 | B64: ='INPUT DATA'!O11 -> 0 | P64: =IF(COUNT($F64:$O64)=0,"",SUM($F64:$O64)) | Q64: =IFERROR(IF(P64="","",ROUND(P64/$P$11*100,2)),"") | R64: =IFERROR(IF(Q64="","",ROUND(Q64*$R$11,2)),"") | AC64: =IF(COUNT($S64:$AB64)=0,"",SUM($S64:$AB64)) | AD64: =IFERROR(IF(AC64="","",ROUND(AC64/$AC$11*100,2)),"") | AE64: =IFERROR(IF(AD64="","",ROUND(AD64*$AE$11,2)),"") | AG64: =IFERROR(IF(AF64="","",ROUND(AF64/$AF$11*100,2)),"") | AH64: =IFERROR(IF(AG64="","",ROUND(AG64*$AH$11,2)),"") | AI64: =IFERROR(R64+AE64+AH64,"") | AJ64: =IFERROR(VLOOKUP(AI64,'Helper(IMPORTANT!)'!$CQ$1:$CR$41,2,TRUE),"")
A65: 2 | B65: ='INPUT DATA'!O12 -> 0 | P65: =IF(COUNT($F65:$O65)=0,"",SUM($F65:$O65)) | Q65: =IFERROR(IF(P65="","",ROUND(P65/$P$11*100,2)),"") | R65: =IFERROR(IF(Q65="","",ROUND(Q65*$R$11,2)),"") | AC65: =IF(COUNT($S65:$AB65)=0,"",SUM($S65:$AB65)) | AD65: =IFERROR(IF(AC65="","",ROUND(AC65/$AC$11*100,2)),"") | AE65: =IFERROR(IF(AD65="","",ROUND(AD65*$AE$11,2)),"") | AG65: =IFERROR(IF(AF65="","",ROUND(AF65/$AF$11*100,2)),"") | AH65: =IFERROR(IF(AG65="","",ROUND(AG65*$AH$11,2)),"") | AI65: =IFERROR(R65+AE65+AH65,"") | AJ65: =IFERROR(VLOOKUP(AI65,'Helper(IMPORTANT!)'!$CQ$1:$CR$41,2,TRUE),"")
A66: 3 | B66: ='INPUT DATA'!O13 -> 0 | P66: =IF(COUNT($F66:$O66)=0,"",SUM($F66:$O66)) | Q66: =IFERROR(IF(P66="","",ROUND(P66/$P$11*100,2)),"") | R66: =IFERROR(IF(Q66="","",ROUND(Q66*$R$11,2)),"") | AC66: =IF(COUNT($S66:$AB66)=0,"",SUM($S66:$AB66)) | AD66: =IFERROR(IF(AC66="","",ROUND(AC66/$AC$11*100,2)),"") | AE66: =IFERROR(IF(AD66="","",ROUND(AD66*$AE$11,2)),"") | AG66: =IFERROR(IF(AF66="","",ROUND(AF66/$AF$11*100,2)),"") | AH66: =IFERROR(IF(AG66="","",ROUND(AG66*$AH$11,2)),"") | AI66: =IFERROR(R66+AE66+AH66,"") | AJ66: =IFERROR(VLOOKUP(AI66,'Helper(IMPORTANT!)'!$CQ$1:$CR$41,2,TRUE),"")
A67: 4 | B67: ='INPUT DATA'!O14 -> 0 | P67: =IF(COUNT($F67:$O67)=0,"",SUM($F67:$O67)) | Q67: =IFERROR(IF(P67="","",ROUND(P67/$P$11*100,2)),"") | R67: =IFERROR(IF(Q67="","",ROUND(Q67*$R$11,2)),"") | AC67: =IF(COUNT($S67:$AB67)=0,"",SUM($S67:$AB67)) | AD67: =IFERROR(IF(AC67="","",ROUND(AC67/$AC$11*100,2)),"") | AE67: =IFERROR(IF(AD67="","",ROUND(AD67*$AE$11,2)),"") | AG67: =IFERROR(IF(AF67="","",ROUND(AF67/$AF$11*100,2)),"") | AH67: =IFERROR(IF(AG67="","",ROUND(AG67*$AH$11,2)),"") | AI67: =IFERROR(R67+AE67+AH67,"") | AJ67: =IFERROR(VLOOKUP(AI67,'Helper(IMPORTANT!)'!$CQ$1:$CR$41,2,TRUE),"")
A68: 5 | B68: ='INPUT DATA'!O15 -> 0 | P68: =IF(COUNT($F68:$O68)=0,"",SUM($F68:$O68)) | Q68: =IFERROR(IF(P68="","",ROUND(P68/$P$11*100,2)),"") | R68: =IFERROR(IF(Q68="","",ROUND(Q68*$R$11,2)),"") | AC68: =IF(COUNT($S68:$AB68)=0,"",SUM($S68:$AB68)) | AD68: =IFERROR(IF(AC68="","",ROUND(AC68/$AC$11*100,2)),"") | AE68: =IFERROR(IF(AD68="","",ROUND(AD68*$AE$11,2)),"") | AG68: =IFERROR(IF(AF68="","",ROUND(AF68/$AF$11*100,2)),"") | AH68: =IFERROR(IF(AG68="","",ROUND(AG68*$AH$11,2)),"") | AI68: =IFERROR(R68+AE68+AH68,"") | AJ68: =IFERROR(VLOOKUP(AI68,'Helper(IMPORTANT!)'!$CQ$1:$CR$41,2,TRUE),"")
A69: 6 | B69: ='INPUT DATA'!O16 -> 0 | P69: =IF(COUNT($F69:$O69)=0,"",SUM($F69:$O69)) | Q69: =IFERROR(IF(P69="","",ROUND(P69/$P$11*100,2)),"") | R69: =IFERROR(IF(Q69="","",ROUND(Q69*$R$11,2)),"") | AC69: =IF(COUNT($S69:$AB69)=0,"",SUM($S69:$AB69)) | AD69: =IFERROR(IF(AC69="","",ROUND(AC69/$AC$11*100,2)),"") | AE69: =IFERROR(IF(AD69="","",ROUND(AD69*$AE$11,2)),"") | AG69: =IFERROR(IF(AF69="","",ROUND(AF69/$AF$11*100,2)),"") | AH69: =IFERROR(IF(AG69="","",ROUND(AG69*$AH$11,2)),"") | AI69: =IFERROR(R69+AE69+AH69,"") | AJ69: =IFERROR(VLOOKUP(AI69,'Helper(IMPORTANT!)'!$CQ$1:$CR$41,2,TRUE),"")
A70: 7 | B70: ='INPUT DATA'!O17 -> 0 | P70: =IF(COUNT($F70:$O70)=0,"",SUM($F70:$O70)) | Q70: =IFERROR(IF(P70="","",ROUND(P70/$P$11*100,2)),"") | R70: =IFERROR(IF(Q70="","",ROUND(Q70*$R$11,2)),"") | AC70: =IF(COUNT($S70:$AB70)=0,"",SUM($S70:$AB70)) | AD70: =IFERROR(IF(AC70="","",ROUND(AC70/$AC$11*100,2)),"") | AE70: =IFERROR(IF(AD70="","",ROUND(AD70*$AE$11,2)),"") | AG70: =IFERROR(IF(AF70="","",ROUND(AF70/$AF$11*100,2)),"") | AH70: =IFERROR(IF(AG70="","",ROUND(AG70*$AH$11,2)),"") | AI70: =IFERROR(R70+AE70+AH70,"") | AJ70: =IFERROR(VLOOKUP(AI70,'Helper(IMPORTANT!)'!$CQ$1:$CR$41,2,TRUE),"")
A71: 8 | B71: ='INPUT DATA'!O18 -> 0 | P71: =IF(COUNT($F71:$O71)=0,"",SUM($F71:$O71)) | Q71: =IFERROR(IF(P71="","",ROUND(P71/$P$11*100,2)),"") | R71: =IFERROR(IF(Q71="","",ROUND(Q71*$R$11,2)),"") | AC71: =IF(COUNT($S71:$AB71)=0,"",SUM($S71:$AB71)) | AD71: =IFERROR(IF(AC71="","",ROUND(AC71/$AC$11*100,2)),"") | AE71: =IFERROR(IF(AD71="","",ROUND(AD71*$AE$11,2)),"") | AG71: =IFERROR(IF(AF71="","",ROUND(AF71/$AF$11*100,2)),"") | AH71: =IFERROR(IF(AG71="","",ROUND(AG71*$AH$11,2)),"") | AI71: =IFERROR(R71+AE71+AH71,"") | AJ71: =IFERROR(VLOOKUP(AI71,'Helper(IMPORTANT!)'!$CQ$1:$CR$41,2,TRUE),"")
A72: 9 | B72: ='INPUT DATA'!O19 -> 0 | P72: =IF(COUNT($F72:$O72)=0,"",SUM($F72:$O72)) | Q72: =IFERROR(IF(P72="","",ROUND(P72/$P$11*100,2)),"") | R72: =IFERROR(IF(Q72="","",ROUND(Q72*$R$11,2)),"") | AC72: =IF(COUNT($S72:$AB72)=0,"",SUM($S72:$AB72)) | AD72: =IFERROR(IF(AC72="","",ROUND(AC72/$AC$11*100,2)),"") | AE72: =IFERROR(IF(AD72="","",ROUND(AD72*$AE$11,2)),"") | AG72: =IFERROR(IF(AF72="","",ROUND(AF72/$AF$11*100,2)),"") | AH72: =IFERROR(IF(AG72="","",ROUND(AG72*$AH$11,2)),"") | AI72: =IFERROR(R72+AE72+AH72,"") | AJ72: =IFERROR(VLOOKUP(AI72,'Helper(IMPORTANT!)'!$CQ$1:$CR$41,2,TRUE),"")
A73: 10 | B73: ='INPUT DATA'!O20 -> 0 | P73: =IF(COUNT($F73:$O73)=0,"",SUM($F73:$O73)) | Q73: =IFERROR(IF(P73="","",ROUND(P73/$P$11*100,2)),"") | R73: =IFERROR(IF(Q73="","",ROUND(Q73*$R$11,2)),"") | AC73: =IF(COUNT($S73:$AB73)=0,"",SUM($S73:$AB73)) | AD73: =IFERROR(IF(AC73="","",ROUND(AC73/$AC$11*100,2)),"") | AE73: =IFERROR(IF(AD73="","",ROUND(AD73*$AE$11,2)),"") | AG73: =IFERROR(IF(AF73="","",ROUND(AF73/$AF$11*100,2)),"") | AH73: =IFERROR(IF(AG73="","",ROUND(AG73*$AH$11,2)),"") | AI73: =IFERROR(R73+AE73+AH73,"") | AJ73: =IFERROR(VLOOKUP(AI73,'Helper(IMPORTANT!)'!$CQ$1:$CR$41,2,TRUE),"")
A74: 11 | B74: ='INPUT DATA'!O21 -> 0 | P74: =IF(COUNT($F74:$O74)=0,"",SUM($F74:$O74)) | Q74: =IFERROR(IF(P74="","",ROUND(P74/$P$11*100,2)),"") | R74: =IFERROR(IF(Q74="","",ROUND(Q74*$R$11,2)),"") | AC74: =IF(COUNT($S74:$AB74)=0,"",SUM($S74:$AB74)) | AD74: =IFERROR(IF(AC74="","",ROUND(AC74/$AC$11*100,2)),"") | AE74: =IFERROR(IF(AD74="","",ROUND(AD74*$AE$11,2)),"") | AG74: =IFERROR(IF(AF74="","",ROUND(AF74/$AF$11*100,2)),"") | AH74: =IFERROR(IF(AG74="","",ROUND(AG74*$AH$11,2)),"") | AI74: =IFERROR(R74+AE74+AH74,"") | AJ74: =IFERROR(VLOOKUP(AI74,'Helper(IMPORTANT!)'!$CQ$1:$CR$41,2,TRUE),"")
A75: 12 | B75: ='INPUT DATA'!O22 -> 0 | P75: =IF(COUNT($F75:$O75)=0,"",SUM($F75:$O75)) | Q75: =IFERROR(IF(P75="","",ROUND(P75/$P$11*100,2)),"") | R75: =IFERROR(IF(Q75="","",ROUND(Q75*$R$11,2)),"") | AC75: =IF(COUNT($S75:$AB75)=0,"",SUM($S75:$AB75)) | AD75: =IFERROR(IF(AC75="","",ROUND(AC75/$AC$11*100,2)),"") | AE75: =IFERROR(IF(AD75="","",ROUND(AD75*$AE$11,2)),"") | AG75: =IFERROR(IF(AF75="","",ROUND(AF75/$AF$11*100,2)),"") | AH75: =IFERROR(IF(AG75="","",ROUND(AG75*$AH$11,2)),"") | AI75: =IFERROR(R75+AE75+AH75,"") | AJ75: =IFERROR(VLOOKUP(AI75,'Helper(IMPORTANT!)'!$CQ$1:$CR$41,2,TRUE),"")
... A113: 50 | B113: ='INPUT DATA'!O60 -> 0 | P113: =IF(COUNT($F113:$O113)=0,"",SUM($F113:$O113)) | Q113: =IFERROR(IF(P113="","",ROUND(P113/$P$11*100,2)),"") | R113: =IFERROR(IF(Q113="","",ROUND(Q113*$R$11,2)),"") | AC113: =IF(COUNT($S113:$AB113)=0,"",SUM($S113:$AB113)) | AD113: =IFERROR(IF(AC113="","",ROUND(AC113/$AC$11*100,2)),"") | AE113: =IFERROR(IF(AD113="","",ROUND(AD113*$AE$11,2)),"") | AG113: =IFERROR(IF(AF113="","",ROUND(AF113/$AF$11*100,2)),"") | AH113: =IFERROR(IF(AG113="","",ROUND(AG113*$AH$11,2)),"") | AI113: =IFERROR(R113+AE113+AH113,"") | AJ113: =IFERROR(VLOOKUP(AI113,'Helper(IMPORTANT!)'!$CQ$1:$CR$41,2,TRUE),"")

Sheet Q4
A1: Strengthened Senior High School Class Record
A3: (Pursuant to Deped Order 8 series of 2015)
F4: REGION | G4: ='INPUT DATA'!F10 -> 0 | L4: DIVISION | O4: ='INPUT DATA'!F11 -> 0
F5: SCHOOL NAME | G5: ='INPUT DATA'!F14 -> 0 | T5: SCHOOL ID | X5: ='INPUT DATA'!F13 -> 0 | AD5: SCHOOL YEAR | AG5: ='INPUT DATA'!F16 -> 0
A7: FOURTH QUARTER | F7: GRADE & SECTION: | K7: ='INPUT DATA'!F24&" - "&'INPUT DATA'!F25 -> - | Q7: TEACHER: | S7: ='INPUT DATA'!F22 -> 0 | AC7: SUBJECT: | AE7: =IF('INPUT DATA'!F30<>"",'INPUT DATA'!F30,'INPUT DATA'!F28) -> 0
Q8: SEMESTER: | S8: - - | AC8: SUBJECT TYPE: | AE8: ='INPUT DATA'!F26 -> 0
A9: LEARNERS' NAMES | F9: =IF('INPUT DATA'!$F$26="","",INDEX('Helper(IMPORTANT!)'!$CI$2:$CI$6,MATCH(AE8,'Helper(IMPORTANT!)'!$CH$2:$CH$6,0))) | S9: =IF('INPUT DATA'!$F$26="","",INDEX('Helper(IMPORTANT!)'!$CJ$2:$CJ$6,MATCH(AE8,'Helper(IMPORTANT!)'!$CH$2:$CH$6,0))) | AF9: =IF('INPUT DATA'!$F$26="","",INDEX('Helper(IMPORTANT!)'!$CK$2:$CK$6,MATCH(AE8,'Helper(IMPORTANT!)'!$CH$2:$CH$6,0))) | AI9: Initial Grade | AJ9: Quarterly Grade
F10: 1 | G10: 2 | H10: 3 | I10: 4 | J10: 5 | K10: 6 | L10: 7 | M10: 8 | N10: 9 | O10: 10 | P10: Total | Q10: PS | R10: WS | S10: 1 | T10: 2 | U10: 3 | V10: 4 | W10: 5 | X10: 6 | Y10: 7 | Z10: 8 | AA10: 9 | AB10: 10 | AC10: Total | AD10: PS | AE10: WS | AF10: 1 | AG10: PS | AH10: WS
A11: HIGHEST POSSIBLE SCORE | P11: =IF(COUNT($F11:$O11)=0,"",SUM($F11:$O11)) | Q11: 100 | R11: =IF('INPUT DATA'!$F$26="","",INDEX('Helper(IMPORTANT!)'!$CL$2:$CL$6,MATCH(AE8,'Helper(IMPORTANT!)'!$CH$2:$CH$6,0))) | AC11: =IF(COUNT($S11:$AB11)=0,"",SUM($S11:$AB11)) | AD11: 100 | AE11: =IF('INPUT DATA'!$F$26="","",INDEX('Helper(IMPORTANT!)'!$CM$2:$CM$6,MATCH(AE8,'Helper(IMPORTANT!)'!$CH$2:$CH$6,0))) | AG11: 100 | AH11: =IF('INPUT DATA'!$F$26="","",INDEX('Helper(IMPORTANT!)'!$CN$2:$CN$6,MATCH(AE8,'Helper(IMPORTANT!)'!$CH$2:$CH$6,0)))
A12: MALE
A13: 1 | B13: ='INPUT DATA'!L11 -> 0 | P13: =IF(COUNT($F13:$O13)=0,"",SUM($F13:$O13)) | Q13: =IFERROR(IF(P13="","",ROUND(P13/$P$11*100,2)),"") | R13: =IFERROR(IF(Q13="","",ROUND(Q13*$R$11,2)),"") | AC13: =IF(COUNT($S13:$AB13)=0,"",SUM($S13:$AB13)) | AD13: =IFERROR(IF(AC13="","",ROUND(AC13/$AC$11*100,2)),"") | AE13: =IFERROR(IF(AD13="","",ROUND(AD13*$AE$11,2)),"") | AG13: =IFERROR(IF(AF13="","",ROUND(AF13/$AF$11*100,2)),"") | AH13: =IFERROR(IF(AG13="","",ROUND(AG13*$AH$11,2)),"") | AI13: =IFERROR(R13+AE13+AH13,"") | AJ13: =IFERROR(VLOOKUP(AI13,'Helper(IMPORTANT!)'!$CQ$1:$CR$41,2,TRUE),"")
A14: 2 | B14: ='INPUT DATA'!L12 -> 0 | P14: =IF(COUNT($F14:$O14)=0,"",SUM($F14:$O14)) | Q14: =IFERROR(IF(P14="","",ROUND(P14/$P$11*100,2)),"") | R14: =IFERROR(IF(Q14="","",ROUND(Q14*$R$11,2)),"") | AC14: =IF(COUNT($S14:$AB14)=0,"",SUM($S14:$AB14)) | AD14: =IFERROR(IF(AC14="","",ROUND(AC14/$AC$11*100,2)),"") | AE14: =IFERROR(IF(AD14="","",ROUND(AD14*$AE$11,2)),"") | AG14: =IFERROR(IF(AF14="","",ROUND(AF14/$AF$11*100,2)),"") | AH14: =IFERROR(IF(AG14="","",ROUND(AG14*$AH$11,2)),"") | AI14: =IFERROR(R14+AE14+AH14,"") | AJ14: =IFERROR(VLOOKUP(AI14,'Helper(IMPORTANT!)'!$CQ$1:$CR$41,2,TRUE),"")
A15: 3 | B15: ='INPUT DATA'!L13 -> 0 | P15: =IF(COUNT($F15:$O15)=0,"",SUM($F15:$O15)) | Q15: =IFERROR(IF(P15="","",ROUND(P15/$P$11*100,2)),"") | R15: =IFERROR(IF(Q15="","",ROUND(Q15*$R$11,2)),"") | AC15: =IF(COUNT($S15:$AB15)=0,"",SUM($S15:$AB15)) | AD15: =IFERROR(IF(AC15="","",ROUND(AC15/$AC$11*100,2)),"") | AE15: =IFERROR(IF(AD15="","",ROUND(AD15*$AE$11,2)),"") | AG15: =IFERROR(IF(AF15="","",ROUND(AF15/$AF$11*100,2)),"") | AH15: =IFERROR(IF(AG15="","",ROUND(AG15*$AH$11,2)),"") | AI15: =IFERROR(R15+AE15+AH15,"") | AJ15: =IFERROR(VLOOKUP(AI15,'Helper(IMPORTANT!)'!$CQ$1:$CR$41,2,TRUE),"")
A16: 4 | B16: ='INPUT DATA'!L14 -> 0 | P16: =IF(COUNT($F16:$O16)=0,"",SUM($F16:$O16)) | Q16: =IFERROR(IF(P16="","",ROUND(P16/$P$11*100,2)),"") | R16: =IFERROR(IF(Q16="","",ROUND(Q16*$R$11,2)),"") | AC16: =IF(COUNT($S16:$AB16)=0,"",SUM($S16:$AB16)) | AD16: =IFERROR(IF(AC16="","",ROUND(AC16/$AC$11*100,2)),"") | AE16: =IFERROR(IF(AD16="","",ROUND(AD16*$AE$11,2)),"") | AG16: =IFERROR(IF(AF16="","",ROUND(AF16/$AF$11*100,2)),"") | AH16: =IFERROR(IF(AG16="","",ROUND(AG16*$AH$11,2)),"") | AI16: =IFERROR(R16+AE16+AH16,"") | AJ16: =IFERROR(VLOOKUP(AI16,'Helper(IMPORTANT!)'!$CQ$1:$CR$41,2,TRUE),"")
A17: 5 | B17: ='INPUT DATA'!L15 -> 0 | P17: =IF(COUNT($F17:$O17)=0,"",SUM($F17:$O17)) | Q17: =IFERROR(IF(P17="","",ROUND(P17/$P$11*100,2)),"") | R17: =IFERROR(IF(Q17="","",ROUND(Q17*$R$11,2)),"") | AC17: =IF(COUNT($S17:$AB17)=0,"",SUM($S17:$AB17)) | AD17: =IFERROR(IF(AC17="","",ROUND(AC17/$AC$11*100,2)),"") | AE17: =IFERROR(IF(AD17="","",ROUND(AD17*$AE$11,2)),"") | AG17: =IFERROR(IF(AF17="","",ROUND(AF17/$AF$11*100,2)),"") | AH17: =IFERROR(IF(AG17="","",ROUND(AG17*$AH$11,2)),"") | AI17: =IFERROR(R17+AE17+AH17,"") | AJ17: =IFERROR(VLOOKUP(AI17,'Helper(IMPORTANT!)'!$CQ$1:$CR$41,2,TRUE),"")
A18: 6 | B18: ='INPUT DATA'!L16 -> 0 | P18: =IF(COUNT($F18:$O18)=0,"",SUM($F18:$O18)) | Q18: =IFERROR(IF(P18="","",ROUND(P18/$P$11*100,2)),"") | R18: =IFERROR(IF(Q18="","",ROUND(Q18*$R$11,2)),"") | AC18: =IF(COUNT($S18:$AB18)=0,"",SUM($S18:$AB18)) | AD18: =IFERROR(IF(AC18="","",ROUND(AC18/$AC$11*100,2)),"") | AE18: =IFERROR(IF(AD18="","",ROUND(AD18*$AE$11,2)),"") | AG18: =IFERROR(IF(AF18="","",ROUND(AF18/$AF$11*100,2)),"") | AH18: =IFERROR(IF(AG18="","",ROUND(AG18*$AH$11,2)),"") | AI18: =IFERROR(R18+AE18+AH18,"") | AJ18: =IFERROR(VLOOKUP(AI18,'Helper(IMPORTANT!)'!$CQ$1:$CR$41,2,TRUE),"")
A19: 7 | B19: ='INPUT DATA'!L17 -> 0 | P19: =IF(COUNT($F19:$O19)=0,"",SUM($F19:$O19)) | Q19: =IFERROR(IF(P19="","",ROUND(P19/$P$11*100,2)),"") | R19: =IFERROR(IF(Q19="","",ROUND(Q19*$R$11,2)),"") | AC19: =IF(COUNT($S19:$AB19)=0,"",SUM($S19:$AB19)) | AD19: =IFERROR(IF(AC19="","",ROUND(AC19/$AC$11*100,2)),"") | AE19: =IFERROR(IF(AD19="","",ROUND(AD19*$AE$11,2)),"") | AG19: =IFERROR(IF(AF19="","",ROUND(AF19/$AF$11*100,2)),"") | AH19: =IFERROR(IF(AG19="","",ROUND(AG19*$AH$11,2)),"") | AI19: =IFERROR(R19+AE19+AH19,"") | AJ19: =IFERROR(VLOOKUP(AI19,'Helper(IMPORTANT!)'!$CQ$1:$CR$41,2,TRUE),"")
A20: 8 | B20: ='INPUT DATA'!L18 -> 0 | P20: =IF(COUNT($F20:$O20)=0,"",SUM($F20:$O20)) | Q20: =IFERROR(IF(P20="","",ROUND(P20/$P$11*100,2)),"") | R20: =IFERROR(IF(Q20="","",ROUND(Q20*$R$11,2)),"") | AC20: =IF(COUNT($S20:$AB20)=0,"",SUM($S20:$AB20)) | AD20: =IFERROR(IF(AC20="","",ROUND(AC20/$AC$11*100,2)),"") | AE20: =IFERROR(IF(AD20="","",ROUND(AD20*$AE$11,2)),"") | AG20: =IFERROR(IF(AF20="","",ROUND(AF20/$AF$11*100,2)),"") | AH20: =IFERROR(IF(AG20="","",ROUND(AG20*$AH$11,2)),"") | AI20: =IFERROR(R20+AE20+AH20,"") | AJ20: =IFERROR(VLOOKUP(AI20,'Helper(IMPORTANT!)'!$CQ$1:$CR$41,2,TRUE),"")
A21: 9 | B21: ='INPUT DATA'!L19 -> 0 | P21: =IF(COUNT($F21:$O21)=0,"",SUM($F21:$O21)) | Q21: =IFERROR(IF(P21="","",ROUND(P21/$P$11*100,2)),"") | R21: =IFERROR(IF(Q21="","",ROUND(Q21*$R$11,2)),"") | AC21: =IF(COUNT($S21:$AB21)=0,"",SUM($S21:$AB21)) | AD21: =IFERROR(IF(AC21="","",ROUND(AC21/$AC$11*100,2)),"") | AE21: =IFERROR(IF(AD21="","",ROUND(AD21*$AE$11,2)),"") | AG21: =IFERROR(IF(AF21="","",ROUND(AF21/$AF$11*100,2)),"") | AH21: =IFERROR(IF(AG21="","",ROUND(AG21*$AH$11,2)),"") | AI21: =IFERROR(R21+AE21+AH21,"") | AJ21: =IFERROR(VLOOKUP(AI21,'Helper(IMPORTANT!)'!$CQ$1:$CR$41,2,TRUE),"")
A22: 10 | B22: ='INPUT DATA'!L20 -> 0 | P22: =IF(COUNT($F22:$O22)=0,"",SUM($F22:$O22)) | Q22: =IFERROR(IF(P22="","",ROUND(P22/$P$11*100,2)),"") | R22: =IFERROR(IF(Q22="","",ROUND(Q22*$R$11,2)),"") | AC22: =IF(COUNT($S22:$AB22)=0,"",SUM($S22:$AB22)) | AD22: =IFERROR(IF(AC22="","",ROUND(AC22/$AC$11*100,2)),"") | AE22: =IFERROR(IF(AD22="","",ROUND(AD22*$AE$11,2)),"") | AG22: =IFERROR(IF(AF22="","",ROUND(AF22/$AF$11*100,2)),"") | AH22: =IFERROR(IF(AG22="","",ROUND(AG22*$AH$11,2)),"") | AI22: =IFERROR(R22+AE22+AH22,"") | AJ22: =IFERROR(VLOOKUP(AI22,'Helper(IMPORTANT!)'!$CQ$1:$CR$41,2,TRUE),"")
A23: 11 | B23: ='INPUT DATA'!L21 -> 0 | P23: =IF(COUNT($F23:$O23)=0,"",SUM($F23:$O23)) | Q23: =IFERROR(IF(P23="","",ROUND(P23/$P$11*100,2)),"") | R23: =IFERROR(IF(Q23="","",ROUND(Q23*$R$11,2)),"") | AC23: =IF(COUNT($S23:$AB23)=0,"",SUM($S23:$AB23)) | AD23: =IFERROR(IF(AC23="","",ROUND(AC23/$AC$11*100,2)),"") | AE23: =IFERROR(IF(AD23="","",ROUND(AD23*$AE$11,2)),"") | AG23: =IFERROR(IF(AF23="","",ROUND(AF23/$AF$11*100,2)),"") | AH23: =IFERROR(IF(AG23="","",ROUND(AG23*$AH$11,2)),"") | AI23: =IFERROR(R23+AE23+AH23,"") | AJ23: =IFERROR(VLOOKUP(AI23,'Helper(IMPORTANT!)'!$CQ$1:$CR$41,2,TRUE),"")
A24: 12 | B24: ='INPUT DATA'!L22 -> 0 | P24: =IF(COUNT($F24:$O24)=0,"",SUM($F24:$O24)) | Q24: =IFERROR(IF(P24="","",ROUND(P24/$P$11*100,2)),"") | R24: =IFERROR(IF(Q24="","",ROUND(Q24*$R$11,2)),"") | AC24: =IF(COUNT($S24:$AB24)=0,"",SUM($S24:$AB24)) | AD24: =IFERROR(IF(AC24="","",ROUND(AC24/$AC$11*100,2)),"") | AE24: =IFERROR(IF(AD24="","",ROUND(AD24*$AE$11,2)),"") | AG24: =IFERROR(IF(AF24="","",ROUND(AF24/$AF$11*100,2)),"") | AH24: =IFERROR(IF(AG24="","",ROUND(AG24*$AH$11,2)),"") | AI24: =IFERROR(R24+AE24+AH24,"") | AJ24: =IFERROR(VLOOKUP(AI24,'Helper(IMPORTANT!)'!$CQ$1:$CR$41,2,TRUE),"")
... A62: 50 | B62: ='INPUT DATA'!L60 -> 0 | P62: =IF(COUNT($F62:$O62)=0,"",SUM($F62:$O62)) | Q62: =IFERROR(IF(P62="","",ROUND(P62/$P$11*100,2)),"") | R62: =IFERROR(IF(Q62="","",ROUND(Q62*$R$11,2)),"") | AC62: =IF(COUNT($S62:$AB62)=0,"",SUM($S62:$AB62)) | AD62: =IFERROR(IF(AC62="","",ROUND(AC62/$AC$11*100,2)),"") | AE62: =IFERROR(IF(AD62="","",ROUND(AD62*$AE$11,2)),"") | AG62: =IFERROR(IF(AF62="","",ROUND(AF62/$AF$11*100,2)),"") | AH62: =IFERROR(IF(AG62="","",ROUND(AG62*$AH$11,2)),"") | AI62: =IFERROR(R62+AE62+AH62,"") | AJ62: =IFERROR(VLOOKUP(AI62,'Helper(IMPORTANT!)'!$CQ$1:$CR$41,2,TRUE),"")
A63: FEMALE
A64: 1 | B64: ='INPUT DATA'!O11 -> 0 | P64: =IF(COUNT($F64:$O64)=0,"",SUM($F64:$O64)) | Q64: =IFERROR(IF(P64="","",ROUND(P64/$P$11*100,2)),"") | R64: =IFERROR(IF(Q64="","",ROUND(Q64*$R$11,2)),"") | AC64: =IF(COUNT($S64:$AB64)=0,"",SUM($S64:$AB64)) | AD64: =IFERROR(IF(AC64="","",ROUND(AC64/$AC$11*100,2)),"") | AE64: =IFERROR(IF(AD64="","",ROUND(AD64*$AE$11,2)),"") | AG64: =IFERROR(IF(AF64="","",ROUND(AF64/$AF$11*100,2)),"") | AH64: =IFERROR(IF(AG64="","",ROUND(AG64*$AH$11,2)),"") | AI64: =IFERROR(R64+AE64+AH64,"") | AJ64: =IFERROR(VLOOKUP(AI64,'Helper(IMPORTANT!)'!$CQ$1:$CR$41,2,TRUE),"")
A65: 2 | B65: ='INPUT DATA'!O12 -> 0 | P65: =IF(COUNT($F65:$O65)=0,"",SUM($F65:$O65)) | Q65: =IFERROR(IF(P65="","",ROUND(P65/$P$11*100,2)),"") | R65: =IFERROR(IF(Q65="","",ROUND(Q65*$R$11,2)),"") | AC65: =IF(COUNT($S65:$AB65)=0,"",SUM($S65:$AB65)) | AD65: =IFERROR(IF(AC65="","",ROUND(AC65/$AC$11*100,2)),"") | AE65: =IFERROR(IF(AD65="","",ROUND(AD65*$AE$11,2)),"") | AG65: =IFERROR(IF(AF65="","",ROUND(AF65/$AF$11*100,2)),"") | AH65: =IFERROR(IF(AG65="","",ROUND(AG65*$AH$11,2)),"") | AI65: =IFERROR(R65+AE65+AH65,"") | AJ65: =IFERROR(VLOOKUP(AI65,'Helper(IMPORTANT!)'!$CQ$1:$CR$41,2,TRUE),"")
A66: 3 | B66: ='INPUT DATA'!O13 -> 0 | P66: =IF(COUNT($F66:$O66)=0,"",SUM($F66:$O66)) | Q66: =IFERROR(IF(P66="","",ROUND(P66/$P$11*100,2)),"") | R66: =IFERROR(IF(Q66="","",ROUND(Q66*$R$11,2)),"") | AC66: =IF(COUNT($S66:$AB66)=0,"",SUM($S66:$AB66)) | AD66: =IFERROR(IF(AC66="","",ROUND(AC66/$AC$11*100,2)),"") | AE66: =IFERROR(IF(AD66="","",ROUND(AD66*$AE$11,2)),"") | AG66: =IFERROR(IF(AF66="","",ROUND(AF66/$AF$11*100,2)),"") | AH66: =IFERROR(IF(AG66="","",ROUND(AG66*$AH$11,2)),"") | AI66: =IFERROR(R66+AE66+AH66,"") | AJ66: =IFERROR(VLOOKUP(AI66,'Helper(IMPORTANT!)'!$CQ$1:$CR$41,2,TRUE),"")
A67: 4 | B67: ='INPUT DATA'!O14 -> 0 | P67: =IF(COUNT($F67:$O67)=0,"",SUM($F67:$O67)) | Q67: =IFERROR(IF(P67="","",ROUND(P67/$P$11*100,2)),"") | R67: =IFERROR(IF(Q67="","",ROUND(Q67*$R$11,2)),"") | AC67: =IF(COUNT($S67:$AB67)=0,"",SUM($S67:$AB67)) | AD67: =IFERROR(IF(AC67="","",ROUND(AC67/$AC$11*100,2)),"") | AE67: =IFERROR(IF(AD67="","",ROUND(AD67*$AE$11,2)),"") | AG67: =IFERROR(IF(AF67="","",ROUND(AF67/$AF$11*100,2)),"") | AH67: =IFERROR(IF(AG67="","",ROUND(AG67*$AH$11,2)),"") | AI67: =IFERROR(R67+AE67+AH67,"") | AJ67: =IFERROR(VLOOKUP(AI67,'Helper(IMPORTANT!)'!$CQ$1:$CR$41,2,TRUE),"")
A68: 5 | B68: ='INPUT DATA'!O15 -> 0 | P68: =IF(COUNT($F68:$O68)=0,"",SUM($F68:$O68)) | Q68: =IFERROR(IF(P68="","",ROUND(P68/$P$11*100,2)),"") | R68: =IFERROR(IF(Q68="","",ROUND(Q68*$R$11,2)),"") | AC68: =IF(COUNT($S68:$AB68)=0,"",SUM($S68:$AB68)) | AD68: =IFERROR(IF(AC68="","",ROUND(AC68/$AC$11*100,2)),"") | AE68: =IFERROR(IF(AD68="","",ROUND(AD68*$AE$11,2)),"") | AG68: =IFERROR(IF(AF68="","",ROUND(AF68/$AF$11*100,2)),"") | AH68: =IFERROR(IF(AG68="","",ROUND(AG68*$AH$11,2)),"") | AI68: =IFERROR(R68+AE68+AH68,"") | AJ68: =IFERROR(VLOOKUP(AI68,'Helper(IMPORTANT!)'!$CQ$1:$CR$41,2,TRUE),"")
A69: 6 | B69: ='INPUT DATA'!O16 -> 0 | P69: =IF(COUNT($F69:$O69)=0,"",SUM($F69:$O69)) | Q69: =IFERROR(IF(P69="","",ROUND(P69/$P$11*100,2)),"") | R69: =IFERROR(IF(Q69="","",ROUND(Q69*$R$11,2)),"") | AC69: =IF(COUNT($S69:$AB69)=0,"",SUM($S69:$AB69)) | AD69: =IFERROR(IF(AC69="","",ROUND(AC69/$AC$11*100,2)),"") | AE69: =IFERROR(IF(AD69="","",ROUND(AD69*$AE$11,2)),"") | AG69: =IFERROR(IF(AF69="","",ROUND(AF69/$AF$11*100,2)),"") | AH69: =IFERROR(IF(AG69="","",ROUND(AG69*$AH$11,2)),"") | AI69: =IFERROR(R69+AE69+AH69,"") | AJ69: =IFERROR(VLOOKUP(AI69,'Helper(IMPORTANT!)'!$CQ$1:$CR$41,2,TRUE),"")
A70: 7 | B70: ='INPUT DATA'!O17 -> 0 | P70: =IF(COUNT($F70:$O70)=0,"",SUM($F70:$O70)) | Q70: =IFERROR(IF(P70="","",ROUND(P70/$P$11*100,2)),"") | R70: =IFERROR(IF(Q70="","",ROUND(Q70*$R$11,2)),"") | AC70: =IF(COUNT($S70:$AB70)=0,"",SUM($S70:$AB70)) | AD70: =IFERROR(IF(AC70="","",ROUND(AC70/$AC$11*100,2)),"") | AE70: =IFERROR(IF(AD70="","",ROUND(AD70*$AE$11,2)),"") | AG70: =IFERROR(IF(AF70="","",ROUND(AF70/$AF$11*100,2)),"") | AH70: =IFERROR(IF(AG70="","",ROUND(AG70*$AH$11,2)),"") | AI70: =IFERROR(R70+AE70+AH70,"") | AJ70: =IFERROR(VLOOKUP(AI70,'Helper(IMPORTANT!)'!$CQ$1:$CR$41,2,TRUE),"")
A71: 8 | B71: ='INPUT DATA'!O18 -> 0 | P71: =IF(COUNT($F71:$O71)=0,"",SUM($F71:$O71)) | Q71: =IFERROR(IF(P71="","",ROUND(P71/$P$11*100,2)),"") | R71: =IFERROR(IF(Q71="","",ROUND(Q71*$R$11,2)),"") | AC71: =IF(COUNT($S71:$AB71)=0,"",SUM($S71:$AB71)) | AD71: =IFERROR(IF(AC71="","",ROUND(AC71/$AC$11*100,2)),"") | AE71: =IFERROR(IF(AD71="","",ROUND(AD71*$AE$11,2)),"") | AG71: =IFERROR(IF(AF71="","",ROUND(AF71/$AF$11*100,2)),"") | AH71: =IFERROR(IF(AG71="","",ROUND(AG71*$AH$11,2)),"") | AI71: =IFERROR(R71+AE71+AH71,"") | AJ71: =IFERROR(VLOOKUP(AI71,'Helper(IMPORTANT!)'!$CQ$1:$CR$41,2,TRUE),"")
A72: 9 | B72: ='INPUT DATA'!O19 -> 0 | P72: =IF(COUNT($F72:$O72)=0,"",SUM($F72:$O72)) | Q72: =IFERROR(IF(P72="","",ROUND(P72/$P$11*100,2)),"") | R72: =IFERROR(IF(Q72="","",ROUND(Q72*$R$11,2)),"") | AC72: =IF(COUNT($S72:$AB72)=0,"",SUM($S72:$AB72)) | AD72: =IFERROR(IF(AC72="","",ROUND(AC72/$AC$11*100,2)),"") | AE72: =IFERROR(IF(AD72="","",ROUND(AD72*$AE$11,2)),"") | AG72: =IFERROR(IF(AF72="","",ROUND(AF72/$AF$11*100,2)),"") | AH72: =IFERROR(IF(AG72="","",ROUND(AG72*$AH$11,2)),"") | AI72: =IFERROR(R72+AE72+AH72,"") | AJ72: =IFERROR(VLOOKUP(AI72,'Helper(IMPORTANT!)'!$CQ$1:$CR$41,2,TRUE),"")
A73: 10 | B73: ='INPUT DATA'!O20 -> 0 | P73: =IF(COUNT($F73:$O73)=0,"",SUM($F73:$O73)) | Q73: =IFERROR(IF(P73="","",ROUND(P73/$P$11*100,2)),"") | R73: =IFERROR(IF(Q73="","",ROUND(Q73*$R$11,2)),"") | AC73: =IF(COUNT($S73:$AB73)=0,"",SUM($S73:$AB73)) | AD73: =IFERROR(IF(AC73="","",ROUND(AC73/$AC$11*100,2)),"") | AE73: =IFERROR(IF(AD73="","",ROUND(AD73*$AE$11,2)),"") | AG73: =IFERROR(IF(AF73="","",ROUND(AF73/$AF$11*100,2)),"") | AH73: =IFERROR(IF(AG73="","",ROUND(AG73*$AH$11,2)),"") | AI73: =IFERROR(R73+AE73+AH73,"") | AJ73: =IFERROR(VLOOKUP(AI73,'Helper(IMPORTANT!)'!$CQ$1:$CR$41,2,TRUE),"")
A74: 11 | B74: ='INPUT DATA'!O21 -> 0 | P74: =IF(COUNT($F74:$O74)=0,"",SUM($F74:$O74)) | Q74: =IFERROR(IF(P74="","",ROUND(P74/$P$11*100,2)),"") | R74: =IFERROR(IF(Q74="","",ROUND(Q74*$R$11,2)),"") | AC74: =IF(COUNT($S74:$AB74)=0,"",SUM($S74:$AB74)) | AD74: =IFERROR(IF(AC74="","",ROUND(AC74/$AC$11*100,2)),"") | AE74: =IFERROR(IF(AD74="","",ROUND(AD74*$AE$11,2)),"") | AG74: =IFERROR(IF(AF74="","",ROUND(AF74/$AF$11*100,2)),"") | AH74: =IFERROR(IF(AG74="","",ROUND(AG74*$AH$11,2)),"") | AI74: =IFERROR(R74+AE74+AH74,"") | AJ74: =IFERROR(VLOOKUP(AI74,'Helper(IMPORTANT!)'!$CQ$1:$CR$41,2,TRUE),"")
A75: 12 | B75: ='INPUT DATA'!O22 -> 0 | P75: =IF(COUNT($F75:$O75)=0,"",SUM($F75:$O75)) | Q75: =IFERROR(IF(P75="","",ROUND(P75/$P$11*100,2)),"") | R75: =IFERROR(IF(Q75="","",ROUND(Q75*$R$11,2)),"") | AC75: =IF(COUNT($S75:$AB75)=0,"",SUM($S75:$AB75)) | AD75: =IFERROR(IF(AC75="","",ROUND(AC75/$AC$11*100,2)),"") | AE75: =IFERROR(IF(AD75="","",ROUND(AD75*$AE$11,2)),"") | AG75: =IFERROR(IF(AF75="","",ROUND(AF75/$AF$11*100,2)),"") | AH75: =IFERROR(IF(AG75="","",ROUND(AG75*$AH$11,2)),"") | AI75: =IFERROR(R75+AE75+AH75,"") | AJ75: =IFERROR(VLOOKUP(AI75,'Helper(IMPORTANT!)'!$CQ$1:$CR$41,2,TRUE),"")
... A113: 50 | B113: ='INPUT DATA'!O60 -> 0 | P113: =IF(COUNT($F113:$O113)=0,"",SUM($F113:$O113)) | Q113: =IFERROR(IF(P113="","",ROUND(P113/$P$11*100,2)),"") | R113: =IFERROR(IF(Q113="","",ROUND(Q113*$R$11,2)),"") | AC113: =IF(COUNT($S113:$AB113)=0,"",SUM($S113:$AB113)) | AD113: =IFERROR(IF(AC113="","",ROUND(AC113/$AC$11*100,2)),"") | AE113: =IFERROR(IF(AD113="","",ROUND(AD113*$AE$11,2)),"") | AG113: =IFERROR(IF(AF113="","",ROUND(AF113/$AF$11*100,2)),"") | AH113: =IFERROR(IF(AG113="","",ROUND(AG113*$AH$11,2)),"") | AI113: =IFERROR(R113+AE113+AH113,"") | AJ113: =IFERROR(VLOOKUP(AI113,'Helper(IMPORTANT!)'!$CQ$1:$CR$41,2,TRUE),"")

Sheet 1st SEMESTRAL GRADE
A1: Final Semestral Grades
C5: REGION | G5: ='INPUT DATA'!F10 -> 0 | L5: DIVISION | O5: ='INPUT DATA'!F11 -> 0 | S5: SCHOOL ID | W5: ='INPUT DATA'!F13 -> 0
B6: SCHOOL NAME | G6: ='INPUT DATA'!F14 -> 0 | S6: SCHOOL YEAR | W6: ='INPUT DATA'!F16 -> 0
A8: LEARNERS' NAMES | F8: GRADE & SECTION: | K8: ='INPUT DATA'!F24&" - "&'INPUT DATA'!F25 -> - | S8: SEMESTER: | V8: 1ST
S9: SUBJECT: | V9: =IF('INPUT DATA'!F30<>"",'INPUT DATA'!F30,'INPUT DATA'!F28) -> 0
F10: TEACHER: | I10: ='INPUT DATA'!F22 -> 0 | S10: SUBJECT TYPE: | V10: ='INPUT DATA'!F26 -> 0
F11: FIRST QUARTER | N11: SECOND QUARTER | V11: FIRST SEMESTER FINAL GRADES | Z11: REMARK
A12: MALE
A13: 1 | B13: ='INPUT DATA'!L11 -> 0 | F13: {=IF('Helper(IMPORTANT!)'!CU3<>"",'Helper(IMPORTANT!)'!CU3:CU103,"")} | N13: {='Helper(IMPORTANT!)'!CV3:CV103} | V13: =IF(OR(F13="",N13=""),"",IF(ISERROR(ROUND(AVERAGE(F13,N13),0)),"",ROUND(AVERAGE(F13,N13),0))) | Z13: =IF(OR($F13="",N13="",$V13=""),"",IF($V13>=75,"PASSED","FAILED"))
A14: 2 | B14: ='INPUT DATA'!L12 -> 0 | N14: 0 | V14: =IF(OR(F14="",N14=""),"",IF(ISERROR(ROUND(AVERAGE(F14,N14),0)),"",ROUND(AVERAGE(F14,N14),0))) | Z14: =IF(OR($F14="",N14="",$V14=""),"",IF($V14>=75,"PASSED","FAILED"))
A15: 3 | B15: ='INPUT DATA'!L13 -> 0 | N15: 0 | V15: =IF(OR(F15="",N15=""),"",IF(ISERROR(ROUND(AVERAGE(F15,N15),0)),"",ROUND(AVERAGE(F15,N15),0))) | Z15: =IF(OR($F15="",N15="",$V15=""),"",IF($V15>=75,"PASSED","FAILED"))
A16: 4 | B16: ='INPUT DATA'!L14 -> 0 | N16: 0 | V16: =IF(OR(F16="",N16=""),"",IF(ISERROR(ROUND(AVERAGE(F16,N16),0)),"",ROUND(AVERAGE(F16,N16),0))) | Z16: =IF(OR($F16="",N16="",$V16=""),"",IF($V16>=75,"PASSED","FAILED"))
A17: 5 | B17: ='INPUT DATA'!L15 -> 0 | N17: 0 | V17: =IF(OR(F17="",N17=""),"",IF(ISERROR(ROUND(AVERAGE(F17,N17),0)),"",ROUND(AVERAGE(F17,N17),0))) | Z17: =IF(OR($F17="",N17="",$V17=""),"",IF($V17>=75,"PASSED","FAILED"))
A18: 6 | B18: ='INPUT DATA'!L16 -> 0 | N18: 0 | V18: =IF(OR(F18="",N18=""),"",IF(ISERROR(ROUND(AVERAGE(F18,N18),0)),"",ROUND(AVERAGE(F18,N18),0))) | Z18: =IF(OR($F18="",N18="",$V18=""),"",IF($V18>=75,"PASSED","FAILED"))
A19: 7 | B19: ='INPUT DATA'!L17 -> 0 | N19: 0 | V19: =IF(OR(F19="",N19=""),"",IF(ISERROR(ROUND(AVERAGE(F19,N19),0)),"",ROUND(AVERAGE(F19,N19),0))) | Z19: =IF(OR($F19="",N19="",$V19=""),"",IF($V19>=75,"PASSED","FAILED"))
A20: 8 | B20: ='INPUT DATA'!L18 -> 0 | N20: 0 | V20: =IF(OR(F20="",N20=""),"",IF(ISERROR(ROUND(AVERAGE(F20,N20),0)),"",ROUND(AVERAGE(F20,N20),0))) | Z20: =IF(OR($F20="",N20="",$V20=""),"",IF($V20>=75,"PASSED","FAILED"))
A21: 9 | B21: ='INPUT DATA'!L19 -> 0 | N21: 0 | V21: =IF(OR(F21="",N21=""),"",IF(ISERROR(ROUND(AVERAGE(F21,N21),0)),"",ROUND(AVERAGE(F21,N21),0))) | Z21: =IF(OR($F21="",N21="",$V21=""),"",IF($V21>=75,"PASSED","FAILED"))
A22: 10 | B22: ='INPUT DATA'!L20 -> 0 | N22: 0 | V22: =IF(OR(F22="",N22=""),"",IF(ISERROR(ROUND(AVERAGE(F22,N22),0)),"",ROUND(AVERAGE(F22,N22),0))) | Z22: =IF(OR($F22="",N22="",$V22=""),"",IF($V22>=75,"PASSED","FAILED"))
A23: 11 | B23: ='INPUT DATA'!L21 -> 0 | N23: 0 | V23: =IF(OR(F23="",N23=""),"",IF(ISERROR(ROUND(AVERAGE(F23,N23),0)),"",ROUND(AVERAGE(F23,N23),0))) | Z23: =IF(OR($F23="",N23="",$V23=""),"",IF($V23>=75,"PASSED","FAILED"))
A24: 12 | B24: ='INPUT DATA'!L22 -> 0 | N24: 0 | V24: =IF(OR(F24="",N24=""),"",IF(ISERROR(ROUND(AVERAGE(F24,N24),0)),"",ROUND(AVERAGE(F24,N24),0))) | Z24: =IF(OR($F24="",N24="",$V24=""),"",IF($V24>=75,"PASSED","FAILED"))
A25: 13 | B25: ='INPUT DATA'!L23 -> 0 | N25: 0 | V25: =IF(OR(F25="",N25=""),"",IF(ISERROR(ROUND(AVERAGE(F25,N25),0)),"",ROUND(AVERAGE(F25,N25),0))) | Z25: =IF(OR($F25="",N25="",$V25=""),"",IF($V25>=75,"PASSED","FAILED"))
... A62: 50 | B62: ='INPUT DATA'!L60 -> 0 | N62: 0 | V62: =IF(OR(F62="",N62=""),"",IF(ISERROR(ROUND(AVERAGE(F62,N62),0)),"",ROUND(AVERAGE(F62,N62),0))) | Z62: =IF(OR($F62="",N62="",$V62=""),"",IF($V62>=75,"PASSED","FAILED"))
A63: FEMALE | N63: 0
A64: 1 | B64: ='INPUT DATA'!O11 -> 0 | N64: 0 | V64: =IF(OR(F64="",N64=""),"",IF(ISERROR(ROUND(AVERAGE(F64,N64),0)),"",ROUND(AVERAGE(F64,N64),0))) | Z64: =IF(OR($F64="",N64="",$V64=""),"",IF($V64>=75,"PASSED","FAILED"))
A65: 2 | B65: ='INPUT DATA'!O12 -> 0 | N65: 0 | V65: =IF(OR(F65="",N65=""),"",IF(ISERROR(ROUND(AVERAGE(F65,N65),0)),"",ROUND(AVERAGE(F65,N65),0))) | Z65: =IF(OR($F65="",N65="",$V65=""),"",IF($V65>=75,"PASSED","FAILED"))
A66: 3 | B66: ='INPUT DATA'!O13 -> 0 | N66: 0 | V66: =IF(OR(F66="",N66=""),"",IF(ISERROR(ROUND(AVERAGE(F66,N66),0)),"",ROUND(AVERAGE(F66,N66),0))) | Z66: =IF(OR($F66="",N66="",$V66=""),"",IF($V66>=75,"PASSED","FAILED"))
A67: 4 | B67: ='INPUT DATA'!O14 -> 0 | N67: 0 | V67: =IF(OR(F67="",N67=""),"",IF(ISERROR(ROUND(AVERAGE(F67,N67),0)),"",ROUND(AVERAGE(F67,N67),0))) | Z67: =IF(OR($F67="",N67="",$V67=""),"",IF($V67>=75,"PASSED","FAILED"))
A68: 5 | B68: ='INPUT DATA'!O15 -> 0 | N68: 0 | V68: =IF(OR(F68="",N68=""),"",IF(ISERROR(ROUND(AVERAGE(F68,N68),0)),"",ROUND(AVERAGE(F68,N68),0))) | Z68: =IF(OR($F68="",N68="",$V68=""),"",IF($V68>=75,"PASSED","FAILED"))
A69: 6 | B69: ='INPUT DATA'!O16 -> 0 | N69: 0 | V69: =IF(OR(F69="",N69=""),"",IF(ISERROR(ROUND(AVERAGE(F69,N69),0)),"",ROUND(AVERAGE(F69,N69),0))) | Z69: =IF(OR($F69="",N69="",$V69=""),"",IF($V69>=75,"PASSED","FAILED"))
A70: 7 | B70: ='INPUT DATA'!O17 -> 0 | N70: 0 | V70: =IF(OR(F70="",N70=""),"",IF(ISERROR(ROUND(AVERAGE(F70,N70),0)),"",ROUND(AVERAGE(F70,N70),0))) | Z70: =IF(OR($F70="",N70="",$V70=""),"",IF($V70>=75,"PASSED","FAILED"))
A71: 8 | B71: ='INPUT DATA'!O18 -> 0 | N71: 0 | V71: =IF(OR(F71="",N71=""),"",IF(ISERROR(ROUND(AVERAGE(F71,N71),0)),"",ROUND(AVERAGE(F71,N71),0))) | Z71: =IF(OR($F71="",N71="",$V71=""),"",IF($V71>=75,"PASSED","FAILED"))
A72: 9 | B72: ='INPUT DATA'!O19 -> 0 | N72: 0 | V72: =IF(OR(F72="",N72=""),"",IF(ISERROR(ROUND(AVERAGE(F72,N72),0)),"",ROUND(AVERAGE(F72,N72),0))) | Z72: =IF(OR($F72="",N72="",$V72=""),"",IF($V72>=75,"PASSED","FAILED"))
A73: 10 | B73: ='INPUT DATA'!O20 -> 0 | N73: 0 | V73: =IF(OR(F73="",N73=""),"",IF(ISERROR(ROUND(AVERAGE(F73,N73),0)),"",ROUND(AVERAGE(F73,N73),0))) | Z73: =IF(OR($F73="",N73="",$V73=""),"",IF($V73>=75,"PASSED","FAILED"))
A74: 11 | B74: ='INPUT DATA'!O21 -> 0 | N74: 0 | V74: =IF(OR(F74="",N74=""),"",IF(ISERROR(ROUND(AVERAGE(F74,N74),0)),"",ROUND(AVERAGE(F74,N74),0))) | Z74: =IF(OR($F74="",N74="",$V74=""),"",IF($V74>=75,"PASSED","FAILED"))
A75: 12 | B75: ='INPUT DATA'!O22 -> 0 | N75: 0 | V75: =IF(OR(F75="",N75=""),"",IF(ISERROR(ROUND(AVERAGE(F75,N75),0)),"",ROUND(AVERAGE(F75,N75),0))) | Z75: =IF(OR($F75="",N75="",$V75=""),"",IF($V75>=75,"PASSED","FAILED"))
... A113: 50 | B113: ='INPUT DATA'!O60 -> 0 | N113: 0 | V113: =IF(OR(F113="",N113=""),"",IF(ISERROR(ROUND(AVERAGE(F113,N113),0)),"",ROUND(AVERAGE(F113,N113),0))) | Z113: =IF(OR($F113="",N113="",$V113=""),"",IF($V113>=75,"PASSED","FAILED"))

Sheet 2nd SEMESTRAL GRADE
A1: Final Semestral Grades
C5: REGION | G5: ='INPUT DATA'!F10 -> 0 | L5: DIVISION | O5: ='INPUT DATA'!F11 -> 0 | S5: SCHOOL ID | W5: ='INPUT DATA'!F13 -> 0
B6: SCHOOL NAME | G6: ='INPUT DATA'!F14 -> 0 | S6: SCHOOL YEAR | W6: ='INPUT DATA'!F16 -> 0
A8: LEARNERS' NAMES | F8: GRADE & SECTION: | K8: ='INPUT DATA'!F24&" - "&'INPUT DATA'!F25 -> - | S8: SEMESTER: | V8: 2ND
S9: SUBJECT: | V9: =IF('INPUT DATA'!F30<>"",'INPUT DATA'!F30,'INPUT DATA'!F28) -> 0
F10: TEACHER: | I10: ='INPUT DATA'!F22 -> 0 | S10: TRACK: | V10: ='INPUT DATA'!F26 -> 0
F11: THIRD QUARTER | N11: FOURTH QUARTER | V11: SECOND SEMESTER FINAL GRADES | Z11: REMARK
A12: MALE
A13: 1 | B13: ='INPUT DATA'!L11 -> 0 | F13: {=IF('Helper(IMPORTANT!)'!CW3<>"",'Helper(IMPORTANT!)'!CW3:CW103,"")} | N13: {='Helper(IMPORTANT!)'!CX3:CX103} | V13: =IF(OR(F13="",N13=""),"",IF(ISERROR(ROUND(AVERAGE(F13,N13),0)),"",ROUND(AVERAGE(F13,N13),0))) | Z13: =IF(OR($F13="",N13="",$V13=""),"",IF($V13>=75,"PASSED","FAILED"))
A14: 2 | B14: ='INPUT DATA'!L12 -> 0 | N14: 0 | V14: =IF(OR(F14="",N14=""),"",IF(ISERROR(ROUND(AVERAGE(F14,N14),0)),"",ROUND(AVERAGE(F14,N14),0))) | Z14: =IF(OR($F14="",N14="",$V14=""),"",IF($V14>=75,"PASSED","FAILED"))
A15: 3 | B15: ='INPUT DATA'!L13 -> 0 | N15: 0 | V15: =IF(OR(F15="",N15=""),"",IF(ISERROR(ROUND(AVERAGE(F15,N15),0)),"",ROUND(AVERAGE(F15,N15),0))) | Z15: =IF(OR($F15="",N15="",$V15=""),"",IF($V15>=75,"PASSED","FAILED"))
A16: 4 | B16: ='INPUT DATA'!L14 -> 0 | N16: 0 | V16: =IF(OR(F16="",N16=""),"",IF(ISERROR(ROUND(AVERAGE(F16,N16),0)),"",ROUND(AVERAGE(F16,N16),0))) | Z16: =IF(OR($F16="",N16="",$V16=""),"",IF($V16>=75,"PASSED","FAILED"))
A17: 5 | B17: ='INPUT DATA'!L15 -> 0 | N17: 0 | V17: =IF(OR(F17="",N17=""),"",IF(ISERROR(ROUND(AVERAGE(F17,N17),0)),"",ROUND(AVERAGE(F17,N17),0))) | Z17: =IF(OR($F17="",N17="",$V17=""),"",IF($V17>=75,"PASSED","FAILED"))
A18: 6 | B18: ='INPUT DATA'!L16 -> 0 | N18: 0 | V18: =IF(OR(F18="",N18=""),"",IF(ISERROR(ROUND(AVERAGE(F18,N18),0)),"",ROUND(AVERAGE(F18,N18),0))) | Z18: =IF(OR($F18="",N18="",$V18=""),"",IF($V18>=75,"PASSED","FAILED"))
A19: 7 | B19: ='INPUT DATA'!L17 -> 0 | N19: 0 | V19: =IF(OR(F19="",N19=""),"",IF(ISERROR(ROUND(AVERAGE(F19,N19),0)),"",ROUND(AVERAGE(F19,N19),0))) | Z19: =IF(OR($F19="",N19="",$V19=""),"",IF($V19>=75,"PASSED","FAILED"))
A20: 8 | B20: ='INPUT DATA'!L18 -> 0 | N20: 0 | V20: =IF(OR(F20="",N20=""),"",IF(ISERROR(ROUND(AVERAGE(F20,N20),0)),"",ROUND(AVERAGE(F20,N20),0))) | Z20: =IF(OR($F20="",N20="",$V20=""),"",IF($V20>=75,"PASSED","FAILED"))
A21: 9 | B21: ='INPUT DATA'!L19 -> 0 | N21: 0 | V21: =IF(OR(F21="",N21=""),"",IF(ISERROR(ROUND(AVERAGE(F21,N21),0)),"",ROUND(AVERAGE(F21,N21),0))) | Z21: =IF(OR($F21="",N21="",$V21=""),"",IF($V21>=75,"PASSED","FAILED"))
A22: 10 | B22: ='INPUT DATA'!L20 -> 0 | N22: 0 | V22: =IF(OR(F22="",N22=""),"",IF(ISERROR(ROUND(AVERAGE(F22,N22),0)),"",ROUND(AVERAGE(F22,N22),0))) | Z22: =IF(OR($F22="",N22="",$V22=""),"",IF($V22>=75,"PASSED","FAILED"))
A23: 11 | B23: ='INPUT DATA'!L21 -> 0 | N23: 0 | V23: =IF(OR(F23="",N23=""),"",IF(ISERROR(ROUND(AVERAGE(F23,N23),0)),"",ROUND(AVERAGE(F23,N23),0))) | Z23: =IF(OR($F23="",N23="",$V23=""),"",IF($V23>=75,"PASSED","FAILED"))
A24: 12 | B24: ='INPUT DATA'!L22 -> 0 | N24: 0 | V24: =IF(OR(F24="",N24=""),"",IF(ISERROR(ROUND(AVERAGE(F24,N24),0)),"",ROUND(AVERAGE(F24,N24),0))) | Z24: =IF(OR($F24="",N24="",$V24=""),"",IF($V24>=75,"PASSED","FAILED"))
A25: 13 | B25: ='INPUT DATA'!L23 -> 0 | N25: 0 | V25: =IF(OR(F25="",N25=""),"",IF(ISERROR(ROUND(AVERAGE(F25,N25),0)),"",ROUND(AVERAGE(F25,N25),0))) | Z25: =IF(OR($F25="",N25="",$V25=""),"",IF($V25>=75,"PASSED","FAILED"))
... A62: 50 | B62: ='INPUT DATA'!L60 -> 0 | N62: 0 | V62: =IF(OR(F62="",N62=""),"",IF(ISERROR(ROUND(AVERAGE(F62,N62),0)),"",ROUND(AVERAGE(F62,N62),0))) | Z62: =IF(OR($F62="",N62="",$V62=""),"",IF($V62>=75,"PASSED","FAILED"))
A63: FEMALE | N63: 0
A64: 1 | B64: ='INPUT DATA'!O11 -> 0 | N64: 0 | V64: =IF(OR(F64="",N64=""),"",IF(ISERROR(ROUND(AVERAGE(F64,N64),0)),"",ROUND(AVERAGE(F64,N64),0))) | Z64: =IF(OR($F64="",N64="",$V64=""),"",IF($V64>=75,"PASSED","FAILED"))
A65: 2 | B65: ='INPUT DATA'!O12 -> 0 | N65: 0 | V65: =IF(OR(F65="",N65=""),"",IF(ISERROR(ROUND(AVERAGE(F65,N65),0)),"",ROUND(AVERAGE(F65,N65),0))) | Z65: =IF(OR($F65="",N65="",$V65=""),"",IF($V65>=75,"PASSED","FAILED"))
A66: 3 | B66: ='INPUT DATA'!O13 -> 0 | N66: 0 | V66: =IF(OR(F66="",N66=""),"",IF(ISERROR(ROUND(AVERAGE(F66,N66),0)),"",ROUND(AVERAGE(F66,N66),0))) | Z66: =IF(OR($F66="",N66="",$V66=""),"",IF($V66>=75,"PASSED","FAILED"))
A67: 4 | B67: ='INPUT DATA'!O14 -> 0 | N67: 0 | V67: =IF(OR(F67="",N67=""),"",IF(ISERROR(ROUND(AVERAGE(F67,N67),0)),"",ROUND(AVERAGE(F67,N67),0))) | Z67: =IF(OR($F67="",N67="",$V67=""),"",IF($V67>=75,"PASSED","FAILED"))
A68: 5 | B68: ='INPUT DATA'!O15 -> 0 | N68: 0 | V68: =IF(OR(F68="",N68=""),"",IF(ISERROR(ROUND(AVERAGE(F68,N68),0)),"",ROUND(AVERAGE(F68,N68),0))) | Z68: =IF(OR($F68="",N68="",$V68=""),"",IF($V68>=75,"PASSED","FAILED"))
A69: 6 | B69: ='INPUT DATA'!O16 -> 0 | N69: 0 | V69: =IF(OR(F69="",N69=""),"",IF(ISERROR(ROUND(AVERAGE(F69,N69),0)),"",ROUND(AVERAGE(F69,N69),0))) | Z69: =IF(OR($F69="",N69="",$V69=""),"",IF($V69>=75,"PASSED","FAILED"))
A70: 7 | B70: ='INPUT DATA'!O17 -> 0 | N70: 0 | V70: =IF(OR(F70="",N70=""),"",IF(ISERROR(ROUND(AVERAGE(F70,N70),0)),"",ROUND(AVERAGE(F70,N70),0))) | Z70: =IF(OR($F70="",N70="",$V70=""),"",IF($V70>=75,"PASSED","FAILED"))
A71: 8 | B71: ='INPUT DATA'!O18 -> 0 | N71: 0 | V71: =IF(OR(F71="",N71=""),"",IF(ISERROR(ROUND(AVERAGE(F71,N71),0)),"",ROUND(AVERAGE(F71,N71),0))) | Z71: =IF(OR($F71="",N71="",$V71=""),"",IF($V71>=75,"PASSED","FAILED"))
A72: 9 | B72: ='INPUT DATA'!O19 -> 0 | N72: 0 | V72: =IF(OR(F72="",N72=""),"",IF(ISERROR(ROUND(AVERAGE(F72,N72),0)),"",ROUND(AVERAGE(F72,N72),0))) | Z72: =IF(OR($F72="",N72="",$V72=""),"",IF($V72>=75,"PASSED","FAILED"))
A73: 10 | B73: ='INPUT DATA'!O20 -> 0 | N73: 0 | V73: =IF(OR(F73="",N73=""),"",IF(ISERROR(ROUND(AVERAGE(F73,N73),0)),"",ROUND(AVERAGE(F73,N73),0))) | Z73: =IF(OR($F73="",N73="",$V73=""),"",IF($V73>=75,"PASSED","FAILED"))
A74: 11 | B74: ='INPUT DATA'!O21 -> 0 | N74: 0 | V74: =IF(OR(F74="",N74=""),"",IF(ISERROR(ROUND(AVERAGE(F74,N74),0)),"",ROUND(AVERAGE(F74,N74),0))) | Z74: =IF(OR($F74="",N74="",$V74=""),"",IF($V74>=75,"PASSED","FAILED"))
A75: 12 | B75: ='INPUT DATA'!O22 -> 0 | N75: 0 | V75: =IF(OR(F75="",N75=""),"",IF(ISERROR(ROUND(AVERAGE(F75,N75),0)),"",ROUND(AVERAGE(F75,N75),0))) | Z75: =IF(OR($F75="",N75="",$V75=""),"",IF($V75>=75,"PASSED","FAILED"))
... A113: 50 | B113: ='INPUT DATA'!O60 -> 0 | N113: 0 | V113: =IF(OR(F113="",N113=""),"",IF(ISERROR(ROUND(AVERAGE(F113,N113),0)),"",ROUND(AVERAGE(F113,N113),0))) | Z113: =IF(OR($F113="",N113="",$V113=""),"",IF($V113>=75,"PASSED","FAILED"))

Sheet QUARTERLY AVERAGE
A1: Final Annual Grades
C5: REGION | G5: ='INPUT DATA'!F10 -> 0 | L5: DIVISION | O5: ='INPUT DATA'!F11 -> 0 | S5: SCHOOL ID | W5: ='INPUT DATA'!F13 -> 0
B6: SCHOOL NAME | G6: ='INPUT DATA'!F14 -> 0 | S6: SCHOOL YEAR | W6: ='INPUT DATA'!F16 -> 0
A8: LEARNERS' NAMES | F8: GRADE & SECTION: | K8: ='INPUT DATA'!F24&" - "&'INPUT DATA'!F25 -> - | S8: SEMESTER: | V8: - -
S9: SUBJECT: | V9: =IF('INPUT DATA'!F30<>"",'INPUT DATA'!F30,'INPUT DATA'!F28) -> 0
F10: TEACHER: | I10: ='INPUT DATA'!F22 -> 0 | S10: TRACK: | V10: ='INPUT DATA'!F26 -> 0
F11: FIRST QUARTER | J11: SECOND QUARTER | N11: THIRD QUARTER | R11: FOURTH QUARTER | V11: FINAL GRADE | Z11: REMARK
A12: MALE
A13: 1 | B13: ='INPUT DATA'!L11 -> 0 | F13: {=IF('Helper(IMPORTANT!)'!CY3<>"",'Helper(IMPORTANT!)'!CY3:CY103,"")} | J13: {='Helper(IMPORTANT!)'!CZ3:CZ103} | N13: {='Helper(IMPORTANT!)'!DA3:DA103} | R13: {='Helper(IMPORTANT!)'!DB3:DB103} | V13: =IF(OR(F13="",N13="",J13="",R13=""),"",IF(ISERROR(ROUND(AVERAGE(F13,J13,N13,R13),0)),"",ROUND(AVERAGE(F13,J13,N13,R13),0))) | Z13: =IF(OR($F13="",J13="",N13="",R13="",$V13=""),"",IF($V13>=75,"PASSED","FAILED"))
A14: 2 | B14: ='INPUT DATA'!L12 -> 0 | J14: 0 | N14: 0 | R14: 0 | V14: =IF(OR(F14="",N14="",J14="",R14=""),"",IF(ISERROR(ROUND(AVERAGE(F14,J14,N14,R14),0)),"",ROUND(AVERAGE(F14,J14,N14,R14),0))) | Z14: =IF(OR($F14="",J14="",N14="",R14="",$V14=""),"",IF($V14>=75,"PASSED","FAILED"))
A15: 3 | B15: ='INPUT DATA'!L13 -> 0 | J15: 0 | N15: 0 | R15: 0 | V15: =IF(OR(F15="",N15="",J15="",R15=""),"",IF(ISERROR(ROUND(AVERAGE(F15,J15,N15,R15),0)),"",ROUND(AVERAGE(F15,J15,N15,R15),0))) | Z15: =IF(OR($F15="",J15="",N15="",R15="",$V15=""),"",IF($V15>=75,"PASSED","FAILED"))
A16: 4 | B16: ='INPUT DATA'!L14 -> 0 | J16: 0 | N16: 0 | R16: 0 | V16: =IF(OR(F16="",N16="",J16="",R16=""),"",IF(ISERROR(ROUND(AVERAGE(F16,J16,N16,R16),0)),"",ROUND(AVERAGE(F16,J16,N16,R16),0))) | Z16: =IF(OR($F16="",J16="",N16="",R16="",$V16=""),"",IF($V16>=75,"PASSED","FAILED"))
A17: 5 | B17: ='INPUT DATA'!L15 -> 0 | J17: 0 | N17: 0 | R17: 0 | V17: =IF(OR(F17="",N17="",J17="",R17=""),"",IF(ISERROR(ROUND(AVERAGE(F17,J17,N17,R17),0)),"",ROUND(AVERAGE(F17,J17,N17,R17),0))) | Z17: =IF(OR($F17="",J17="",N17="",R17="",$V17=""),"",IF($V17>=75,"PASSED","FAILED"))
A18: 6 | B18: ='INPUT DATA'!L16 -> 0 | J18: 0 | N18: 0 | R18: 0 | V18: =IF(OR(F18="",N18="",J18="",R18=""),"",IF(ISERROR(ROUND(AVERAGE(F18,J18,N18,R18),0)),"",ROUND(AVERAGE(F18,J18,N18,R18),0))) | Z18: =IF(OR($F18="",J18="",N18="",R18="",$V18=""),"",IF($V18>=75,"PASSED","FAILED"))
A19: 7 | B19: ='INPUT DATA'!L17 -> 0 | J19: 0 | N19: 0 | R19: 0 | V19: =IF(OR(F19="",N19="",J19="",R19=""),"",IF(ISERROR(ROUND(AVERAGE(F19,J19,N19,R19),0)),"",ROUND(AVERAGE(F19,J19,N19,R19),0))) | Z19: =IF(OR($F19="",J19="",N19="",R19="",$V19=""),"",IF($V19>=75,"PASSED","FAILED"))
A20: 8 | B20: ='INPUT DATA'!L18 -> 0 | J20: 0 | N20: 0 | R20: 0 | V20: =IF(OR(F20="",N20="",J20="",R20=""),"",IF(ISERROR(ROUND(AVERAGE(F20,J20,N20,R20),0)),"",ROUND(AVERAGE(F20,J20,N20,R20),0))) | Z20: =IF(OR($F20="",J20="",N20="",R20="",$V20=""),"",IF($V20>=75,"PASSED","FAILED"))
A21: 9 | B21: ='INPUT DATA'!L19 -> 0 | J21: 0 | N21: 0 | R21: 0 | V21: =IF(OR(F21="",N21="",J21="",R21=""),"",IF(ISERROR(ROUND(AVERAGE(F21,J21,N21,R21),0)),"",ROUND(AVERAGE(F21,J21,N21,R21),0))) | Z21: =IF(OR($F21="",J21="",N21="",R21="",$V21=""),"",IF($V21>=75,"PASSED","FAILED"))
A22: 10 | B22: ='INPUT DATA'!L20 -> 0 | J22: 0 | N22: 0 | R22: 0 | V22: =IF(OR(F22="",N22="",J22="",R22=""),"",IF(ISERROR(ROUND(AVERAGE(F22,J22,N22,R22),0)),"",ROUND(AVERAGE(F22,J22,N22,R22),0))) | Z22: =IF(OR($F22="",J22="",N22="",R22="",$V22=""),"",IF($V22>=75,"PASSED","FAILED"))
A23: 11 | B23: ='INPUT DATA'!L21 -> 0 | J23: 0 | N23: 0 | R23: 0 | V23: =IF(OR(F23="",N23="",J23="",R23=""),"",IF(ISERROR(ROUND(AVERAGE(F23,J23,N23,R23),0)),"",ROUND(AVERAGE(F23,J23,N23,R23),0))) | Z23: =IF(OR($F23="",J23="",N23="",R23="",$V23=""),"",IF($V23>=75,"PASSED","FAILED"))
A24: 12 | B24: ='INPUT DATA'!L22 -> 0 | J24: 0 | N24: 0 | R24: 0 | V24: =IF(OR(F24="",N24="",J24="",R24=""),"",IF(ISERROR(ROUND(AVERAGE(F24,J24,N24,R24),0)),"",ROUND(AVERAGE(F24,J24,N24,R24),0))) | Z24: =IF(OR($F24="",J24="",N24="",R24="",$V24=""),"",IF($V24>=75,"PASSED","FAILED"))
A25: 13 | B25: ='INPUT DATA'!L23 -> 0 | J25: 0 | N25: 0 | R25: 0 | V25: =IF(OR(F25="",N25="",J25="",R25=""),"",IF(ISERROR(ROUND(AVERAGE(F25,J25,N25,R25),0)),"",ROUND(AVERAGE(F25,J25,N25,R25),0))) | Z25: =IF(OR($F25="",J25="",N25="",R25="",$V25=""),"",IF($V25>=75,"PASSED","FAILED"))
... A62: 50 | B62: ='INPUT DATA'!L60 -> 0 | J62: 0 | N62: 0 | R62: 0 | V62: =IF(OR(F62="",N62="",J62="",R62=""),"",IF(ISERROR(ROUND(AVERAGE(F62,J62,N62,R62),0)),"",ROUND(AVERAGE(F62,J62,N62,R62),0))) | Z62: =IF(OR($F62="",J62="",N62="",R62="",$V62=""),"",IF($V62>=75,"PASSED","FAILED"))
A63: FEMALE | J63: 0 | N63: 0 | R63: 0 | Z63: =IF(OR($F63="",J63="",N63="",R63="",$V63=""),"",IF($V63>=75,"PASSED","FAILED"))
A64: 1 | B64: ='INPUT DATA'!O11 -> 0 | J64: 0 | N64: 0 | R64: 0 | V64: =IF(OR(F64="",N64="",J64="",R64=""),"",IF(ISERROR(ROUND(AVERAGE(F64,J64,N64,R64),0)),"",ROUND(AVERAGE(F64,J64,N64,R64),0))) | Z64: =IF(OR($F64="",J64="",N64="",R64="",$V64=""),"",IF($V64>=75,"PASSED","FAILED"))
A65: 2 | B65: ='INPUT DATA'!O12 -> 0 | J65: 0 | N65: 0 | R65: 0 | V65: =IF(OR(F65="",N65="",J65="",R65=""),"",IF(ISERROR(ROUND(AVERAGE(F65,J65,N65,R65),0)),"",ROUND(AVERAGE(F65,J65,N65,R65),0))) | Z65: =IF(OR($F65="",J65="",N65="",R65="",$V65=""),"",IF($V65>=75,"PASSED","FAILED"))
A66: 3 | B66: ='INPUT DATA'!O13 -> 0 | J66: 0 | N66: 0 | R66: 0 | V66: =IF(OR(F66="",N66="",J66="",R66=""),"",IF(ISERROR(ROUND(AVERAGE(F66,J66,N66,R66),0)),"",ROUND(AVERAGE(F66,J66,N66,R66),0))) | Z66: =IF(OR($F66="",J66="",N66="",R66="",$V66=""),"",IF($V66>=75,"PASSED","FAILED"))
A67: 4 | B67: ='INPUT DATA'!O14 -> 0 | J67: 0 | N67: 0 | R67: 0 | V67: =IF(OR(F67="",N67="",J67="",R67=""),"",IF(ISERROR(ROUND(AVERAGE(F67,J67,N67,R67),0)),"",ROUND(AVERAGE(F67,J67,N67,R67),0))) | Z67: =IF(OR($F67="",J67="",N67="",R67="",$V67=""),"",IF($V67>=75,"PASSED","FAILED"))
A68: 5 | B68: ='INPUT DATA'!O15 -> 0 | J68: 0 | N68: 0 | R68: 0 | V68: =IF(OR(F68="",N68="",J68="",R68=""),"",IF(ISERROR(ROUND(AVERAGE(F68,J68,N68,R68),0)),"",ROUND(AVERAGE(F68,J68,N68,R68),0))) | Z68: =IF(OR($F68="",J68="",N68="",R68="",$V68=""),"",IF($V68>=75,"PASSED","FAILED"))
A69: 6 | B69: ='INPUT DATA'!O16 -> 0 | J69: 0 | N69: 0 | R69: 0 | V69: =IF(OR(F69="",N69="",J69="",R69=""),"",IF(ISERROR(ROUND(AVERAGE(F69,J69,N69,R69),0)),"",ROUND(AVERAGE(F69,J69,N69,R69),0))) | Z69: =IF(OR($F69="",J69="",N69="",R69="",$V69=""),"",IF($V69>=75,"PASSED","FAILED"))
A70: 7 | B70: ='INPUT DATA'!O17 -> 0 | J70: 0 | N70: 0 | R70: 0 | V70: =IF(OR(F70="",N70="",J70="",R70=""),"",IF(ISERROR(ROUND(AVERAGE(F70,J70,N70,R70),0)),"",ROUND(AVERAGE(F70,J70,N70,R70),0))) | Z70: =IF(OR($F70="",J70="",N70="",R70="",$V70=""),"",IF($V70>=75,"PASSED","FAILED"))
A71: 8 | B71: ='INPUT DATA'!O18 -> 0 | J71: 0 | N71: 0 | R71: 0 | V71: =IF(OR(F71="",N71="",J71="",R71=""),"",IF(ISERROR(ROUND(AVERAGE(F71,J71,N71,R71),0)),"",ROUND(AVERAGE(F71,J71,N71,R71),0))) | Z71: =IF(OR($F71="",J71="",N71="",R71="",$V71=""),"",IF($V71>=75,"PASSED","FAILED"))
A72: 9 | B72: ='INPUT DATA'!O19 -> 0 | J72: 0 | N72: 0 | R72: 0 | V72: =IF(OR(F72="",N72="",J72="",R72=""),"",IF(ISERROR(ROUND(AVERAGE(F72,J72,N72,R72),0)),"",ROUND(AVERAGE(F72,J72,N72,R72),0))) | Z72: =IF(OR($F72="",J72="",N72="",R72="",$V72=""),"",IF($V72>=75,"PASSED","FAILED"))
A73: 10 | B73: ='INPUT DATA'!O20 -> 0 | J73: 0 | N73: 0 | R73: 0 | V73: =IF(OR(F73="",N73="",J73="",R73=""),"",IF(ISERROR(ROUND(AVERAGE(F73,J73,N73,R73),0)),"",ROUND(AVERAGE(F73,J73,N73,R73),0))) | Z73: =IF(OR($F73="",J73="",N73="",R73="",$V73=""),"",IF($V73>=75,"PASSED","FAILED"))
A74: 11 | B74: ='INPUT DATA'!O21 -> 0 | J74: 0 | N74: 0 | R74: 0 | V74: =IF(OR(F74="",N74="",J74="",R74=""),"",IF(ISERROR(ROUND(AVERAGE(F74,J74,N74,R74),0)),"",ROUND(AVERAGE(F74,J74,N74,R74),0))) | Z74: =IF(OR($F74="",J74="",N74="",R74="",$V74=""),"",IF($V74>=75,"PASSED","FAILED"))
A75: 12 | B75: ='INPUT DATA'!O22 -> 0 | J75: 0 | N75: 0 | R75: 0 | V75: =IF(OR(F75="",N75="",J75="",R75=""),"",IF(ISERROR(ROUND(AVERAGE(F75,J75,N75,R75),0)),"",ROUND(AVERAGE(F75,J75,N75,R75),0))) | Z75: =IF(OR($F75="",J75="",N75="",R75="",$V75=""),"",IF($V75>=75,"PASSED","FAILED"))
... A113: 50 | B113: ='INPUT DATA'!O60 -> 0 | J113: 0 | N113: 0 | R113: 0 | V113: =IF(OR(F113="",N113="",J113="",R113=""),"",IF(ISERROR(ROUND(AVERAGE(F113,J113,N113,R113),0)),"",ROUND(AVERAGE(F113,J113,N113,R113),0))) | Z113: =IF(OR($F113="",J113="",N113="",R113="",$V113=""),"",IF($V113>=75,"PASSED","FAILED"))

Sheet Helper(IMPORTANT!)
A1: WW 1 | K1: PT 1 | U1: QA 1 | V1: WW 2 | AF1: PT 2 | AP1: QA 2 | AQ1: WW 3 | BA1: PT 3 | BK1: QA 3 | BL1: WW 4 | BV1: PT 4 | CF1: QA 4 | CG1: Grade Level | CH1: SUBJECT TYPE | CI1: WRITTEN WORK | CJ1: PERFORMANCE TASK | CK1: QUARTERLY ASSESSMENT | CL1: WW | CM1: PT | CN1: QA | CO1: 11 | CP1: 12 | CQ1: 0 | CR1: 60 | CT1: LEARNER | CU1: Q1 | CV1: Q2 | CW1: Q3 | CX1: Q4 | CY1: Q1 | CZ1: Q2 | DA1: Q3 | DB1: Q4 | DD1: SSHSECR2026 | DE1: 11 | DF1: 12 | DI1: Track | DJ1: Cluster | DK1: Subject | DL1: Grade 11 | DM1: Grade 12
A2: 1 | B2: 2 | C2: 3 | D2: 4 | E2: 5 | F2: 6 | G2: 7 | H2: 8 | I2: 9 | J2: 10 | K2: 1 | L2: 2 | M2: 3 | N2: 4 | O2: 5 | P2: 6 | Q2: 7 | R2: 8 | S2: 9 | T2: 10 | U2: 1 | V2: 1 | W2: 2 | X2: 3 | Y2: 4 | Z2: 5 | AA2: 6 | AB2: 7 | AC2: 8 | AD2: 9 | AE2: 10 | AF2: 1 | AG2: 2 | AH2: 3 | AI2: 4 | AJ2: 5 | AK2: 6 | AL2: 7 | AM2: 8 | AN2: 9 | AO2: 10 | AP2: 1 | AQ2: 1 | AR2: 2 | AS2: 3 | AT2: 4 | AU2: 5 | AV2: 6 | AW2: 7 | AX2: 8 | AY2: 9 | AZ2: 10 | BA2: 1 | BB2: 2 | BC2: 3 | BD2: 4 | BE2: 5 | BF2: 6 | BG2: 7 | BH2: 8 | BI2: 9 | BJ2: 10 | BK2: 1 | BL2: 1 | BM2: 2 | BN2: 3 | BO2: 4 | BP2: 5 | BQ2: 6 | BR2: 7 | BS2: 8 | BT2: 9 | BU2: 10 | BV2: 1 | BW2: 2 | BX2: 3 | BY2: 4 | BZ2: 5 | CA2: 6 | CB2: 7 | CC2: 8 | CD2: 9 | CE2: 10 | CF2: 1 | CG2: 11 | CH2: Core Subject (All Tracks) | CI2: =CI$1&" ("&CL2*100&"%)" -> WRITTEN WORK (25%) | CJ2: =CJ$1&" ("&CM2*100&"%)" -> PERFORMANCE TASK (50%) | CK2: =CK$1&" ("&CN2*100&"%)" -> QUARTERLY ASSESSMENT (25%) | CL2: 0.25 | CM2: 0.5 | CN2: 0.25 | CO2: 4 | CQ2: 4 | CR2: 61 | CT2: MALE | DD2: Core Subject (All Tracks) | DE2: QUARTERLY AVERAGE | DI2: Core Subject (All Tracks) | DJ2: CORE | DK2: Effective Communication | DL2: 4 | DM2: 0 | DN2: 11
A3: {=_xlfn.SEQUENCE('Q1'!F11+1,1,'Q1'!F11,-1)} -> 0 | B3: {=_xlfn.SEQUENCE('Q1'!G11+1,1,'Q1'!G11,-1)} -> 0 | C3: {=_xlfn.SEQUENCE('Q1'!H11+1,1,'Q1'!H11,-1)} -> 0 | D3: {=_xlfn.SEQUENCE('Q1'!I11+1,1,'Q1'!I11,-1)} -> 0 | E3: {=_xlfn.SEQUENCE('Q1'!J11+1,1,'Q1'!J11,-1)} -> 0 | F3: {=_xlfn.SEQUENCE('Q1'!K11+1,1,'Q1'!K11,-1)} -> 0 | G3: {=_xlfn.SEQUENCE('Q1'!L11+1,1,'Q1'!L11,-1)} -> 0 | H3: {=_xlfn.SEQUENCE('Q1'!M11+1,1,'Q1'!M11,-1)} -> 0 | ... J3: {=_xlfn.SEQUENCE('Q1'!O11+1,1,'Q1'!O11,-1)} -> 0 | K3: {=_xlfn.SEQUENCE('Q1'!S11+1,1,'Q1'!S11,-1)} -> 0 | L3: {=_xlfn.SEQUENCE('Q1'!T11+1,1,'Q1'!T11,-1)} -> 0 | M3: {=_xlfn.SEQUENCE('Q1'!U11+1,1,'Q1'!U11,-1)} -> 0 | N3: {=_xlfn.SEQUENCE('Q1'!V11+1,1,'Q1'!V11,-1)} -> 0 | O3: {=_xlfn.SEQUENCE('Q1'!W11+1,1,'Q1'!W11,-1)} -> 0 | P3: {=_xlfn.SEQUENCE('Q1'!X11+1,1,'Q1'!X11,-1)} -> 0 | Q3: {=_xlfn.SEQUENCE('Q1'!Y11+1,1,'Q1'!Y11,-1)} -> 0 | R3: {=_xlfn.SEQUENCE('Q1'!Z11+1,1,'Q1'!Z11,-1)} -> 0 | ... T3: {=_xlfn.SEQUENCE('Q1'!AB11+1,1,'Q1'!AB11,-1)} -> 0 | U3: {=_xlfn.SEQUENCE('Q1'!AF11+1,1,'Q1'!AF11,-1)} -> 0 | V3: {=_xlfn.SEQUENCE('Q2'!F11+1,1,'Q2'!F11,-1)} -> 0 | W3: {=_xlfn.SEQUENCE('Q2'!G11+1,1,'Q2'!G11,-1)} -> 0 | X3: {=_xlfn.SEQUENCE('Q2'!H11+1,1,'Q2'!H11,-1)} -> 0 | Y3: {=_xlfn.SEQUENCE('Q2'!I11+1,1,'Q2'!I11,-1)} -> 0 | Z3: {=_xlfn.SEQUENCE('Q2'!J11+1,1,'Q2'!J11,-1)} -> 0 | AA3: {=_xlfn.SEQUENCE('Q2'!K11+1,1,'Q2'!K11,-1)} -> 0 | AB3: {=_xlfn.SEQUENCE('Q2'!L11+1,1,'Q2'!L11,-1)} -> 0 | AC3: {=_xlfn.SEQUENCE('Q2'!M11+1,1,'Q2'!M11,-1)} -> 0 | ... AE3: {=_xlfn.SEQUENCE('Q2'!O11+1,1,'Q2'!O11,-1)} -> 0 | AF3: {=_xlfn.SEQUENCE('Q2'!S11+1,1,'Q2'!S11,-1)} -> 0 | AG3: {=_xlfn.SEQUENCE('Q2'!T11+1,1,'Q2'!T11,-1)} -> 0 | AH3: {=_xlfn.SEQUENCE('Q2'!U11+1,1,'Q2'!U11,-1)} -> 0 | AI3: {=_xlfn.SEQUENCE('Q2'!V11+1,1,'Q2'!V11,-1)} -> 0 | AJ3: {=_xlfn.SEQUENCE('Q2'!W11+1,1,'Q2'!W11,-1)} -> 0 | AK3: {=_xlfn.SEQUENCE('Q2'!X11+1,1,'Q2'!X11,-1)} -> 0 | AL3: {=_xlfn.SEQUENCE('Q2'!Y11+1,1,'Q2'!Y11,-1)} -> 0 | AM3: {=_xlfn.SEQUENCE('Q2'!Z11+1,1,'Q2'!Z11,-1)} -> 0 | ... AO3: {=_xlfn.SEQUENCE('Q2'!AB11+1,1,'Q2'!AB11,-1)} -> 0 | AP3: {=_xlfn.SEQUENCE('Q2'!AF11+1,1,'Q2'!AF11,-1)} -> 0 | AQ3: {=_xlfn.SEQUENCE('Q3'!F11+1,1,'Q3'!F11,-1)} -> 0 | AR3: {=_xlfn.SEQUENCE('Q3'!G11+1,1,'Q3'!G11,-1)} -> 0 | AS3: {=_xlfn.SEQUENCE('Q3'!H11+1,1,'Q3'!H11,-1)} -> 0 | AT3: {=_xlfn.SEQUENCE('Q3'!I11+1,1,'Q3'!I11,-1)} -> 0 | AU3: {=_xlfn.SEQUENCE('Q3'!J11+1,1,'Q3'!J11,-1)} -> 0 | AV3: {=_xlfn.SEQUENCE('Q3'!K11+1,1,'Q3'!K11,-1)} -> 0 | AW3: {=_xlfn.SEQUENCE('Q3'!L11+1,1,'Q3'!L11,-1)} -> 0 | AX3: {=_xlfn.SEQUENCE('Q3'!M11+1,1,'Q3'!M11,-1)} -> 0 | ... AZ3: {=_xlfn.SEQUENCE('Q3'!O11+1,1,'Q3'!O11,-1)} -> 0 | BA3: {=_xlfn.SEQUENCE('Q3'!S11+1,1,'Q3'!S11,-1)} -> 0 | BB3: {=_xlfn.SEQUENCE('Q3'!T11+1,1,'Q3'!T11,-1)} -> 0 | BC3: {=_xlfn.SEQUENCE('Q3'!U11+1,1,'Q3'!U11,-1)} -> 0 | BD3: {=_xlfn.SEQUENCE('Q3'!V11+1,1,'Q3'!V11,-1)} -> 0 | BE3: {=_xlfn.SEQUENCE('Q3'!W11+1,1,'Q3'!W11,-1)} -> 0 | BF3: {=_xlfn.SEQUENCE('Q3'!X11+1,1,'Q3'!X11,-1)} -> 0 | BG3: {=_xlfn.SEQUENCE('Q3'!Y11+1,1,'Q3'!Y11,-1)} -> 0 | BH3: {=_xlfn.SEQUENCE('Q3'!Z11+1,1,'Q3'!Z11,-1)} -> 0 | ... BJ3: {=_xlfn.SEQUENCE('Q3'!AB11+1,1,'Q3'!AB11,-1)} -> 0 | BK3: {=_xlfn.SEQUENCE('Q3'!AF11+1,1,'Q3'!AF11,-1)} -> 0 | BL3: {=_xlfn.SEQUENCE('Q4'!F11+1,1,'Q4'!F11,-1)} -> 0 | BM3: {=_xlfn.SEQUENCE('Q4'!G11+1,1,'Q4'!G11,-1)} -> 0 | BN3: {=_xlfn.SEQUENCE('Q4'!H11+1,1,'Q4'!H11,-1)} -> 0 | BO3: {=_xlfn.SEQUENCE('Q4'!I11+1,1,'Q4'!I11,-1)} -> 0 | BP3: {=_xlfn.SEQUENCE('Q4'!J11+1,1,'Q4'!J11,-1)} -> 0 | BQ3: {=_xlfn.SEQUENCE('Q4'!K11+1,1,'Q4'!K11,-1)} -> 0 | BR3: {=_xlfn.SEQUENCE('Q4'!L11+1,1,'Q4'!L11,-1)} -> 0 | BS3: {=_xlfn.SEQUENCE('Q4'!M11+1,1,'Q4'!M11,-1)} -> 0 | ... BU3: {=_xlfn.SEQUENCE('Q4'!O11+1,1,'Q4'!O11,-1)} -> 0 | BV3: {=_xlfn.SEQUENCE('Q4'!S11+1,1,'Q4'!S11,-1)} -> 0 | BW3: {=_xlfn.SEQUENCE('Q4'!T11+1,1,'Q4'!T11,-1)} -> 0 | BX3: {=_xlfn.SEQUENCE('Q4'!U11+1,1,'Q4'!U11,-1)} -> 0 | BY3: {=_xlfn.SEQUENCE('Q4'!V11+1,1,'Q4'!V11,-1)} -> 0 | BZ3: {=_xlfn.SEQUENCE('Q4'!W11+1,1,'Q4'!W11,-1)} -> 0 | CA3: {=_xlfn.SEQUENCE('Q4'!X11+1,1,'Q4'!X11,-1)} -> 0 | CB3: {=_xlfn.SEQUENCE('Q4'!Y11+1,1,'Q4'!Y11,-1)} -> 0 | CC3: {=_xlfn.SEQUENCE('Q4'!Z11+1,1,'Q4'!Z11,-1)} -> 0 | ... CE3: {=_xlfn.SEQUENCE('Q4'!AB11+1,1,'Q4'!AB11,-1)} -> 0 | CF3: {=_xlfn.SEQUENCE('Q4'!AF11+1,1,'Q4'!AF11,-1)} -> 0 | CH3: Academic Elective (All Other Electives) | CI3: =CI$1&" ("&CL3*100&"%)" -> WRITTEN WORK (25%) | CJ3: =CJ$1&" ("&CM3*100&"%)" -> PERFORMANCE TASK (45%) | CK3: =CK$1&" ("&CN3*100&"%)" -> QUARTERLY ASSESSMENT (30%) | CL3: 0.25 | CM3: 0.45 | CN3: 0.3 | CO3: 2 | CP3: 2 | CQ3: 8 | CR3: 62 | CT3: {=_xlfn.SEQUENCE(50)} -> 1 | CU3: {=IF( OR( 'INPUT DATA'!$F$26="Academic Elective (All Other Electives)", 'INPUT DATA'!$F$26="Academic Elective (Field Experience / Exposure, and Sports and Arts)", AND('INPUT DATA'!$F$26="TechPro Elective (Work Immersion)", 'INPUT DATA'!$F$24=12), AND('INPUT DATA'!$F$26="TechPro Elective (All Other Electives)", 'INPUT DATA'!$F$24=12) ), INDIRECT("'" & CU1 & "'!AJ13:AJ113"), "" )} | CV3: {=IF( OR( 'INPUT DATA'!$F$26="Academic Elective (All Other Electives)", 'INPUT DATA'!$F$26="Academic Elective (Field Experience / Exposure, and Sports and Arts)", AND('INPUT DATA'!$F$26="TechPro Elective (Work Immersion)", 'INPUT DATA'!$F$24=12), AND('INPUT DATA'!$F$26="TechPro Elective (All Other Electives)", 'INPUT DATA'!$F$24=12) ), INDIRECT("'" & CV1 & "'!AJ13:AJ113"), "" )} | CW3: {=IF( OR( 'INPUT DATA'!$F$26="Academic Elective (All Other Electives)", 'INPUT DATA'!$F$26="Academic Elective (Field Experience / Exposure, and Sports and Arts)", AND('INPUT DATA'!$F$26="TechPro Elective (Work Immersion)", 'INPUT DATA'!$F$24=12), AND('INPUT DATA'!$F$26="TechPro Elective (All Other Electives)", 'INPUT DATA'!$F$24=12) ), INDIRECT("'" & CW1 & "'!AJ13:AJ113"), "" )} | CX3: {=IF( OR( 'INPUT DATA'!$F$26="Academic Elective (All Other Electives)", 'INPUT DATA'!$F$26="Academic Elective (Field Experience / Exposure, and Sports and Arts)", AND('INPUT DATA'!$F$26="TechPro Elective (Work Immersion)", 'INPUT DATA'!$F$24=12), AND('INPUT DATA'!$F$26="TechPro Elective (All Other Electives)", 'INPUT DATA'!$F$24=12) ), INDIRECT("'" & CX1 & "'!AJ13:AJ113"), "" )} | CY3: {=IF(OR('INPUT DATA'!$F$26="Core Subject (All Tracks)", AND('INPUT DATA'!$F$26="TechPro Elective (All Other Electives)", 'INPUT DATA'!$F$24=11)),INDIRECT("'" & CY1 & "'!AJ13:AJ113"), "")} | CZ3: {=IF(OR('INPUT DATA'!$F$26="Core Subject (All Tracks)", AND('INPUT DATA'!$F$26="TechPro Elective (All Other Electives)", 'INPUT DATA'!$F$24=11)),INDIRECT("'" & CZ1 & "'!AJ13:AJ113"), "")} | DA3: {=IF(OR('INPUT DATA'!$F$26="Core Subject (All Tracks)", AND('INPUT DATA'!$F$26="TechPro Elective (All Other Electives)", 'INPUT DATA'!$F$24=11)),INDIRECT("'" & DA1 & "'!AJ13:AJ113"), "")} | DB3: {=IF(OR('INPUT DATA'!$F$26="Core Subject (All Tracks)", AND('INPUT DATA'!$F$26="TechPro Elective (All Other Electives)", 'INPUT DATA'!$F$24=11)),INDIRECT("'" & DB1 & "'!AJ13:AJ113"), "")} | DD3: Academic Elective (All Other Electives) | DE3: SEMESTRAL GRADE | DF3: SEMESTRAL GRADE | DI3: Core Subject (All Tracks) | DJ3: CORE | DK3: Mabisang Komunikasyon | DL3: 4 | DM3: 0 | DN3: 11
CH4: Academic Elective (Field Experience / Exposure, and Sports and Arts) | CI4: =CI$1&" ("&CL4*100&"%)" -> WRITTEN WORK (20%) | CJ4: =CJ$1&" ("&CM4*100&"%)" -> PERFORMANCE TASK (60%) | CK4: =CK$1&" ("&CN4*100&"%)" -> QUARTERLY ASSESSMENT (20%) | CL4: 0.2 | CM4: 0.6 | CN4: 0.2 | CO4: 2 | CP4: 2 | CQ4: 12 | CR4: 63 | CT4: 2 | DD4: Academic Elective (Field Experience / Exposure, and Sports and Arts) | DE4: SEMESTRAL GRADE | DF4: SEMESTRAL GRADE | DI4: Core Subject (All Tracks) | DJ4: CORE | DK4: General Mathematics | DL4: 4 | DM4: 0 | DN4: 11
CH5: TechPro Elective (All Other Electives) | CI5: =CI$1&" ("&CL5*100&"%)" -> WRITTEN WORK (15%) | CJ5: =CJ$1&" ("&CM5*100&"%)" -> PERFORMANCE TASK (65%) | CK5: =CK$1&" ("&CN5*100&"%)" -> QUARTERLY ASSESSMENT (20%) | CL5: 0.15 | CM5: 0.65 | CN5: 0.2 | CO5: 4 | CP5: 2 | CQ5: 16 | CR5: 64 | CT5: 3 | DD5: TechPro Elective (All Other Electives) | DE5: QUARTERLY AVERAGE | DF5: SEMESTRAL GRADE | DI5: Core Subject (All Tracks) | DJ5: CORE | DK5: General Science | DL5: 4 | DM5: 0 | DN5: 11
CH6: TechPro Elective (Work Immersion) | CI6: =CI$1&" ("&CL6*100&"%)" -> WRITTEN WORK (20%) | CJ6: =CJ$1&" ("&CM6*100&"%)" -> PERFORMANCE TASK (80%) | CK6: - - | CL6: 0.2 | CM6: 0.8 | CP6: 2 | CQ6: 20 | CR6: 65 | CT6: 4 | DD6: TechPro Elective (Work Immersion) | DE6: QUARTERLY AVERAGE | DF6: SEMESTRAL GRADE | DI6: Core Subject (All Tracks) | DJ6: CORE | DK6: Life and Career Skills | DL6: 4 | DM6: 0 | DN6: 11
CO7: ↑COMPUTATION↑ OF FINAL GRADES: 2 = Average of 2 quarters 4 = Average of 4 quarters | CQ7: 24 | CR7: 66 | CT7: 5 | DI7: Core Subject (All Tracks) | DJ7: CORE | DK7: Pag-aaral ng Kasaysayan at Lipunang Pilipino | DL7: 4 | DM7: 0 | DN7: 11
CQ8: 28 | CR8: 67 | CT8: 6 | DD8: Selected Track | DI8: Academic Elective (All Other Electives) | DJ8: ARTS, SOCIAL SCIENCE AND HUMANITIES CLUSTER | DK8: Arts 1 (Creative Industries - Visual Art, Literary Art, Media Art, Applied Art, and Traditional Art) | DL8: 2 | DM8: 0 | DN8: 11
CQ9: 32 | CR9: 68 | CT9: 7 | DD9: ='INPUT DATA'!F26 -> 0 | DI9: Academic Elective (All Other Electives) | DJ9: ARTS, SOCIAL SCIENCE AND HUMANITIES CLUSTER | DK9: Arts 2 (Creative Industries - Music, Dance, and Theater) | DL9: 2 | DM9: 0 | DN9: 11
CQ10: 36 | CR10: 69 | CT10: 8 | DD10: Selected Grade Level | DI10: Academic Elective (All Other Electives) | DJ10: ARTS, SOCIAL SCIENCE AND HUMANITIES CLUSTER | DK10: Filipino Identity Through the Arts | DL10: 2 | DM10: 0 | DN10: 11
CQ11: 40 | CR11: 70 | CT11: 9 | DD11: ='INPUT DATA'!F24 -> 0 | DI11: Academic Elective (All Other Electives) | DJ11: ARTS, SOCIAL SCIENCE AND HUMANITIES CLUSTER | DK11: Leadership and Mangement in the Arts | DL11: 2 | DM11: 0 | DN11: 11
CQ12: 44 | CR12: 71 | CT12: 10 | DI12: Academic Elective (All Other Electives) | DJ12: ARTS, SOCIAL SCIENCE AND HUMANITIES CLUSTER | DK12: Citizenship and Civic Engagement | DL12: 2 | DM12: 2 | DN12: 11/12
CQ13: 48 | CR13: 72 | CT13: 11 | DD13: Elective Subjects | DI13: Academic Elective (All Other Electives) | DJ13: ARTS, SOCIAL SCIENCE AND HUMANITIES CLUSTER | DK13: Contemporary Literature 1 | DL13: 2 | DM13: 2 | DN13: 11/12
CQ14: 52 | CR14: 73 | CT14: 12 | DD14: {=IFERROR(_xlfn._xlws.FILTER( DK2:DK140, ISNUMBER(SEARCH(DD11, DN2:DN140)) * (DI2:DI140 = DD9)),"Input Grade Level and Select Subject Type")} -> Input Grade Level and Select Subject Type | DI14: Academic Elective (All Other Electives) | DJ14: ARTS, SOCIAL SCIENCE AND HUMANITIES CLUSTER | DK14: Contemporary Literature 2 | DL14: 2 | DM14: 2 | DN14: 11/12
CQ15: 56 | CR15: 74 | CT15: 13 | DI15: Academic Elective (All Other Electives) | DJ15: ARTS, SOCIAL SCIENCE AND HUMANITIES CLUSTER | DK15: Creative Composition 1 | DL15: 2 | DM15: 2 | DN15: 11/12
CQ16: 60 | CR16: 75 | CT16: 14 | DI16: Academic Elective (All Other Electives) | DJ16: ARTS, SOCIAL SCIENCE AND HUMANITIES CLUSTER | DK16: Creative Composition 2 | DL16: 0 | DM16: 2 | DN16: 12
CQ17: 61.6 | CR17: 76 | CT17: 15 | DI17: Academic Elective (All Other Electives) | DJ17: ARTS, SOCIAL SCIENCE AND HUMANITIES CLUSTER | DK17: Filipino 1 (Wika at Komunikasyon sa Akademikong Filipino) | DL17: 2 | DM17: 2 | DN17: 11/12
CQ18: 63.2 | CR18: 77 | CT18: 16 | DI18: Academic Elective (All Other Electives) | DJ18: ARTS, SOCIAL SCIENCE AND HUMANITIES CLUSTER | DK18: Filipino 2 (Filipino para sa Larang Teknikal-Propesyonal) | DL18: 2 | DM18: 2 | DN18: 11/12
CQ19: 64.8 | CR19: 78 | CT19: 17 | DI19: Academic Elective (All Other Electives) | DJ19: ARTS, SOCIAL SCIENCE AND HUMANITIES CLUSTER | DK19: Filipino 2 (Filipino sa Isports) | DL19: 2 | DM19: 2 | DN19: 11/12
CQ20: 66.4 | CR20: 79 | CT20: 18 | DI20: Academic Elective (All Other Electives) | DJ20: ARTS, SOCIAL SCIENCE AND HUMANITIES CLUSTER | DK20: Filipino 2 (Filipino sa Sining at Disenyo) | DL20: 2 | DM20: 2 | DN20: 11/12
CQ21: 68 | CR21: 80 | CT21: 19 | DI21: Academic Elective (All Other Electives) | DJ21: ARTS, SOCIAL SCIENCE AND HUMANITIES CLUSTER | DK21: Introduction to Philosophy | DL21: 2 | DM21: 2 | DN21: 11/12
CQ22: 69.6 | CR22: 81 | CT22: 20 | DI22: Academic Elective (All Other Electives) | DJ22: ARTS, SOCIAL SCIENCE AND HUMANITIES CLUSTER | DK22: Malikhaing Pagsulat | DL22: 2 | DM22: 2 | DN22: 11/12
CQ23: 71.2 | CR23: 82 | CT23: 21 | DI23: Academic Elective (All Other Electives) | DJ23: ARTS, SOCIAL SCIENCE AND HUMANITIES CLUSTER | DK23: Philippine Governance (Philippine Politics and Governance) | DL23: 2 | DM23: 2 | DN23: 11/12
CQ24: 72.8 | CR24: 83 | CT24: 22 | DI24: Academic Elective (All Other Electives) | DJ24: ARTS, SOCIAL SCIENCE AND HUMANITIES CLUSTER | DK24: Social Sciences (Theory and Practice) | DL24: 2 | DM24: 2 | DN24: 11/12
CQ25: 74.4 | CR25: 84 | CT25: 23 | DI25: Academic Elective (All Other Electives) | DJ25: BUSINESS AND ENTREPRENEURSHIP | DK25: Business 1 (Basic Accounting) | DL25: 2 | DM25: 2 | DN25: 11/12
CQ26: 76 | CR26: 85 | CT26: 24 | DI26: Academic Elective (All Other Electives) | DJ26: BUSINESS AND ENTREPRENEURSHIP | DK26: Business 2 (Business Finance and Income Taxation) | DL26: 2 | DM26: 2 | DN26: 11/12
CQ27: 77.6 | CR27: 86 | CT27: 25 | DI27: Academic Elective (All Other Electives) | DJ27: BUSINESS AND ENTREPRENEURSHIP | DK27: Business 3 (Business Economics) | DL27: 2 | DM27: 2 | DN27: 11/12
CQ28: 79.2 | CR28: 87 | CT28: 26 | DI28: Academic Elective (All Other Electives) | DJ28: BUSINESS AND ENTREPRENEURSHIP | DK28: Contemporary Marketing | DL28: 2 | DM28: 2 | DN28: 11/12
... CQ30: 82.4 | CR30: 89 | CT30: 28 | DI30: Academic Elective (All Other Electives) | DJ30: BUSINESS AND ENTREPRENEURSHIP | DK30: Introduction to Organization and Management | DL30: 2 | DM30: 2 | DN30: 11/12
CQ31: 84 | CR31: 90 | CT31: 29 | DI31: Academic Elective (All Other Electives) | DJ31: SCIENCE, TECHNOLOGY, ENGINEERING AND MATHEMATICS | DK31: Advanced Mathematics 1 | DL31: 0 | DM31: 2 | DN31: 12
CQ32: 85.6 | CR32: 91 | CT32: 30 | DI32: Academic Elective (All Other Electives) | DJ32: SCIENCE, TECHNOLOGY, ENGINEERING AND MATHEMATICS | DK32: Advanced Mathematics 2 | DL32: 0 | DM32: 2 | DN32: 12
CQ33: 87.2 | CR33: 92 | CT33: 31 | DI33: Academic Elective (All Other Electives) | DJ33: SCIENCE, TECHNOLOGY, ENGINEERING AND MATHEMATICS | DK33: Biology 1 | DL33: 2 | DM33: 0 | DN33: 11
CQ34: 88.8 | CR34: 93 | CT34: 32 | DI34: Academic Elective (All Other Electives) | DJ34: SCIENCE, TECHNOLOGY, ENGINEERING AND MATHEMATICS | DK34: Biology 2 | DL34: 2 | DM34: 0 | DN34: 11
CQ35: 90.4 | CR35: 94 | CT35: 33 | DI35: Academic Elective (All Other Electives) | DJ35: SCIENCE, TECHNOLOGY, ENGINEERING AND MATHEMATICS | DK35: Biology 3 | DL35: 0 | DM35: 2 | DN35: 12
CQ36: 92 | CR36: 95 | CT36: 34 | DI36: Academic Elective (All Other Electives) | DJ36: SCIENCE, TECHNOLOGY, ENGINEERING AND MATHEMATICS | DK36: Biology 4 | DL36: 0 | DM36: 2 | DN36: 12
CQ37: 93.6 | CR37: 96 | CT37: 35 | DI37: Academic Elective (All Other Electives) | DJ37: SCIENCE, TECHNOLOGY, ENGINEERING AND MATHEMATICS | DK37: Chemistry 1 | DL37: 2 | DM37: 0 | DN37: 11
CQ38: 95.2 | CR38: 97 | CT38: 36 | DI38: Academic Elective (All Other Electives) | DJ38: SCIENCE, TECHNOLOGY, ENGINEERING AND MATHEMATICS | DK38: Chemistry 2 | DL38: 2 | DM38: 0 | DN38: 11
CQ39: 96.8 | CR39: 98 | CT39: 37 | DI39: Academic Elective (All Other Electives) | DJ39: SCIENCE, TECHNOLOGY, ENGINEERING AND MATHEMATICS | DK39: Chemistry 3 | DL39: 0 | DM39: 2 | DN39: 12
CQ40: 98.4 | CR40: 99 | CT40: 38 | DI40: Academic Elective (All Other Electives) | DJ40: SCIENCE, TECHNOLOGY, ENGINEERING AND MATHEMATICS | DK40: Chemistry 4 | DL40: 0 | DM40: 2 | DN40: 12
CQ41: 100 | CR41: 100 | CT41: 39 | DI41: Academic Elective (All Other Electives) | DJ41: SCIENCE, TECHNOLOGY, ENGINEERING AND MATHEMATICS | DK41: Database Management | DL41: 2 | DM41: 2 | DN41: 11/12
CT42: 40 | DI42: Academic Elective (All Other Electives) | DJ42: SCIENCE, TECHNOLOGY, ENGINEERING AND MATHEMATICS | DK42: Earth and Space Science 1 | DL42: 2 | DM42: 0 | DN42: 11
CT43: 41 | DI43: Academic Elective (All Other Electives) | DJ43: SCIENCE, TECHNOLOGY, ENGINEERING AND MATHEMATICS | DK43: Earth and Space Science 2 | DL43: 2 | DM43: 0 | DN43: 11
CT44: 42 | DI44: Academic Elective (All Other Electives) | DJ44: SCIENCE, TECHNOLOGY, ENGINEERING AND MATHEMATICS | DK44: Earth and Space Science 3 | DL44: 0 | DM44: 2 | DN44: 12
CT45: 43 | DI45: Academic Elective (All Other Electives) | DJ45: SCIENCE, TECHNOLOGY, ENGINEERING AND MATHEMATICS | DK45: Earth and Space Science 4 | DL45: 0 | DM45: 2 | DN45: 12
CT46: 44 | DI46: Academic Elective (All Other Electives) | DJ46: SCIENCE, TECHNOLOGY, ENGINEERING AND MATHEMATICS | DK46: Empowerment Technologies | DL46: 2 | DM46: 2 | DN46: 11/12
CT47: 45 | DI47: Academic Elective (All Other Electives) | DJ47: SCIENCE, TECHNOLOGY, ENGINEERING AND MATHEMATICS | DK47: Finite Mathematics 1 | DL47: 2 | DM47: 2 | DN47: 11/12
CT48: 46 | DI48: Academic Elective (All Other Electives) | DJ48: SCIENCE, TECHNOLOGY, ENGINEERING AND MATHEMATICS | DK48: Finite Mathematics 2 | DL48: 2 | DM48: 2 | DN48: 11/12
CT49: 47 | DI49: Academic Elective (All Other Electives) | DJ49: SCIENCE, TECHNOLOGY, ENGINEERING AND MATHEMATICS | DK49: Fundamentals in Data Analytics | DL49: 2 | DM49: 2 | DN49: 11/12
CT50: 48 | DI50: Academic Elective (All Other Electives) | DJ50: SCIENCE, TECHNOLOGY, ENGINEERING AND MATHEMATICS | DK50: General Science 3 | DL50: 0 | DM50: 2 | DN50: 12
CT51: 49 | DI51: Academic Elective (All Other Electives) | DJ51: SCIENCE, TECHNOLOGY, ENGINEERING AND MATHEMATICS | DK51: General Science 4 | DL51: 0 | DM51: 2 | DN51: 12
CT52: 50 | DI52: Academic Elective (All Other Electives) | DJ52: SCIENCE, TECHNOLOGY, ENGINEERING AND MATHEMATICS | DK52: Physics 1 | DL52: 2 | DM52: 0 | DN52: 11
CT53: FEMALE | DI53: Academic Elective (All Other Electives) | DJ53: SCIENCE, TECHNOLOGY, ENGINEERING AND MATHEMATICS | DK53: Physics 2 | DL53: 2 | DM53: 0 | DN53: 11
CT54: {=_xlfn.SEQUENCE(50)} -> 1 | DI54: Academic Elective (All Other Electives) | DJ54: SCIENCE, TECHNOLOGY, ENGINEERING AND MATHEMATICS | DK54: Physics 3 | DL54: 0 | DM54: 2 | DN54: 12
CT55: 2 | DI55: Academic Elective (All Other Electives) | DJ55: SCIENCE, TECHNOLOGY, ENGINEERING AND MATHEMATICS | DK55: Physics 4 | DL55: 0 | DM55: 2 | DN55: 12
CT56: 3 | DI56: Academic Elective (All Other Electives) | DJ56: SCIENCE, TECHNOLOGY, ENGINEERING AND MATHEMATICS | DK56: Pre-calculus 1 | DL56: 0 | DM56: 2 | DN56: 12
CT57: 4 | DI57: Academic Elective (All Other Electives) | DJ57: SCIENCE, TECHNOLOGY, ENGINEERING AND MATHEMATICS | DK57: Pre-calculus 2 | DL57: 0 | DM57: 2 | DN57: 12
CT58: 5 | DI58: Academic Elective (All Other Electives) | DJ58: SCIENCE, TECHNOLOGY, ENGINEERING AND MATHEMATICS | DK58: Trigonometry 1 | DL58: 0 | DM58: 2 | DN58: 12
CT59: 6 | DI59: Academic Elective (All Other Electives) | DJ59: SCIENCE, TECHNOLOGY, ENGINEERING AND MATHEMATICS | DK59: Trigonometry 2 | DL59: 0 | DM59: 2 | DN59: 12
CT60: 7 | DI60: Academic Elective (All Other Electives) | DJ60: SPORTS, HEALTH AND WELLNESS | DK60: Exercise and Sports Programming | DL60: 2 | DM60: 2 | DN60: 11/12
CT61: 8 | DI61: Academic Elective (All Other Electives) | DJ61: SPORTS, HEALTH AND WELLNESS | DK61: Human Movement 1 (Basic Anatomy in Sports and Exercise) | DL61: 2 | DM61: 0 | DN61: 11
CT62: 9 | DI62: Academic Elective (All Other Electives) | DJ62: SPORTS, HEALTH AND WELLNESS | DK62: Human Movement 2 (Motor Skills Development) | DL62: 2 | DM62: 0 | DN62: 11
CT63: 10 | DI63: Academic Elective (All Other Electives) | DJ63: SPORTS, HEALTH AND WELLNESS | DK63: Physical Education 1 (Fitness and Recreation) | DL63: 2 | DM63: 2 | DN63: 11/12
CT64: 11 | DI64: Academic Elective (All Other Electives) | DJ64: SPORTS, HEALTH AND WELLNESS | DK64: Physical Education 2 (Sports and Dance) | DL64: 2 | DM64: 2 | DN64: 11/12
CT65: 12 | DI65: Academic Elective (All Other Electives) | DJ65: SPORTS, HEALTH AND WELLNESS | DK65: Safety and First Aid | DL65: 2 | DM65: 2 | DN65: 11/12
CT66: 13 | DI66: Academic Elective (All Other Electives) | DJ66: SPORTS, HEALTH AND WELLNESS | DK66: Sports Activity Management | DL66: 2 | DM66: 2 | DN66: 11/12
CT67: 14 | DI67: Academic Elective (All Other Electives) | DJ67: SPORTS, HEALTH AND WELLNESS | DK67: Sports Coaching | DL67: 2 | DM67: 2 | DN67: 11/12
CT68: 15 | DI68: Academic Elective (All Other Electives) | DJ68: SPORTS, HEALTH AND WELLNESS | DK68: Sports Officiating | DL68: 2 | DM68: 2 | DN68: 11/12
CT69: 16 | DI69: Academic Elective (Field Experience / Exposure, and Sports and Arts) | DJ69: FIELD EXPOSURE | DK69: Field Exposure - Arts Apprenticeship (Dance, Music, Theater Arts, Literary Arts, Visual Arts, Visual, Media, Applied, and Traditional Art) | DL69: 2 | DM69: 2 | DN69: 11/12
CT70: 17 | DI70: Academic Elective (Field Experience / Exposure, and Sports and Arts) | DJ70: FIELD EXPOSURE | DK70: Field Exposure - Creative Production and Presentation | DL70: 2 | DM70: 2 | DN70: 11/12
CT71: 18 | DI71: Academic Elective (Field Experience / Exposure, and Sports and Arts) | DJ71: FIELD EXPOSURE | DK71: Field Exposure - Design and Innovation | DL71: 2 | DM71: 2 | DN71: 11/12
CT72: 19 | DI72: Academic Elective (Field Experience / Exposure, and Sports and Arts) | DJ72: FIELD EXPOSURE | DK72: Field Exposure - Research Methods | DL72: 2 | DM72: 2 | DN72: 11/12
CT73: 20 | DI73: Academic Elective (Field Experience / Exposure, and Sports and Arts) | DJ73: FIELD EXPOSURE | DK73: Field Exposure - (In-Campus) Sports | DL73: 2 | DM73: 2 | DN73: 11/12
CT74: 21 | DI74: Academic Elective (Field Experience / Exposure, and Sports and Arts) | DJ74: FIELD EXPOSURE | DK74: Field Exposure - (Off-Campus) (Business and Entrepreneurship/ Sports Health, and Wellness/ Science, Technology, Engineering, and Mathematics) | DL74: 2 | DM74: 2 | DN74: 11/12
... CT103: 50 | DI103: TechPro Elective (All Other Electives) | DJ103: HOSPITALITY AND TOURISM | DK103: Bakery Operation | DL103: 4 | DM103: 2 | DN103: 11/12
DI104: TechPro Elective (All Other Electives) | DJ104: HOSPITALITY AND TOURISM | DK104: Events Management Services | DL104: 4 | DM104: 2 | DN104: 11/12
DI105: TechPro Elective (All Other Electives) | DJ105: HOSPITALITY AND TOURISM | DK105: Food and Beverage Operation | DL105: 4 | DM105: 2 | DN105: 11/12
DI106: TechPro Elective (All Other Electives) | DJ106: HOSPITALITY AND TOURISM | DK106: Hotel Operation (Front Office Services) | DL106: 4 | DM106: 2 | DN106: 11/12
DI107: TechPro Elective (All Other Electives) | DJ107: HOSPITALITY AND TOURISM | DK107: Hotel Operation (Housekeeping Services) | DL107: 4 | DM107: 2 | DN107: 11/12
DI108: TechPro Elective (All Other Electives) | DJ108: HOSPITALITY AND TOURISM | DK108: Kitchen Operations | DL108: 4 | DM108: 2 | DN108: 11/12
DI109: TechPro Elective (All Other Electives) | DJ109: HOSPITALITY AND TOURISM | DK109: Tourism Services | DL109: 4 | DM109: 2 | DN109: 11/12
DI110: TechPro Elective (All Other Electives) | DJ110: INDUSTRIAL TECHNOLOGIES | DK110: Commercial Air-Conditioning Installation and Servicing | DL110: 4 | DM110: 2 | DN110: 11/12
DI111: TechPro Elective (All Other Electives) | DJ111: INDUSTRIAL TECHNOLOGIES | DK111: Domestic Refrigeration and Air-Conditioning Servicing | DL111: 4 | DM111: 2 | DN111: 11/12
DI112: TechPro Elective (All Other Electives) | DJ112: INDUSTRIAL TECHNOLOGIES | DK112: Electrical Installation Maintenance | DL112: 4 | DM112: 2 | DN112: 11/12
DI113: TechPro Elective (All Other Electives) | DJ113: INDUSTRIAL TECHNOLOGIES | DK113: Electronics Product Assembly and Servicing | DL113: 4 | DM113: 2 | DN113: 11/12
DI114: TechPro Elective (All Other Electives) | DJ114: INDUSTRIAL TECHNOLOGIES | DK114: Mechatronics | DL114: 4 | DM114: 2 | DN114: 11/12
DI115: TechPro Elective (All Other Electives) | DJ115: INDUSTRIAL TECHNOLOGIES | DK115: Photovoltaic Systems Installation | DL115: 4 | DM115: 2 | DN115: 11/12
... DI134: TechPro Elective (Work Immersion) | DJ134: MARITIME TRANSPORT | DK134: Work Immersion - Maritime Transport | DL134: 4 | DM134: 2 | DN134: 11/12
DI135: Academic Elective (All Other Electives) | DK135: Other Elective and Special Curricular Program | DL135: 4 | DM135: 2 | DN135: 11/12
DI136: Academic Elective (Field Experience / Exposure, and Sports and Arts) | DK136: Other Elective and Special Curricular Program | DL136: 4 | DM136: 2 | DN136: 11/12
DI137: TechPro Elective (All Other Electives) | DK137: Other Elective and Special Curricular Program | DL137: 4 | DM137: 2 | DN137: 11/12
DI138: TechPro Elective (Work Immersion) | DK138: Other Elective and Special Curricular Program | DL138: 4 | DM138: 2 | DN138: 11/12
