Workbook
Name TRANSMUTATION_TABLE: 'DO NOT DELETE'!$G$2:$J$42

Sheet INPUT DATA
A1: Input Data Sheet for E-Class Record
C4: REGION | L4: DIVISION
B5: SCHOOL NAME | G5: ARMS DEMO NATIONAL HIGH SCHOOL | T5: SCHOOL ID | X5: DEMO-ARMS | AD5: SCHOOL YEAR | AG5: 2026-2027
F7: GRADE & SECTION: | K7: GRADE 7 - ILANG-ILANG | Q7: TEACHER: | S7: MARIA SANTOS | AC7: SUBJECT: | AG7: MATHEMATICS
B8: LEARNERS' NAMES
B11: MALE | AK11: LRN (do not edit)
A12: 1 | B12: BAUTISTA, KYLE Z. | C12: 0 | D12: 0 | E12: 0 | AK12: 999911000001
A13: 2 | B13: FLORES, JEROME C. | C13: 0 | D13: 0 | E13: 0 | AK13: 999911000002
A14: 3 | B14: GONZALES, FRANCIS L. | C14: 0 | D14: 0 | E14: 0 | AK14: 999911000003
A15: 4 | B15: IGNACIO, CHRISTIAN D. | C15: 0 | D15: 0 | E15: 0 | AK15: 999911000004
A16: 5 | B16: LUMAPAS, JERICHO T. | C16: 0 | D16: 0 | E16: 0 | AK16: 999911000005
A17: 6 | B17: MENDOZA, EMMANUEL R. | C17: 0 | D17: 0 | E17: 0 | AK17: 999911000006
A18: 7 | B18: MENDOZA, JUAN MIGUEL O. | C18: 0 | D18: 0 | E18: 0 | AK18: 999911000007
A19: 8 | B19: MORALES, KYLE P. | C19: 0 | D19: 0 | E19: 0 | AK19: 999911000008
A20: 9 | B20: NAVARRO, MARK ANTHONY T. | C20: 0 | D20: 0 | E20: 0 | AK20: 999911000009
A21: 10 | B21: OCAMPO JR., CHRISTIAN U. | C21: 0 | D21: 0 | E21: 0 | AK21: 999911000010
A22: 11 | B22: PANGANIBAN, DOMINIC C. | C22: 0 | D22: 0 | E22: 0 | AK22: 999911000011
A23: 12 | B23: RAMOS, FRANCIS H. | C23: 0 | D23: 0 | E23: 0 | AK23: 999911000012
... A31: 20 | B31: YBANEZ, JOSHUA V. | C31: 0 | D31: 0 | E31: 0 | AK31: 999911000020
A32: 21 | C32: 0 | D32: 0 | E32: 0
A33: 22 | C33: 0 | D33: 0 | E33: 0
A34: 23 | C34: 0 | D34: 0 | E34: 0
A35: 24 | C35: 0 | D35: 0 | E35: 0
A36: 25 | C36: 0 | D36: 0 | E36: 0
A37: 26 | C37: 0 | D37: 0 | E37: 0
A38: 27 | C38: 0 | D38: 0 | E38: 0
A39: 28 | C39: 0 | D39: 0 | E39: 0
A40: 29 | C40: 0 | D40: 0 | E40: 0
A41: 30 | C41: 0 | D41: 0 | E41: 0
A42: 31 | C42: 0 | D42: 0 | E42: 0
A43: 32 | C43: 0 | D43: 0 | E43: 0
... A61: 50 | C61: 0 | D61: 0 | E61: 0
B62: FEMALE
A63: 1 | B63: AQUINO, ANGELICA U. | C63: 0 | D63: 0 | E63: 0 | AK63: 999911000021
A64: 2 | B64: BAUTISTA, MARIA CLARA I. | C64: 0 | D64: 0 | E64: 0 | AK64: 999911000022
A65: 3 | B65: DELA CRUZ, KATHLEEN K. | C65: 0 | D65: 0 | E65: 0 | AK65: 999911000023
A66: 4 | B66: DIMACULANGAN, ELLAINE O. | C66: 0 | D66: 0 | E66: 0 | AK66: 999911000024
A67: 5 | B67: DIMACULANGAN, TRISHA S. | C67: 0 | D67: 0 | E67: 0 | AK67: 999911000025
A68: 6 | B68: FERNANDEZ, JILLIAN V. | C68: 0 | D68: 0 | E68: 0 | AK68: 999911000026
A69: 7 | B69: GONZALES, MIKAELA C. | C69: 0 | D69: 0 | E69: 0 | AK69: 999911000027
A70: 8 | B70: GUTIERREZ, PATRICIA N. | C70: 0 | D70: 0 | E70: 0 | AK70: 999911000028
A71: 9 | B71: IGNACIO, ANGELICA O. | C71: 0 | D71: 0 | E71: 0 | AK71: 999911000029
A72: 10 | B72: LACSON, BEA M. | C72: 0 | D72: 0 | E72: 0 | AK72: 999911000030
A73: 11 | B73: LACSON, MARIA CLARA K. | C73: 0 | D73: 0 | E73: 0 | AK73: 999911000031
A74: 12 | B74: LACSON, SHAIRA N. | C74: 0 | D74: 0 | E74: 0 | AK74: 999911000032
... A84: 22 | B84: SARMIENTO, CAMILLE F. | C84: 0 | D84: 0 | E84: 0 | AK84: 999911000042
A85: 23 | C85: 0 | D85: 0 | E85: 0
A86: 24 | C86: 0 | D86: 0 | E86: 0
A87: 25 | C87: 0 | D87: 0 | E87: 0
A88: 26 | C88: 0 | D88: 0 | E88: 0
A89: 27 | C89: 0 | D89: 0 | E89: 0
A90: 28 | C90: 0 | D90: 0 | E90: 0
A91: 29 | C91: 0 | D91: 0 | E91: 0
A92: 30 | C92: 0 | D92: 0 | E92: 0
A93: 31 | C93: 0 | D93: 0 | E93: 0
A94: 32 | C94: 0 | D94: 0 | E94: 0
A95: 33 | C95: 0 | D95: 0 | E95: 0
A96: 34 | C96: 0 | D96: 0 | E96: 0
... A112: 50 | C112: 0 | D112: 0 | E112: 0

Sheet MATH_Q1
A1: Class Record
A3: (Pursuant to Deped Order 8 series of 2015)
C4: REGION | G4: ='INPUT DATA'!G4 -> 0 | L4: DIVISION | O4: ='INPUT DATA'!O4 -> 0
B5: SCHOOL NAME | G5: ='INPUT DATA'!G5 -> ARMS DEMO NATIONAL HIGH SCHOOL | T5: SCHOOL ID | AD5: SCHOOL YEAR | AG5: ='INPUT DATA'!AG5 -> 2026-2027
A7: FIRST QUARTER | F7: GRADE & SECTION: | K7: ='INPUT DATA'!K7 -> GRADE 7 - ILANG-ILANG | Q7: TEACHER: | S7: ='INPUT DATA'!S7 -> MARIA SANTOS | AC7: SUBJECT: | AG7: ='INPUT DATA'!AG7 -> MATHEMATICS
B8: LEARNERS' NAMES | F8: WRITTEN WORKS (40%) | S8: PERFORMANCE TASKS (40%) | AF8: QUARTERLY ASSESSMENT (20%) | AI8: Initial | AJ8: Quarterly
F9: 1 | G9: 2 | H9: 3 | I9: 4 | J9: 5 | K9: 6 | L9: 7 | M9: 8 | N9: 9 | O9: 10 | P9: Total | Q9: PS | R9: WS | S9: 1 | T9: 2 | U9: 3 | V9: 4 | W9: 5 | X9: 6 | Y9: 7 | Z9: 8 | AA9: 9 | AB9: 10 | AC9: Total | AD9: PS | AE9: WS | AF9: 1 | AG9: PS | AH9: WS | AI9: Grade | AJ9: Grade
B10: HIGHEST POSSIBLE SCORE | P10: =IF(COUNT($F10:$O10)=0,"",SUM($F10:$O10)) | Q10: 100 | R10: 0.4 | AC10: =IF(COUNT($S10:$AB10)=0,"",SUM($S10:$AB10)) | AD10: 100 | AE10: 0.4 | AG10: 100 | AH10: 0.2
B11: MALE
A12: 1 | B12: ='INPUT DATA'!B12 -> BAUTISTA, KYLE Z. | P12: =IF(COUNT($F12:$O12)=0,"",SUM($F12:$O12)) | Q12: =IF(ISERROR(IF($P12="","",ROUND(($P12/$P$10)*$Q$10,2))),"",IF($P12="","",ROUND(($P12/$P$10)*$Q$10,2))) | R12: =IF($Q12="","",ROUND($Q12*$R$10,2)) | AC12: =IF(COUNT($S12:$AB12)=0,"",SUM($S12:$AB12)) | AD12: =IF(ISERROR(IF($AC12="","",ROUND(($AC12/$AC$10)*$AD$10,2))),"",IF($AC12="","",ROUND(($AC12/$AC$10)*$AD$10,2))) | AE12: =IF($AD12="","",ROUND($AD12*$AE$10,2)) | AG12: =IF(ISERROR(IF($AF12="","",ROUND(($AF12/$AF$10)*$AG$10,2))),"",IF($AF12="","",ROUND(($AF12/$AF$10)*$AG$10,2))) | AH12: =IF($AG12="","",ROUND($AG12*$AH$10,2)) | AI12: =IF(ISERROR(IF($AF12="","",ROUND(SUM($R12,$AE12,$AH12),2))),"",IF($AF12="","",ROUND(SUM($R12,$AE12,$AH12),2))) | AJ12: =IF(ISERROR(IF($AF12="","",VLOOKUP(AI12,TRANSMUTATION_TABLE,4,TRUE))),"",IF($AF12="","",VLOOKUP(AI12,TRANSMUTATION_TABLE,4,TRUE)))
A13: 2 | B13: ='INPUT DATA'!B13 -> FLORES, JEROME C. | P13: =IF(COUNT($F13:$O13)=0,"",SUM($F13:$O13)) | Q13: =IF(ISERROR(IF($P13="","",ROUND(($P13/$P$10)*$Q$10,2))),"",IF($P13="","",ROUND(($P13/$P$10)*$Q$10,2))) | R13: =IF($Q13="","",ROUND($Q13*$R$10,2)) | AC13: =IF(COUNT($S13:$AB13)=0,"",SUM($S13:$AB13)) | AD13: =IF(ISERROR(IF($AC13="","",ROUND(($AC13/$AC$10)*$AD$10,2))),"",IF($AC13="","",ROUND(($AC13/$AC$10)*$AD$10,2))) | AE13: =IF($AD13="","",ROUND($AD13*$AE$10,2)) | AG13: =IF(ISERROR(IF($AF13="","",ROUND(($AF13/$AF$10)*$AG$10,2))),"",IF($AF13="","",ROUND(($AF13/$AF$10)*$AG$10,2))) | AH13: =IF($AG13="","",ROUND($AG13*$AH$10,2)) | AI13: =IF(ISERROR(IF($AF13="","",ROUND(SUM($R13,$AE13,$AH13),2))),"",IF($AF13="","",ROUND(SUM($R13,$AE13,$AH13),2))) | AJ13: =IF(ISERROR(IF($AF13="","",VLOOKUP(AI13,TRANSMUTATION_TABLE,4,TRUE))),"",IF($AF13="","",VLOOKUP(AI13,TRANSMUTATION_TABLE,4,TRUE)))
A14: 3 | B14: ='INPUT DATA'!B14 -> GONZALES, FRANCIS L. | P14: =IF(COUNT($F14:$O14)=0,"",SUM($F14:$O14)) | Q14: =IF(ISERROR(IF($P14="","",ROUND(($P14/$P$10)*$Q$10,2))),"",IF($P14="","",ROUND(($P14/$P$10)*$Q$10,2))) | R14: =IF($Q14="","",ROUND($Q14*$R$10,2)) | AC14: =IF(COUNT($S14:$AB14)=0,"",SUM($S14:$AB14)) | AD14: =IF(ISERROR(IF($AC14="","",ROUND(($AC14/$AC$10)*$AD$10,2))),"",IF($AC14="","",ROUND(($AC14/$AC$10)*$AD$10,2))) | AE14: =IF($AD14="","",ROUND($AD14*$AE$10,2)) | AG14: =IF(ISERROR(IF($AF14="","",ROUND(($AF14/$AF$10)*$AG$10,2))),"",IF($AF14="","",ROUND(($AF14/$AF$10)*$AG$10,2))) | AH14: =IF($AG14="","",ROUND($AG14*$AH$10,2)) | AI14: =IF(ISERROR(IF($AF14="","",ROUND(SUM($R14,$AE14,$AH14),2))),"",IF($AF14="","",ROUND(SUM($R14,$AE14,$AH14),2))) | AJ14: =IF(ISERROR(IF($AF14="","",VLOOKUP(AI14,TRANSMUTATION_TABLE,4,TRUE))),"",IF($AF14="","",VLOOKUP(AI14,TRANSMUTATION_TABLE,4,TRUE)))
A15: 4 | B15: ='INPUT DATA'!B15 -> IGNACIO, CHRISTIAN D. | P15: =IF(COUNT($F15:$O15)=0,"",SUM($F15:$O15)) | Q15: =IF(ISERROR(IF($P15="","",ROUND(($P15/$P$10)*$Q$10,2))),"",IF($P15="","",ROUND(($P15/$P$10)*$Q$10,2))) | R15: =IF($Q15="","",ROUND($Q15*$R$10,2)) | AC15: =IF(COUNT($S15:$AB15)=0,"",SUM($S15:$AB15)) | AD15: =IF(ISERROR(IF($AC15="","",ROUND(($AC15/$AC$10)*$AD$10,2))),"",IF($AC15="","",ROUND(($AC15/$AC$10)*$AD$10,2))) | AE15: =IF($AD15="","",ROUND($AD15*$AE$10,2)) | AG15: =IF(ISERROR(IF($AF15="","",ROUND(($AF15/$AF$10)*$AG$10,2))),"",IF($AF15="","",ROUND(($AF15/$AF$10)*$AG$10,2))) | AH15: =IF($AG15="","",ROUND($AG15*$AH$10,2)) | AI15: =IF(ISERROR(IF($AF15="","",ROUND(SUM($R15,$AE15,$AH15),2))),"",IF($AF15="","",ROUND(SUM($R15,$AE15,$AH15),2))) | AJ15: =IF(ISERROR(IF($AF15="","",VLOOKUP(AI15,TRANSMUTATION_TABLE,4,TRUE))),"",IF($AF15="","",VLOOKUP(AI15,TRANSMUTATION_TABLE,4,TRUE)))
A16: 5 | B16: ='INPUT DATA'!B16 -> LUMAPAS, JERICHO T. | P16: =IF(COUNT($F16:$O16)=0,"",SUM($F16:$O16)) | Q16: =IF(ISERROR(IF($P16="","",ROUND(($P16/$P$10)*$Q$10,2))),"",IF($P16="","",ROUND(($P16/$P$10)*$Q$10,2))) | R16: =IF($Q16="","",ROUND($Q16*$R$10,2)) | AC16: =IF(COUNT($S16:$AB16)=0,"",SUM($S16:$AB16)) | AD16: =IF(ISERROR(IF($AC16="","",ROUND(($AC16/$AC$10)*$AD$10,2))),"",IF($AC16="","",ROUND(($AC16/$AC$10)*$AD$10,2))) | AE16: =IF($AD16="","",ROUND($AD16*$AE$10,2)) | AG16: =IF(ISERROR(IF($AF16="","",ROUND(($AF16/$AF$10)*$AG$10,2))),"",IF($AF16="","",ROUND(($AF16/$AF$10)*$AG$10,2))) | AH16: =IF($AG16="","",ROUND($AG16*$AH$10,2)) | AI16: =IF(ISERROR(IF($AF16="","",ROUND(SUM($R16,$AE16,$AH16),2))),"",IF($AF16="","",ROUND(SUM($R16,$AE16,$AH16),2))) | AJ16: =IF(ISERROR(IF($AF16="","",VLOOKUP(AI16,TRANSMUTATION_TABLE,4,TRUE))),"",IF($AF16="","",VLOOKUP(AI16,TRANSMUTATION_TABLE,4,TRUE)))
A17: 6 | B17: ='INPUT DATA'!B17 -> MENDOZA, EMMANUEL R. | P17: =IF(COUNT($F17:$O17)=0,"",SUM($F17:$O17)) | Q17: =IF(ISERROR(IF($P17="","",ROUND(($P17/$P$10)*$Q$10,2))),"",IF($P17="","",ROUND(($P17/$P$10)*$Q$10,2))) | R17: =IF($Q17="","",ROUND($Q17*$R$10,2)) | AC17: =IF(COUNT($S17:$AB17)=0,"",SUM($S17:$AB17)) | AD17: =IF(ISERROR(IF($AC17="","",ROUND(($AC17/$AC$10)*$AD$10,2))),"",IF($AC17="","",ROUND(($AC17/$AC$10)*$AD$10,2))) | AE17: =IF($AD17="","",ROUND($AD17*$AE$10,2)) | AG17: =IF(ISERROR(IF($AF17="","",ROUND(($AF17/$AF$10)*$AG$10,2))),"",IF($AF17="","",ROUND(($AF17/$AF$10)*$AG$10,2))) | AH17: =IF($AG17="","",ROUND($AG17*$AH$10,2)) | AI17: =IF(ISERROR(IF($AF17="","",ROUND(SUM($R17,$AE17,$AH17),2))),"",IF($AF17="","",ROUND(SUM($R17,$AE17,$AH17),2))) | AJ17: =IF(ISERROR(IF($AF17="","",VLOOKUP(AI17,TRANSMUTATION_TABLE,4,TRUE))),"",IF($AF17="","",VLOOKUP(AI17,TRANSMUTATION_TABLE,4,TRUE)))
A18: 7 | B18: ='INPUT DATA'!B18 -> MENDOZA, JUAN MIGUEL O. | P18: =IF(COUNT($F18:$O18)=0,"",SUM($F18:$O18)) | Q18: =IF(ISERROR(IF($P18="","",ROUND(($P18/$P$10)*$Q$10,2))),"",IF($P18="","",ROUND(($P18/$P$10)*$Q$10,2))) | R18: =IF($Q18="","",ROUND($Q18*$R$10,2)) | AC18: =IF(COUNT($S18:$AB18)=0,"",SUM($S18:$AB18)) | AD18: =IF(ISERROR(IF($AC18="","",ROUND(($AC18/$AC$10)*$AD$10,2))),"",IF($AC18="","",ROUND(($AC18/$AC$10)*$AD$10,2))) | AE18: =IF($AD18="","",ROUND($AD18*$AE$10,2)) | AG18: =IF(ISERROR(IF($AF18="","",ROUND(($AF18/$AF$10)*$AG$10,2))),"",IF($AF18="","",ROUND(($AF18/$AF$10)*$AG$10,2))) | AH18: =IF($AG18="","",ROUND($AG18*$AH$10,2)) | AI18: =IF(ISERROR(IF($AF18="","",ROUND(SUM($R18,$AE18,$AH18),2))),"",IF($AF18="","",ROUND(SUM($R18,$AE18,$AH18),2))) | AJ18: =IF(ISERROR(IF($AF18="","",VLOOKUP(AI18,TRANSMUTATION_TABLE,4,TRUE))),"",IF($AF18="","",VLOOKUP(AI18,TRANSMUTATION_TABLE,4,TRUE)))
A19: 8 | B19: ='INPUT DATA'!B19 -> MORALES, KYLE P. | D19: 0 | P19: =IF(COUNT($F19:$O19)=0,"",SUM($F19:$O19)) | Q19: =IF(ISERROR(IF($P19="","",ROUND(($P19/$P$10)*$Q$10,2))),"",IF($P19="","",ROUND(($P19/$P$10)*$Q$10,2))) | R19: =IF($Q19="","",ROUND($Q19*$R$10,2)) | AC19: =IF(COUNT($S19:$AB19)=0,"",SUM($S19:$AB19)) | AD19: =IF(ISERROR(IF($AC19="","",ROUND(($AC19/$AC$10)*$AD$10,2))),"",IF($AC19="","",ROUND(($AC19/$AC$10)*$AD$10,2))) | AE19: =IF($AD19="","",ROUND($AD19*$AE$10,2)) | AG19: =IF(ISERROR(IF($AF19="","",ROUND(($AF19/$AF$10)*$AG$10,2))),"",IF($AF19="","",ROUND(($AF19/$AF$10)*$AG$10,2))) | AH19: =IF($AG19="","",ROUND($AG19*$AH$10,2)) | AI19: =IF(ISERROR(IF($AF19="","",ROUND(SUM($R19,$AE19,$AH19),2))),"",IF($AF19="","",ROUND(SUM($R19,$AE19,$AH19),2))) | AJ19: =IF(ISERROR(IF($AF19="","",VLOOKUP(AI19,TRANSMUTATION_TABLE,4,TRUE))),"",IF($AF19="","",VLOOKUP(AI19,TRANSMUTATION_TABLE,4,TRUE)))
A20: 9 | B20: ='INPUT DATA'!B20 -> NAVARRO, MARK ANTHONY T. | P20: =IF(COUNT($F20:$O20)=0,"",SUM($F20:$O20)) | Q20: =IF(ISERROR(IF($P20="","",ROUND(($P20/$P$10)*$Q$10,2))),"",IF($P20="","",ROUND(($P20/$P$10)*$Q$10,2))) | R20: =IF($Q20="","",ROUND($Q20*$R$10,2)) | AC20: =IF(COUNT($S20:$AB20)=0,"",SUM($S20:$AB20)) | AD20: =IF(ISERROR(IF($AC20="","",ROUND(($AC20/$AC$10)*$AD$10,2))),"",IF($AC20="","",ROUND(($AC20/$AC$10)*$AD$10,2))) | AE20: =IF($AD20="","",ROUND($AD20*$AE$10,2)) | AG20: =IF(ISERROR(IF($AF20="","",ROUND(($AF20/$AF$10)*$AG$10,2))),"",IF($AF20="","",ROUND(($AF20/$AF$10)*$AG$10,2))) | AH20: =IF($AG20="","",ROUND($AG20*$AH$10,2)) | AI20: =IF(ISERROR(IF($AF20="","",ROUND(SUM($R20,$AE20,$AH20),2))),"",IF($AF20="","",ROUND(SUM($R20,$AE20,$AH20),2))) | AJ20: =IF(ISERROR(IF($AF20="","",VLOOKUP(AI20,TRANSMUTATION_TABLE,4,TRUE))),"",IF($AF20="","",VLOOKUP(AI20,TRANSMUTATION_TABLE,4,TRUE)))
A21: 10 | B21: ='INPUT DATA'!B21 -> OCAMPO JR., CHRISTIAN U. | P21: =IF(COUNT($F21:$O21)=0,"",SUM($F21:$O21)) | Q21: =IF(ISERROR(IF($P21="","",ROUND(($P21/$P$10)*$Q$10,2))),"",IF($P21="","",ROUND(($P21/$P$10)*$Q$10,2))) | R21: =IF($Q21="","",ROUND($Q21*$R$10,2)) | AC21: =IF(COUNT($S21:$AB21)=0,"",SUM($S21:$AB21)) | AD21: =IF(ISERROR(IF($AC21="","",ROUND(($AC21/$AC$10)*$AD$10,2))),"",IF($AC21="","",ROUND(($AC21/$AC$10)*$AD$10,2))) | AE21: =IF($AD21="","",ROUND($AD21*$AE$10,2)) | AG21: =IF(ISERROR(IF($AF21="","",ROUND(($AF21/$AF$10)*$AG$10,2))),"",IF($AF21="","",ROUND(($AF21/$AF$10)*$AG$10,2))) | AH21: =IF($AG21="","",ROUND($AG21*$AH$10,2)) | AI21: =IF(ISERROR(IF($AF21="","",ROUND(SUM($R21,$AE21,$AH21),2))),"",IF($AF21="","",ROUND(SUM($R21,$AE21,$AH21),2))) | AJ21: =IF(ISERROR(IF($AF21="","",VLOOKUP(AI21,TRANSMUTATION_TABLE,4,TRUE))),"",IF($AF21="","",VLOOKUP(AI21,TRANSMUTATION_TABLE,4,TRUE)))
A22: 11 | B22: ='INPUT DATA'!B22 -> PANGANIBAN, DOMINIC C. | D22: 0 | P22: =IF(COUNT($F22:$O22)=0,"",SUM($F22:$O22)) | Q22: =IF(ISERROR(IF($P22="","",ROUND(($P22/$P$10)*$Q$10,2))),"",IF($P22="","",ROUND(($P22/$P$10)*$Q$10,2))) | R22: =IF($Q22="","",ROUND($Q22*$R$10,2)) | AC22: =IF(COUNT($S22:$AB22)=0,"",SUM($S22:$AB22)) | AD22: =IF(ISERROR(IF($AC22="","",ROUND(($AC22/$AC$10)*$AD$10,2))),"",IF($AC22="","",ROUND(($AC22/$AC$10)*$AD$10,2))) | AE22: =IF($AD22="","",ROUND($AD22*$AE$10,2)) | AG22: =IF(ISERROR(IF($AF22="","",ROUND(($AF22/$AF$10)*$AG$10,2))),"",IF($AF22="","",ROUND(($AF22/$AF$10)*$AG$10,2))) | AH22: =IF($AG22="","",ROUND($AG22*$AH$10,2)) | AI22: =IF(ISERROR(IF($AF22="","",ROUND(SUM($R22,$AE22,$AH22),2))),"",IF($AF22="","",ROUND(SUM($R22,$AE22,$AH22),2))) | AJ22: =IF(ISERROR(IF($AF22="","",VLOOKUP(AI22,TRANSMUTATION_TABLE,4,TRUE))),"",IF($AF22="","",VLOOKUP(AI22,TRANSMUTATION_TABLE,4,TRUE)))
A23: 12 | B23: ='INPUT DATA'!B23 -> RAMOS, FRANCIS H. | P23: =IF(COUNT($F23:$O23)=0,"",SUM($F23:$O23)) | Q23: =IF(ISERROR(IF($P23="","",ROUND(($P23/$P$10)*$Q$10,2))),"",IF($P23="","",ROUND(($P23/$P$10)*$Q$10,2))) | R23: =IF($Q23="","",ROUND($Q23*$R$10,2)) | AC23: =IF(COUNT($S23:$AB23)=0,"",SUM($S23:$AB23)) | AD23: =IF(ISERROR(IF($AC23="","",ROUND(($AC23/$AC$10)*$AD$10,2))),"",IF($AC23="","",ROUND(($AC23/$AC$10)*$AD$10,2))) | AE23: =IF($AD23="","",ROUND($AD23*$AE$10,2)) | AG23: =IF(ISERROR(IF($AF23="","",ROUND(($AF23/$AF$10)*$AG$10,2))),"",IF($AF23="","",ROUND(($AF23/$AF$10)*$AG$10,2))) | AH23: =IF($AG23="","",ROUND($AG23*$AH$10,2)) | AI23: =IF(ISERROR(IF($AF23="","",ROUND(SUM($R23,$AE23,$AH23),2))),"",IF($AF23="","",ROUND(SUM($R23,$AE23,$AH23),2))) | AJ23: =IF(ISERROR(IF($AF23="","",VLOOKUP(AI23,TRANSMUTATION_TABLE,4,TRUE))),"",IF($AF23="","",VLOOKUP(AI23,TRANSMUTATION_TABLE,4,TRUE)))
A24: 13 | B24: ='INPUT DATA'!B24 -> RAMOS JR., KYLE R. | P24: =IF(COUNT($F24:$O24)=0,"",SUM($F24:$O24)) | Q24: =IF(ISERROR(IF($P24="","",ROUND(($P24/$P$10)*$Q$10,2))),"",IF($P24="","",ROUND(($P24/$P$10)*$Q$10,2))) | R24: =IF($Q24="","",ROUND($Q24*$R$10,2)) | AC24: =IF(COUNT($S24:$AB24)=0,"",SUM($S24:$AB24)) | AD24: =IF(ISERROR(IF($AC24="","",ROUND(($AC24/$AC$10)*$AD$10,2))),"",IF($AC24="","",ROUND(($AC24/$AC$10)*$AD$10,2))) | AE24: =IF($AD24="","",ROUND($AD24*$AE$10,2)) | AG24: =IF(ISERROR(IF($AF24="","",ROUND(($AF24/$AF$10)*$AG$10,2))),"",IF($AF24="","",ROUND(($AF24/$AF$10)*$AG$10,2))) | AH24: =IF($AG24="","",ROUND($AG24*$AH$10,2)) | AI24: =IF(ISERROR(IF($AF24="","",ROUND(SUM($R24,$AE24,$AH24),2))),"",IF($AF24="","",ROUND(SUM($R24,$AE24,$AH24),2))) | AJ24: =IF(ISERROR(IF($AF24="","",VLOOKUP(AI24,TRANSMUTATION_TABLE,4,TRUE))),"",IF($AF24="","",VLOOKUP(AI24,TRANSMUTATION_TABLE,4,TRUE)))
A25: 14 | B25: ='INPUT DATA'!B25 -> SANTOS, KYLE A. | P25: =IF(COUNT($F25:$O25)=0,"",SUM($F25:$O25)) | Q25: =IF(ISERROR(IF($P25="","",ROUND(($P25/$P$10)*$Q$10,2))),"",IF($P25="","",ROUND(($P25/$P$10)*$Q$10,2))) | R25: =IF($Q25="","",ROUND($Q25*$R$10,2)) | AC25: =IF(COUNT($S25:$AB25)=0,"",SUM($S25:$AB25)) | AD25: =IF(ISERROR(IF($AC25="","",ROUND(($AC25/$AC$10)*$AD$10,2))),"",IF($AC25="","",ROUND(($AC25/$AC$10)*$AD$10,2))) | AE25: =IF($AD25="","",ROUND($AD25*$AE$10,2)) | AG25: =IF(ISERROR(IF($AF25="","",ROUND(($AF25/$AF$10)*$AG$10,2))),"",IF($AF25="","",ROUND(($AF25/$AF$10)*$AG$10,2))) | AH25: =IF($AG25="","",ROUND($AG25*$AH$10,2)) | AI25: =IF(ISERROR(IF($AF25="","",ROUND(SUM($R25,$AE25,$AH25),2))),"",IF($AF25="","",ROUND(SUM($R25,$AE25,$AH25),2))) | AJ25: =IF(ISERROR(IF($AF25="","",VLOOKUP(AI25,TRANSMUTATION_TABLE,4,TRUE))),"",IF($AF25="","",VLOOKUP(AI25,TRANSMUTATION_TABLE,4,TRUE)))
A26: 15 | B26: ='INPUT DATA'!B26 -> TOLENTINO, CARLO O. | P26: =IF(COUNT($F26:$O26)=0,"",SUM($F26:$O26)) | Q26: =IF(ISERROR(IF($P26="","",ROUND(($P26/$P$10)*$Q$10,2))),"",IF($P26="","",ROUND(($P26/$P$10)*$Q$10,2))) | R26: =IF($Q26="","",ROUND($Q26*$R$10,2)) | AC26: =IF(COUNT($S26:$AB26)=0,"",SUM($S26:$AB26)) | AD26: =IF(ISERROR(IF($AC26="","",ROUND(($AC26/$AC$10)*$AD$10,2))),"",IF($AC26="","",ROUND(($AC26/$AC$10)*$AD$10,2))) | AE26: =IF($AD26="","",ROUND($AD26*$AE$10,2)) | AG26: =IF(ISERROR(IF($AF26="","",ROUND(($AF26/$AF$10)*$AG$10,2))),"",IF($AF26="","",ROUND(($AF26/$AF$10)*$AG$10,2))) | AH26: =IF($AG26="","",ROUND($AG26*$AH$10,2)) | AI26: =IF(ISERROR(IF($AF26="","",ROUND(SUM($R26,$AE26,$AH26),2))),"",IF($AF26="","",ROUND(SUM($R26,$AE26,$AH26),2))) | AJ26: =IF(ISERROR(IF($AF26="","",VLOOKUP(AI26,TRANSMUTATION_TABLE,4,TRUE))),"",IF($AF26="","",VLOOKUP(AI26,TRANSMUTATION_TABLE,4,TRUE)))
A27: 16 | B27: ='INPUT DATA'!B27 -> TOLENTINO, JEROME H. | P27: =IF(COUNT($F27:$O27)=0,"",SUM($F27:$O27)) | Q27: =IF(ISERROR(IF($P27="","",ROUND(($P27/$P$10)*$Q$10,2))),"",IF($P27="","",ROUND(($P27/$P$10)*$Q$10,2))) | R27: =IF($Q27="","",ROUND($Q27*$R$10,2)) | AC27: =IF(COUNT($S27:$AB27)=0,"",SUM($S27:$AB27)) | AD27: =IF(ISERROR(IF($AC27="","",ROUND(($AC27/$AC$10)*$AD$10,2))),"",IF($AC27="","",ROUND(($AC27/$AC$10)*$AD$10,2))) | AE27: =IF($AD27="","",ROUND($AD27*$AE$10,2)) | AG27: =IF(ISERROR(IF($AF27="","",ROUND(($AF27/$AF$10)*$AG$10,2))),"",IF($AF27="","",ROUND(($AF27/$AF$10)*$AG$10,2))) | AH27: =IF($AG27="","",ROUND($AG27*$AH$10,2)) | AI27: =IF(ISERROR(IF($AF27="","",ROUND(SUM($R27,$AE27,$AH27),2))),"",IF($AF27="","",ROUND(SUM($R27,$AE27,$AH27),2))) | AJ27: =IF(ISERROR(IF($AF27="","",VLOOKUP(AI27,TRANSMUTATION_TABLE,4,TRUE))),"",IF($AF27="","",VLOOKUP(AI27,TRANSMUTATION_TABLE,4,TRUE)))
A28: 17 | B28: ='INPUT DATA'!B28 -> TORRES, EMMANUEL A. | P28: =IF(COUNT($F28:$O28)=0,"",SUM($F28:$O28)) | Q28: =IF(ISERROR(IF($P28="","",ROUND(($P28/$P$10)*$Q$10,2))),"",IF($P28="","",ROUND(($P28/$P$10)*$Q$10,2))) | R28: =IF($Q28="","",ROUND($Q28*$R$10,2)) | AC28: =IF(COUNT($S28:$AB28)=0,"",SUM($S28:$AB28)) | AD28: =IF(ISERROR(IF($AC28="","",ROUND(($AC28/$AC$10)*$AD$10,2))),"",IF($AC28="","",ROUND(($AC28/$AC$10)*$AD$10,2))) | AE28: =IF($AD28="","",ROUND($AD28*$AE$10,2)) | AG28: =IF(ISERROR(IF($AF28="","",ROUND(($AF28/$AF$10)*$AG$10,2))),"",IF($AF28="","",ROUND(($AF28/$AF$10)*$AG$10,2))) | AH28: =IF($AG28="","",ROUND($AG28*$AH$10,2)) | AI28: =IF(ISERROR(IF($AF28="","",ROUND(SUM($R28,$AE28,$AH28),2))),"",IF($AF28="","",ROUND(SUM($R28,$AE28,$AH28),2))) | AJ28: =IF(ISERROR(IF($AF28="","",VLOOKUP(AI28,TRANSMUTATION_TABLE,4,TRUE))),"",IF($AF28="","",VLOOKUP(AI28,TRANSMUTATION_TABLE,4,TRUE)))
A29: 18 | B29: ='INPUT DATA'!B29 -> VILLANUEVA, BENEDICT Q. | P29: =IF(COUNT($F29:$O29)=0,"",SUM($F29:$O29)) | Q29: =IF(ISERROR(IF($P29="","",ROUND(($P29/$P$10)*$Q$10,2))),"",IF($P29="","",ROUND(($P29/$P$10)*$Q$10,2))) | R29: =IF($Q29="","",ROUND($Q29*$R$10,2)) | AC29: =IF(COUNT($S29:$AB29)=0,"",SUM($S29:$AB29)) | AD29: =IF(ISERROR(IF($AC29="","",ROUND(($AC29/$AC$10)*$AD$10,2))),"",IF($AC29="","",ROUND(($AC29/$AC$10)*$AD$10,2))) | AE29: =IF($AD29="","",ROUND($AD29*$AE$10,2)) | AG29: =IF(ISERROR(IF($AF29="","",ROUND(($AF29/$AF$10)*$AG$10,2))),"",IF($AF29="","",ROUND(($AF29/$AF$10)*$AG$10,2))) | AH29: =IF($AG29="","",ROUND($AG29*$AH$10,2)) | AI29: =IF(ISERROR(IF($AF29="","",ROUND(SUM($R29,$AE29,$AH29),2))),"",IF($AF29="","",ROUND(SUM($R29,$AE29,$AH29),2))) | AJ29: =IF(ISERROR(IF($AF29="","",VLOOKUP(AI29,TRANSMUTATION_TABLE,4,TRUE))),"",IF($AF29="","",VLOOKUP(AI29,TRANSMUTATION_TABLE,4,TRUE)))
A30: 19 | B30: ='INPUT DATA'!B30 -> VILLANUEVA, NATHANIEL P. | P30: =IF(COUNT($F30:$O30)=0,"",SUM($F30:$O30)) | Q30: =IF(ISERROR(IF($P30="","",ROUND(($P30/$P$10)*$Q$10,2))),"",IF($P30="","",ROUND(($P30/$P$10)*$Q$10,2))) | R30: =IF($Q30="","",ROUND($Q30*$R$10,2)) | AC30: =IF(COUNT($S30:$AB30)=0,"",SUM($S30:$AB30)) | AD30: =IF(ISERROR(IF($AC30="","",ROUND(($AC30/$AC$10)*$AD$10,2))),"",IF($AC30="","",ROUND(($AC30/$AC$10)*$AD$10,2))) | AE30: =IF($AD30="","",ROUND($AD30*$AE$10,2)) | AG30: =IF(ISERROR(IF($AF30="","",ROUND(($AF30/$AF$10)*$AG$10,2))),"",IF($AF30="","",ROUND(($AF30/$AF$10)*$AG$10,2))) | AH30: =IF($AG30="","",ROUND($AG30*$AH$10,2)) | AI30: =IF(ISERROR(IF($AF30="","",ROUND(SUM($R30,$AE30,$AH30),2))),"",IF($AF30="","",ROUND(SUM($R30,$AE30,$AH30),2))) | AJ30: =IF(ISERROR(IF($AF30="","",VLOOKUP(AI30,TRANSMUTATION_TABLE,4,TRUE))),"",IF($AF30="","",VLOOKUP(AI30,TRANSMUTATION_TABLE,4,TRUE)))
A31: 20 | B31: ='INPUT DATA'!B31 -> YBANEZ, JOSHUA V. | P31: =IF(COUNT($F31:$O31)=0,"",SUM($F31:$O31)) | Q31: =IF(ISERROR(IF($P31="","",ROUND(($P31/$P$10)*$Q$10,2))),"",IF($P31="","",ROUND(($P31/$P$10)*$Q$10,2))) | R31: =IF($Q31="","",ROUND($Q31*$R$10,2)) | AC31: =IF(COUNT($S31:$AB31)=0,"",SUM($S31:$AB31)) | AD31: =IF(ISERROR(IF($AC31="","",ROUND(($AC31/$AC$10)*$AD$10,2))),"",IF($AC31="","",ROUND(($AC31/$AC$10)*$AD$10,2))) | AE31: =IF($AD31="","",ROUND($AD31*$AE$10,2)) | AG31: =IF(ISERROR(IF($AF31="","",ROUND(($AF31/$AF$10)*$AG$10,2))),"",IF($AF31="","",ROUND(($AF31/$AF$10)*$AG$10,2))) | AH31: =IF($AG31="","",ROUND($AG31*$AH$10,2)) | AI31: =IF(ISERROR(IF($AF31="","",ROUND(SUM($R31,$AE31,$AH31),2))),"",IF($AF31="","",ROUND(SUM($R31,$AE31,$AH31),2))) | AJ31: =IF(ISERROR(IF($AF31="","",VLOOKUP(AI31,TRANSMUTATION_TABLE,4,TRUE))),"",IF($AF31="","",VLOOKUP(AI31,TRANSMUTATION_TABLE,4,TRUE)))
A32: 21 | B32: ='INPUT DATA'!B32 -> 0 | P32: =IF(COUNT($F32:$O32)=0,"",SUM($F32:$O32)) | Q32: =IF(ISERROR(IF($P32="","",ROUND(($P32/$P$10)*$Q$10,2))),"",IF($P32="","",ROUND(($P32/$P$10)*$Q$10,2))) | R32: =IF($Q32="","",ROUND($Q32*$R$10,2)) | AC32: =IF(COUNT($S32:$AB32)=0,"",SUM($S32:$AB32)) | AD32: =IF(ISERROR(IF($AC32="","",ROUND(($AC32/$AC$10)*$AD$10,2))),"",IF($AC32="","",ROUND(($AC32/$AC$10)*$AD$10,2))) | AE32: =IF($AD32="","",ROUND($AD32*$AE$10,2)) | AG32: =IF(ISERROR(IF($AF32="","",ROUND(($AF32/$AF$10)*$AG$10,2))),"",IF($AF32="","",ROUND(($AF32/$AF$10)*$AG$10,2))) | AH32: =IF($AG32="","",ROUND($AG32*$AH$10,2)) | AI32: =IF(ISERROR(IF($AF32="","",ROUND(SUM($R32,$AE32,$AH32),2))),"",IF($AF32="","",ROUND(SUM($R32,$AE32,$AH32),2))) | AJ32: =IF(ISERROR(IF($AF32="","",VLOOKUP(AI32,TRANSMUTATION_TABLE,4,TRUE))),"",IF($AF32="","",VLOOKUP(AI32,TRANSMUTATION_TABLE,4,TRUE)))
A33: 22 | B33: ='INPUT DATA'!B33 -> 0 | P33: =IF(COUNT($F33:$O33)=0,"",SUM($F33:$O33)) | Q33: =IF(ISERROR(IF($P33="","",ROUND(($P33/$P$10)*$Q$10,2))),"",IF($P33="","",ROUND(($P33/$P$10)*$Q$10,2))) | R33: =IF($Q33="","",ROUND($Q33*$R$10,2)) | AC33: =IF(COUNT($S33:$AB33)=0,"",SUM($S33:$AB33)) | AD33: =IF(ISERROR(IF($AC33="","",ROUND(($AC33/$AC$10)*$AD$10,2))),"",IF($AC33="","",ROUND(($AC33/$AC$10)*$AD$10,2))) | AE33: =IF($AD33="","",ROUND($AD33*$AE$10,2)) | AG33: =IF(ISERROR(IF($AF33="","",ROUND(($AF33/$AF$10)*$AG$10,2))),"",IF($AF33="","",ROUND(($AF33/$AF$10)*$AG$10,2))) | AH33: =IF($AG33="","",ROUND($AG33*$AH$10,2)) | AI33: =IF(ISERROR(IF($AF33="","",ROUND(SUM($R33,$AE33,$AH33),2))),"",IF($AF33="","",ROUND(SUM($R33,$AE33,$AH33),2))) | AJ33: =IF(ISERROR(IF($AF33="","",VLOOKUP(AI33,TRANSMUTATION_TABLE,4,TRUE))),"",IF($AF33="","",VLOOKUP(AI33,TRANSMUTATION_TABLE,4,TRUE)))
A34: 23 | B34: ='INPUT DATA'!B34 -> 0 | P34: =IF(COUNT($F34:$O34)=0,"",SUM($F34:$O34)) | Q34: =IF(ISERROR(IF($P34="","",ROUND(($P34/$P$10)*$Q$10,2))),"",IF($P34="","",ROUND(($P34/$P$10)*$Q$10,2))) | R34: =IF($Q34="","",ROUND($Q34*$R$10,2)) | AC34: =IF(COUNT($S34:$AB34)=0,"",SUM($S34:$AB34)) | AD34: =IF(ISERROR(IF($AC34="","",ROUND(($AC34/$AC$10)*$AD$10,2))),"",IF($AC34="","",ROUND(($AC34/$AC$10)*$AD$10,2))) | AE34: =IF($AD34="","",ROUND($AD34*$AE$10,2)) | AG34: =IF(ISERROR(IF($AF34="","",ROUND(($AF34/$AF$10)*$AG$10,2))),"",IF($AF34="","",ROUND(($AF34/$AF$10)*$AG$10,2))) | AH34: =IF($AG34="","",ROUND($AG34*$AH$10,2)) | AI34: =IF(ISERROR(IF($AF34="","",ROUND(SUM($R34,$AE34,$AH34),2))),"",IF($AF34="","",ROUND(SUM($R34,$AE34,$AH34),2))) | AJ34: =IF(ISERROR(IF($AF34="","",VLOOKUP(AI34,TRANSMUTATION_TABLE,4,TRUE))),"",IF($AF34="","",VLOOKUP(AI34,TRANSMUTATION_TABLE,4,TRUE)))
... A61: 50 | B61: ='INPUT DATA'!B61 -> 0 | P61: =IF(COUNT($F61:$O61)=0,"",SUM($F61:$O61)) | Q61: =IF(ISERROR(IF($P61="","",ROUND(($P61/$P$10)*$Q$10,2))),"",IF($P61="","",ROUND(($P61/$P$10)*$Q$10,2))) | R61: =IF($Q61="","",ROUND($Q61*$R$10,2)) | AC61: =IF(COUNT($S61:$AB61)=0,"",SUM($S61:$AB61)) | AD61: =IF(ISERROR(IF($AC61="","",ROUND(($AC61/$AC$10)*$AD$10,2))),"",IF($AC61="","",ROUND(($AC61/$AC$10)*$AD$10,2))) | AE61: =IF($AD61="","",ROUND($AD61*$AE$10,2)) | AG61: =IF(ISERROR(IF($AF61="","",ROUND(($AF61/$AF$10)*$AG$10,2))),"",IF($AF61="","",ROUND(($AF61/$AF$10)*$AG$10,2))) | AH61: =IF($AG61="","",ROUND($AG61*$AH$10,2)) | AI61: =IF(ISERROR(IF($AF61="","",ROUND(SUM($R61,$AE61,$AH61),2))),"",IF($AF61="","",ROUND(SUM($R61,$AE61,$AH61),2))) | AJ61: =IF(ISERROR(IF($AF61="","",VLOOKUP(AI61,TRANSMUTATION_TABLE,4,TRUE))),"",IF($AF61="","",VLOOKUP(AI61,TRANSMUTATION_TABLE,4,TRUE)))
B62: FEMALE
A63: 1 | B63: ='INPUT DATA'!B63 -> AQUINO, ANGELICA U. | P63: =IF(COUNT($F63:$O63)=0,"",SUM($F63:$O63)) | Q63: =IF(ISERROR(IF($P63="","",ROUND(($P63/$P$10)*$Q$10,2))),"",IF($P63="","",ROUND(($P63/$P$10)*$Q$10,2))) | R63: =IF($Q63="","",ROUND($Q63*$R$10,2)) | AC63: =IF(COUNT($S63:$AB63)=0,"",SUM($S63:$AB63)) | AD63: =IF(ISERROR(IF($AC63="","",ROUND(($AC63/$AC$10)*$AD$10,2))),"",IF($AC63="","",ROUND(($AC63/$AC$10)*$AD$10,2))) | AE63: =IF($AD63="","",ROUND($AD63*$AE$10,2)) | AG63: =IF(ISERROR(IF($AF63="","",ROUND(($AF63/$AF$10)*$AG$10,2))),"",IF($AF63="","",ROUND(($AF63/$AF$10)*$AG$10,2))) | AH63: =IF($AG63="","",ROUND($AG63*$AH$10,2)) | AI63: =IF(ISERROR(IF($AF63="","",ROUND(SUM($R63,$AE63,$AH63),2))),"",IF($AF63="","",ROUND(SUM($R63,$AE63,$AH63),2))) | AJ63: =IF(ISERROR(IF($AF63="","",VLOOKUP(AI63,TRANSMUTATION_TABLE,4,TRUE))),"",IF($AF63="","",VLOOKUP(AI63,TRANSMUTATION_TABLE,4,TRUE)))
A64: 2 | B64: ='INPUT DATA'!B64 -> BAUTISTA, MARIA CLARA I. | P64: =IF(COUNT($F64:$O64)=0,"",SUM($F64:$O64)) | Q64: =IF(ISERROR(IF($P64="","",ROUND(($P64/$P$10)*$Q$10,2))),"",IF($P64="","",ROUND(($P64/$P$10)*$Q$10,2))) | R64: =IF($Q64="","",ROUND($Q64*$R$10,2)) | AC64: =IF(COUNT($S64:$AB64)=0,"",SUM($S64:$AB64)) | AD64: =IF(ISERROR(IF($AC64="","",ROUND(($AC64/$AC$10)*$AD$10,2))),"",IF($AC64="","",ROUND(($AC64/$AC$10)*$AD$10,2))) | AE64: =IF($AD64="","",ROUND($AD64*$AE$10,2)) | AG64: =IF(ISERROR(IF($AF64="","",ROUND(($AF64/$AF$10)*$AG$10,2))),"",IF($AF64="","",ROUND(($AF64/$AF$10)*$AG$10,2))) | AH64: =IF($AG64="","",ROUND($AG64*$AH$10,2)) | AI64: =IF(ISERROR(IF($AF64="","",ROUND(SUM($R64,$AE64,$AH64),2))),"",IF($AF64="","",ROUND(SUM($R64,$AE64,$AH64),2))) | AJ64: =IF(ISERROR(IF($AF64="","",VLOOKUP(AI64,TRANSMUTATION_TABLE,4,TRUE))),"",IF($AF64="","",VLOOKUP(AI64,TRANSMUTATION_TABLE,4,TRUE)))
A65: 3 | B65: ='INPUT DATA'!B65 -> DELA CRUZ, KATHLEEN K. | P65: =IF(COUNT($F65:$O65)=0,"",SUM($F65:$O65)) | Q65: =IF(ISERROR(IF($P65="","",ROUND(($P65/$P$10)*$Q$10,2))),"",IF($P65="","",ROUND(($P65/$P$10)*$Q$10,2))) | R65: =IF($Q65="","",ROUND($Q65*$R$10,2)) | AC65: =IF(COUNT($S65:$AB65)=0,"",SUM($S65:$AB65)) | AD65: =IF(ISERROR(IF($AC65="","",ROUND(($AC65/$AC$10)*$AD$10,2))),"",IF($AC65="","",ROUND(($AC65/$AC$10)*$AD$10,2))) | AE65: =IF($AD65="","",ROUND($AD65*$AE$10,2)) | AG65: =IF(ISERROR(IF($AF65="","",ROUND(($AF65/$AF$10)*$AG$10,2))),"",IF($AF65="","",ROUND(($AF65/$AF$10)*$AG$10,2))) | AH65: =IF($AG65="","",ROUND($AG65*$AH$10,2)) | AI65: =IF(ISERROR(IF($AF65="","",ROUND(SUM($R65,$AE65,$AH65),2))),"",IF($AF65="","",ROUND(SUM($R65,$AE65,$AH65),2))) | AJ65: =IF(ISERROR(IF($AF65="","",VLOOKUP(AI65,TRANSMUTATION_TABLE,4,TRUE))),"",IF($AF65="","",VLOOKUP(AI65,TRANSMUTATION_TABLE,4,TRUE)))
A66: 4 | B66: ='INPUT DATA'!B66 -> DIMACULANGAN, ELLAINE O. | P66: =IF(COUNT($F66:$O66)=0,"",SUM($F66:$O66)) | Q66: =IF(ISERROR(IF($P66="","",ROUND(($P66/$P$10)*$Q$10,2))),"",IF($P66="","",ROUND(($P66/$P$10)*$Q$10,2))) | R66: =IF($Q66="","",ROUND($Q66*$R$10,2)) | AC66: =IF(COUNT($S66:$AB66)=0,"",SUM($S66:$AB66)) | AD66: =IF(ISERROR(IF($AC66="","",ROUND(($AC66/$AC$10)*$AD$10,2))),"",IF($AC66="","",ROUND(($AC66/$AC$10)*$AD$10,2))) | AE66: =IF($AD66="","",ROUND($AD66*$AE$10,2)) | AG66: =IF(ISERROR(IF($AF66="","",ROUND(($AF66/$AF$10)*$AG$10,2))),"",IF($AF66="","",ROUND(($AF66/$AF$10)*$AG$10,2))) | AH66: =IF($AG66="","",ROUND($AG66*$AH$10,2)) | AI66: =IF(ISERROR(IF($AF66="","",ROUND(SUM($R66,$AE66,$AH66),2))),"",IF($AF66="","",ROUND(SUM($R66,$AE66,$AH66),2))) | AJ66: =IF(ISERROR(IF($AF66="","",VLOOKUP(AI66,TRANSMUTATION_TABLE,4,TRUE))),"",IF($AF66="","",VLOOKUP(AI66,TRANSMUTATION_TABLE,4,TRUE)))
A67: 5 | B67: ='INPUT DATA'!B67 -> DIMACULANGAN, TRISHA S. | P67: =IF(COUNT($F67:$O67)=0,"",SUM($F67:$O67)) | Q67: =IF(ISERROR(IF($P67="","",ROUND(($P67/$P$10)*$Q$10,2))),"",IF($P67="","",ROUND(($P67/$P$10)*$Q$10,2))) | R67: =IF($Q67="","",ROUND($Q67*$R$10,2)) | AC67: =IF(COUNT($S67:$AB67)=0,"",SUM($S67:$AB67)) | AD67: =IF(ISERROR(IF($AC67="","",ROUND(($AC67/$AC$10)*$AD$10,2))),"",IF($AC67="","",ROUND(($AC67/$AC$10)*$AD$10,2))) | AE67: =IF($AD67="","",ROUND($AD67*$AE$10,2)) | AG67: =IF(ISERROR(IF($AF67="","",ROUND(($AF67/$AF$10)*$AG$10,2))),"",IF($AF67="","",ROUND(($AF67/$AF$10)*$AG$10,2))) | AH67: =IF($AG67="","",ROUND($AG67*$AH$10,2)) | AI67: =IF(ISERROR(IF($AF67="","",ROUND(SUM($R67,$AE67,$AH67),2))),"",IF($AF67="","",ROUND(SUM($R67,$AE67,$AH67),2))) | AJ67: =IF(ISERROR(IF($AF67="","",VLOOKUP(AI67,TRANSMUTATION_TABLE,4,TRUE))),"",IF($AF67="","",VLOOKUP(AI67,TRANSMUTATION_TABLE,4,TRUE)))
A68: 6 | B68: ='INPUT DATA'!B68 -> FERNANDEZ, JILLIAN V. | P68: =IF(COUNT($F68:$O68)=0,"",SUM($F68:$O68)) | Q68: =IF(ISERROR(IF($P68="","",ROUND(($P68/$P$10)*$Q$10,2))),"",IF($P68="","",ROUND(($P68/$P$10)*$Q$10,2))) | R68: =IF($Q68="","",ROUND($Q68*$R$10,2)) | AC68: =IF(COUNT($S68:$AB68)=0,"",SUM($S68:$AB68)) | AD68: =IF(ISERROR(IF($AC68="","",ROUND(($AC68/$AC$10)*$AD$10,2))),"",IF($AC68="","",ROUND(($AC68/$AC$10)*$AD$10,2))) | AE68: =IF($AD68="","",ROUND($AD68*$AE$10,2)) | AG68: =IF(ISERROR(IF($AF68="","",ROUND(($AF68/$AF$10)*$AG$10,2))),"",IF($AF68="","",ROUND(($AF68/$AF$10)*$AG$10,2))) | AH68: =IF($AG68="","",ROUND($AG68*$AH$10,2)) | AI68: =IF(ISERROR(IF($AF68="","",ROUND(SUM($R68,$AE68,$AH68),2))),"",IF($AF68="","",ROUND(SUM($R68,$AE68,$AH68),2))) | AJ68: =IF(ISERROR(IF($AF68="","",VLOOKUP(AI68,TRANSMUTATION_TABLE,4,TRUE))),"",IF($AF68="","",VLOOKUP(AI68,TRANSMUTATION_TABLE,4,TRUE)))
A69: 7 | B69: ='INPUT DATA'!B69 -> GONZALES, MIKAELA C. | P69: =IF(COUNT($F69:$O69)=0,"",SUM($F69:$O69)) | Q69: =IF(ISERROR(IF($P69="","",ROUND(($P69/$P$10)*$Q$10,2))),"",IF($P69="","",ROUND(($P69/$P$10)*$Q$10,2))) | R69: =IF($Q69="","",ROUND($Q69*$R$10,2)) | AC69: =IF(COUNT($S69:$AB69)=0,"",SUM($S69:$AB69)) | AD69: =IF(ISERROR(IF($AC69="","",ROUND(($AC69/$AC$10)*$AD$10,2))),"",IF($AC69="","",ROUND(($AC69/$AC$10)*$AD$10,2))) | AE69: =IF($AD69="","",ROUND($AD69*$AE$10,2)) | AG69: =IF(ISERROR(IF($AF69="","",ROUND(($AF69/$AF$10)*$AG$10,2))),"",IF($AF69="","",ROUND(($AF69/$AF$10)*$AG$10,2))) | AH69: =IF($AG69="","",ROUND($AG69*$AH$10,2)) | AI69: =IF(ISERROR(IF($AF69="","",ROUND(SUM($R69,$AE69,$AH69),2))),"",IF($AF69="","",ROUND(SUM($R69,$AE69,$AH69),2))) | AJ69: =IF(ISERROR(IF($AF69="","",VLOOKUP(AI69,TRANSMUTATION_TABLE,4,TRUE))),"",IF($AF69="","",VLOOKUP(AI69,TRANSMUTATION_TABLE,4,TRUE)))
A70: 8 | B70: ='INPUT DATA'!B70 -> GUTIERREZ, PATRICIA N. | P70: =IF(COUNT($F70:$O70)=0,"",SUM($F70:$O70)) | Q70: =IF(ISERROR(IF($P70="","",ROUND(($P70/$P$10)*$Q$10,2))),"",IF($P70="","",ROUND(($P70/$P$10)*$Q$10,2))) | R70: =IF($Q70="","",ROUND($Q70*$R$10,2)) | AC70: =IF(COUNT($S70:$AB70)=0,"",SUM($S70:$AB70)) | AD70: =IF(ISERROR(IF($AC70="","",ROUND(($AC70/$AC$10)*$AD$10,2))),"",IF($AC70="","",ROUND(($AC70/$AC$10)*$AD$10,2))) | AE70: =IF($AD70="","",ROUND($AD70*$AE$10,2)) | AG70: =IF(ISERROR(IF($AF70="","",ROUND(($AF70/$AF$10)*$AG$10,2))),"",IF($AF70="","",ROUND(($AF70/$AF$10)*$AG$10,2))) | AH70: =IF($AG70="","",ROUND($AG70*$AH$10,2)) | AI70: =IF(ISERROR(IF($AF70="","",ROUND(SUM($R70,$AE70,$AH70),2))),"",IF($AF70="","",ROUND(SUM($R70,$AE70,$AH70),2))) | AJ70: =IF(ISERROR(IF($AF70="","",VLOOKUP(AI70,TRANSMUTATION_TABLE,4,TRUE))),"",IF($AF70="","",VLOOKUP(AI70,TRANSMUTATION_TABLE,4,TRUE)))
A71: 9 | B71: ='INPUT DATA'!B71 -> IGNACIO, ANGELICA O. | P71: =IF(COUNT($F71:$O71)=0,"",SUM($F71:$O71)) | Q71: =IF(ISERROR(IF($P71="","",ROUND(($P71/$P$10)*$Q$10,2))),"",IF($P71="","",ROUND(($P71/$P$10)*$Q$10,2))) | R71: =IF($Q71="","",ROUND($Q71*$R$10,2)) | AC71: =IF(COUNT($S71:$AB71)=0,"",SUM($S71:$AB71)) | AD71: =IF(ISERROR(IF($AC71="","",ROUND(($AC71/$AC$10)*$AD$10,2))),"",IF($AC71="","",ROUND(($AC71/$AC$10)*$AD$10,2))) | AE71: =IF($AD71="","",ROUND($AD71*$AE$10,2)) | AG71: =IF(ISERROR(IF($AF71="","",ROUND(($AF71/$AF$10)*$AG$10,2))),"",IF($AF71="","",ROUND(($AF71/$AF$10)*$AG$10,2))) | AH71: =IF($AG71="","",ROUND($AG71*$AH$10,2)) | AI71: =IF(ISERROR(IF($AF71="","",ROUND(SUM($R71,$AE71,$AH71),2))),"",IF($AF71="","",ROUND(SUM($R71,$AE71,$AH71),2))) | AJ71: =IF(ISERROR(IF($AF71="","",VLOOKUP(AI71,TRANSMUTATION_TABLE,4,TRUE))),"",IF($AF71="","",VLOOKUP(AI71,TRANSMUTATION_TABLE,4,TRUE)))
A72: 10 | B72: ='INPUT DATA'!B72 -> LACSON, BEA M. | P72: =IF(COUNT($F72:$O72)=0,"",SUM($F72:$O72)) | Q72: =IF(ISERROR(IF($P72="","",ROUND(($P72/$P$10)*$Q$10,2))),"",IF($P72="","",ROUND(($P72/$P$10)*$Q$10,2))) | R72: =IF($Q72="","",ROUND($Q72*$R$10,2)) | AC72: =IF(COUNT($S72:$AB72)=0,"",SUM($S72:$AB72)) | AD72: =IF(ISERROR(IF($AC72="","",ROUND(($AC72/$AC$10)*$AD$10,2))),"",IF($AC72="","",ROUND(($AC72/$AC$10)*$AD$10,2))) | AE72: =IF($AD72="","",ROUND($AD72*$AE$10,2)) | AG72: =IF(ISERROR(IF($AF72="","",ROUND(($AF72/$AF$10)*$AG$10,2))),"",IF($AF72="","",ROUND(($AF72/$AF$10)*$AG$10,2))) | AH72: =IF($AG72="","",ROUND($AG72*$AH$10,2)) | AI72: =IF(ISERROR(IF($AF72="","",ROUND(SUM($R72,$AE72,$AH72),2))),"",IF($AF72="","",ROUND(SUM($R72,$AE72,$AH72),2))) | AJ72: =IF(ISERROR(IF($AF72="","",VLOOKUP(AI72,TRANSMUTATION_TABLE,4,TRUE))),"",IF($AF72="","",VLOOKUP(AI72,TRANSMUTATION_TABLE,4,TRUE)))
A73: 11 | B73: ='INPUT DATA'!B73 -> LACSON, MARIA CLARA K. | P73: =IF(COUNT($F73:$O73)=0,"",SUM($F73:$O73)) | Q73: =IF(ISERROR(IF($P73="","",ROUND(($P73/$P$10)*$Q$10,2))),"",IF($P73="","",ROUND(($P73/$P$10)*$Q$10,2))) | R73: =IF($Q73="","",ROUND($Q73*$R$10,2)) | AC73: =IF(COUNT($S73:$AB73)=0,"",SUM($S73:$AB73)) | AD73: =IF(ISERROR(IF($AC73="","",ROUND(($AC73/$AC$10)*$AD$10,2))),"",IF($AC73="","",ROUND(($AC73/$AC$10)*$AD$10,2))) | AE73: =IF($AD73="","",ROUND($AD73*$AE$10,2)) | AG73: =IF(ISERROR(IF($AF73="","",ROUND(($AF73/$AF$10)*$AG$10,2))),"",IF($AF73="","",ROUND(($AF73/$AF$10)*$AG$10,2))) | AH73: =IF($AG73="","",ROUND($AG73*$AH$10,2)) | AI73: =IF(ISERROR(IF($AF73="","",ROUND(SUM($R73,$AE73,$AH73),2))),"",IF($AF73="","",ROUND(SUM($R73,$AE73,$AH73),2))) | AJ73: =IF(ISERROR(IF($AF73="","",VLOOKUP(AI73,TRANSMUTATION_TABLE,4,TRUE))),"",IF($AF73="","",VLOOKUP(AI73,TRANSMUTATION_TABLE,4,TRUE)))
A74: 12 | B74: ='INPUT DATA'!B74 -> LACSON, SHAIRA N. | P74: =IF(COUNT($F74:$O74)=0,"",SUM($F74:$O74)) | Q74: =IF(ISERROR(IF($P74="","",ROUND(($P74/$P$10)*$Q$10,2))),"",IF($P74="","",ROUND(($P74/$P$10)*$Q$10,2))) | R74: =IF($Q74="","",ROUND($Q74*$R$10,2)) | AC74: =IF(COUNT($S74:$AB74)=0,"",SUM($S74:$AB74)) | AD74: =IF(ISERROR(IF($AC74="","",ROUND(($AC74/$AC$10)*$AD$10,2))),"",IF($AC74="","",ROUND(($AC74/$AC$10)*$AD$10,2))) | AE74: =IF($AD74="","",ROUND($AD74*$AE$10,2)) | AG74: =IF(ISERROR(IF($AF74="","",ROUND(($AF74/$AF$10)*$AG$10,2))),"",IF($AF74="","",ROUND(($AF74/$AF$10)*$AG$10,2))) | AH74: =IF($AG74="","",ROUND($AG74*$AH$10,2)) | AI74: =IF(ISERROR(IF($AF74="","",ROUND(SUM($R74,$AE74,$AH74),2))),"",IF($AF74="","",ROUND(SUM($R74,$AE74,$AH74),2))) | AJ74: =IF(ISERROR(IF($AF74="","",VLOOKUP(AI74,TRANSMUTATION_TABLE,4,TRUE))),"",IF($AF74="","",VLOOKUP(AI74,TRANSMUTATION_TABLE,4,TRUE)))
... A112: 50 | B112: ='INPUT DATA'!B112 -> 0 | P112: =IF(COUNT($F112:$O112)=0,"",SUM($F112:$O112)) | Q112: =IF(ISERROR(IF($P112="","",ROUND(($P112/$P$10)*$Q$10,2))),"",IF($P112="","",ROUND(($P112/$P$10)*$Q$10,2))) | R112: =IF($Q112="","",ROUND($Q112*$R$10,2)) | AC112: =IF(COUNT($S112:$AB112)=0,"",SUM($S112:$AB112)) | AD112: =IF(ISERROR(IF($AC112="","",ROUND(($AC112/$AC$10)*$AD$10,2))),"",IF($AC112="","",ROUND(($AC112/$AC$10)*$AD$10,2))) | AE112: =IF($AD112="","",ROUND($AD112*$AE$10,2)) | AG112: =IF(ISERROR(IF($AF112="","",ROUND(($AF112/$AF$10)*$AG$10,2))),"",IF($AF112="","",ROUND(($AF112/$AF$10)*$AG$10,2))) | AH112: =IF($AG112="","",ROUND($AG112*$AH$10,2)) | AI112: =IF(ISERROR(IF($AF112="","",ROUND(SUM($R112,$AE112,$AH112),2))),"",IF($AF112="","",ROUND(SUM($R112,$AE112,$AH112),2))) | AJ112: =IF(ISERROR(IF($AF112="","",VLOOKUP(AI112,TRANSMUTATION_TABLE,4,TRUE))),"",IF($AF112="","",VLOOKUP(AI112,TRANSMUTATION_TABLE,4,TRUE)))

Sheet MATH_Q2
A1: Class Record
A3: (Pursuant to Deped Order 8 series of 2015)
C4: REGION | G4: ='INPUT DATA'!G4 -> 0 | L4: DIVISION | O4: ='INPUT DATA'!O4 -> 0
B5: SCHOOL NAME | G5: ='INPUT DATA'!G5 -> ARMS DEMO NATIONAL HIGH SCHOOL | T5: SCHOOL ID | AD5: SCHOOL YEAR | AG5: ='INPUT DATA'!AG5 -> 2026-2027
A7: SECOND QUARTER | F7: GRADE & SECTION: | K7: ='INPUT DATA'!K7 -> GRADE 7 - ILANG-ILANG | Q7: TEACHER: | S7: ='INPUT DATA'!S7 -> MARIA SANTOS | AC7: SUBJECT: | AG7: ='INPUT DATA'!AG7 -> MATHEMATICS
B8: LEARNERS' NAMES | F8: WRITTEN WORKS (40%) | S8: PERFORMANCE TASKS (40%) | AF8: QUARTERLY ASSESSMENT (20%) | AI8: Initial | AJ8: Quarterly
F9: 1 | G9: 2 | H9: 3 | I9: 4 | J9: 5 | K9: 6 | L9: 7 | M9: 8 | N9: 9 | O9: 10 | P9: Total | Q9: PS | R9: WS | S9: 1 | T9: 2 | U9: 3 | V9: 4 | W9: 5 | X9: 6 | Y9: 7 | Z9: 8 | AA9: 9 | AB9: 10 | AC9: Total | AD9: PS | AE9: WS | AF9: 1 | AG9: PS | AH9: WS | AI9: Grade | AJ9: Grade
B10: HIGHEST POSSIBLE SCORE | F10: 20 | G10: 20 | H10: 15 | I10: 25 | J10: 20 | P10: =IF(COUNT($F10:$O10)=0,"",SUM($F10:$O10)) -> 100 | Q10: 100 | R10: 0.4 | S10: 50 | T10: 40 | U10: 50 | V10: 60 | AC10: =IF(COUNT($S10:$AB10)=0,"",SUM($S10:$AB10)) -> 200 | AD10: 100 | AE10: 0.4 | AF10: 50 | AG10: 100 | AH10: 0.2
B11: MALE
A12: 1 | B12: ='INPUT DATA'!B12 -> BAUTISTA, KYLE Z. | F12: 14 | G12: 12 | H12: 12 | I12: 19 | J12: 16 | P12: =IF(COUNT($F12:$O12)=0,"",SUM($F12:$O12)) -> 73 | Q12: =IF(ISERROR(IF($P12="","",ROUND(($P12/$P$10)*$Q$10,2))),"",IF($P12="","",ROUND(($P12/$P$10)*$Q$10,2))) -> 73 | R12: =IF($Q12="","",ROUND($Q12*$R$10,2)) -> 29.2 | S12: 33 | T12: 26 | U12: 31 | V12: 38 | AC12: =IF(COUNT($S12:$AB12)=0,"",SUM($S12:$AB12)) -> 128 | AD12: =IF(ISERROR(IF($AC12="","",ROUND(($AC12/$AC$10)*$AD$10,2))),"",IF($AC12="","",ROUND(($AC12/$AC$10)*$AD$10,2))) -> 64 | AE12: =IF($AD12="","",ROUND($AD12*$AE$10,2)) -> 25.6 | AF12: 31 | AG12: =IF(ISERROR(IF($AF12="","",ROUND(($AF12/$AF$10)*$AG$10,2))),"",IF($AF12="","",ROUND(($AF12/$AF$10)*$AG$10,2))) -> 62 | AH12: =IF($AG12="","",ROUND($AG12*$AH$10,2)) -> 12.4 | AI12: =IF(ISERROR(IF($AF12="","",ROUND(SUM($R12,$AE12,$AH12),2))),"",IF($AF12="","",ROUND(SUM($R12,$AE12,$AH12),2))) -> 67.2 | AJ12: =IF(ISERROR(IF($AF12="","",VLOOKUP(AI12,TRANSMUTATION_TABLE,4,TRUE))),"",IF($AF12="","",VLOOKUP(AI12,TRANSMUTATION_TABLE,4,TRUE))) -> 79
A13: 2 | B13: ='INPUT DATA'!B13 -> FLORES, JEROME C. | F13: 16 | G13: 18 | H13: 13 | I13: 20 | J13: 16 | P13: =IF(COUNT($F13:$O13)=0,"",SUM($F13:$O13)) -> 83 | Q13: =IF(ISERROR(IF($P13="","",ROUND(($P13/$P$10)*$Q$10,2))),"",IF($P13="","",ROUND(($P13/$P$10)*$Q$10,2))) -> 83 | R13: =IF($Q13="","",ROUND($Q13*$R$10,2)) -> 33.2 | S13: 40 | T13: 30 | U13: 43 | V13: 47 | AC13: =IF(COUNT($S13:$AB13)=0,"",SUM($S13:$AB13)) -> 160 | AD13: =IF(ISERROR(IF($AC13="","",ROUND(($AC13/$AC$10)*$AD$10,2))),"",IF($AC13="","",ROUND(($AC13/$AC$10)*$AD$10,2))) -> 80 | AE13: =IF($AD13="","",ROUND($AD13*$AE$10,2)) -> 32 | AF13: 39 | AG13: =IF(ISERROR(IF($AF13="","",ROUND(($AF13/$AF$10)*$AG$10,2))),"",IF($AF13="","",ROUND(($AF13/$AF$10)*$AG$10,2))) -> 78 | AH13: =IF($AG13="","",ROUND($AG13*$AH$10,2)) -> 15.6 | AI13: =IF(ISERROR(IF($AF13="","",ROUND(SUM($R13,$AE13,$AH13),2))),"",IF($AF13="","",ROUND(SUM($R13,$AE13,$AH13),2))) -> 80.8 | AJ13: =IF(ISERROR(IF($AF13="","",VLOOKUP(AI13,TRANSMUTATION_TABLE,4,TRUE))),"",IF($AF13="","",VLOOKUP(AI13,TRANSMUTATION_TABLE,4,TRUE))) -> 88
A14: 3 | B14: ='INPUT DATA'!B14 -> GONZALES, FRANCIS L. | F14: 18 | G14: 20 | H14: 15 | I14: 23 | J14: 17 | P14: =IF(COUNT($F14:$O14)=0,"",SUM($F14:$O14)) -> 93 | Q14: =IF(ISERROR(IF($P14="","",ROUND(($P14/$P$10)*$Q$10,2))),"",IF($P14="","",ROUND(($P14/$P$10)*$Q$10,2))) -> 93 | R14: =IF($Q14="","",ROUND($Q14*$R$10,2)) -> 37.2 | S14: 43 | T14: 35 | U14: 48 | V14: 55 | AC14: =IF(COUNT($S14:$AB14)=0,"",SUM($S14:$AB14)) -> 181 | AD14: =IF(ISERROR(IF($AC14="","",ROUND(($AC14/$AC$10)*$AD$10,2))),"",IF($AC14="","",ROUND(($AC14/$AC$10)*$AD$10,2))) -> 90.5 | AE14: =IF($AD14="","",ROUND($AD14*$AE$10,2)) -> 36.2 | AF14: 44 | AG14: =IF(ISERROR(IF($AF14="","",ROUND(($AF14/$AF$10)*$AG$10,2))),"",IF($AF14="","",ROUND(($AF14/$AF$10)*$AG$10,2))) -> 88 | AH14: =IF($AG14="","",ROUND($AG14*$AH$10,2)) -> 17.6 | AI14: =IF(ISERROR(IF($AF14="","",ROUND(SUM($R14,$AE14,$AH14),2))),"",IF($AF14="","",ROUND(SUM($R14,$AE14,$AH14),2))) -> 91 | AJ14: =IF(ISERROR(IF($AF14="","",VLOOKUP(AI14,TRANSMUTATION_TABLE,4,TRUE))),"",IF($AF14="","",VLOOKUP(AI14,TRANSMUTATION_TABLE,4,TRUE))) -> 94
A15: 4 | B15: ='INPUT DATA'!B15 -> IGNACIO, CHRISTIAN D. | F15: 11 | G15: 11 | H15: 7 | I15: 13 | J15: 11 | P15: =IF(COUNT($F15:$O15)=0,"",SUM($F15:$O15)) -> 53 | Q15: =IF(ISERROR(IF($P15="","",ROUND(($P15/$P$10)*$Q$10,2))),"",IF($P15="","",ROUND(($P15/$P$10)*$Q$10,2))) -> 53 | R15: =IF($Q15="","",ROUND($Q15*$R$10,2)) -> 21.2 | S15: 28 | T15: 23 | U15: 29 | V15: 38 | AC15: =IF(COUNT($S15:$AB15)=0,"",SUM($S15:$AB15)) -> 118 | AD15: =IF(ISERROR(IF($AC15="","",ROUND(($AC15/$AC$10)*$AD$10,2))),"",IF($AC15="","",ROUND(($AC15/$AC$10)*$AD$10,2))) -> 59 | AE15: =IF($AD15="","",ROUND($AD15*$AE$10,2)) -> 23.6 | AF15: 27 | AG15: =IF(ISERROR(IF($AF15="","",ROUND(($AF15/$AF$10)*$AG$10,2))),"",IF($AF15="","",ROUND(($AF15/$AF$10)*$AG$10,2))) -> 54 | AH15: =IF($AG15="","",ROUND($AG15*$AH$10,2)) -> 10.8 | AI15: =IF(ISERROR(IF($AF15="","",ROUND(SUM($R15,$AE15,$AH15),2))),"",IF($AF15="","",ROUND(SUM($R15,$AE15,$AH15),2))) -> 55.6 | AJ15: =IF(ISERROR(IF($AF15="","",VLOOKUP(AI15,TRANSMUTATION_TABLE,4,TRUE))),"",IF($AF15="","",VLOOKUP(AI15,TRANSMUTATION_TABLE,4,TRUE))) -> 73
A16: 5 | B16: ='INPUT DATA'!B16 -> LUMAPAS, JERICHO T. | F16: 11 | G16: 11 | H16: 9 | I16: 15 | J16: 11 | P16: =IF(COUNT($F16:$O16)=0,"",SUM($F16:$O16)) -> 57 | Q16: =IF(ISERROR(IF($P16="","",ROUND(($P16/$P$10)*$Q$10,2))),"",IF($P16="","",ROUND(($P16/$P$10)*$Q$10,2))) -> 57 | R16: =IF($Q16="","",ROUND($Q16*$R$10,2)) -> 22.8 | S16: 27 | T16: 26 | U16: 31 | V16: 37 | AC16: =IF(COUNT($S16:$AB16)=0,"",SUM($S16:$AB16)) -> 121 | AD16: =IF(ISERROR(IF($AC16="","",ROUND(($AC16/$AC$10)*$AD$10,2))),"",IF($AC16="","",ROUND(($AC16/$AC$10)*$AD$10,2))) -> 60.5 | AE16: =IF($AD16="","",ROUND($AD16*$AE$10,2)) -> 24.2 | AF16: 32 | AG16: =IF(ISERROR(IF($AF16="","",ROUND(($AF16/$AF$10)*$AG$10,2))),"",IF($AF16="","",ROUND(($AF16/$AF$10)*$AG$10,2))) -> 64 | AH16: =IF($AG16="","",ROUND($AG16*$AH$10,2)) -> 12.8 | AI16: =IF(ISERROR(IF($AF16="","",ROUND(SUM($R16,$AE16,$AH16),2))),"",IF($AF16="","",ROUND(SUM($R16,$AE16,$AH16),2))) -> 59.8 | AJ16: =IF(ISERROR(IF($AF16="","",VLOOKUP(AI16,TRANSMUTATION_TABLE,4,TRUE))),"",IF($AF16="","",VLOOKUP(AI16,TRANSMUTATION_TABLE,4,TRUE))) -> 74
A17: 6 | B17: ='INPUT DATA'!B17 -> MENDOZA, EMMANUEL R. | F17: 16 | G17: 17 | H17: 13 | I17: 23 | J17: 18 | P17: =IF(COUNT($F17:$O17)=0,"",SUM($F17:$O17)) -> 87 | Q17: =IF(ISERROR(IF($P17="","",ROUND(($P17/$P$10)*$Q$10,2))),"",IF($P17="","",ROUND(($P17/$P$10)*$Q$10,2))) -> 87 | R17: =IF($Q17="","",ROUND($Q17*$R$10,2)) -> 34.8 | S17: 45 | T17: 35 | U17: 43 | V17: 58 | AC17: =IF(COUNT($S17:$AB17)=0,"",SUM($S17:$AB17)) -> 181 | AD17: =IF(ISERROR(IF($AC17="","",ROUND(($AC17/$AC$10)*$AD$10,2))),"",IF($AC17="","",ROUND(($AC17/$AC$10)*$AD$10,2))) -> 90.5 | AE17: =IF($AD17="","",ROUND($AD17*$AE$10,2)) -> 36.2 | AF17: 49 | AG17: =IF(ISERROR(IF($AF17="","",ROUND(($AF17/$AF$10)*$AG$10,2))),"",IF($AF17="","",ROUND(($AF17/$AF$10)*$AG$10,2))) -> 98 | AH17: =IF($AG17="","",ROUND($AG17*$AH$10,2)) -> 19.6 | AI17: =IF(ISERROR(IF($AF17="","",ROUND(SUM($R17,$AE17,$AH17),2))),"",IF($AF17="","",ROUND(SUM($R17,$AE17,$AH17),2))) -> 90.6 | AJ17: =IF(ISERROR(IF($AF17="","",VLOOKUP(AI17,TRANSMUTATION_TABLE,4,TRUE))),"",IF($AF17="","",VLOOKUP(AI17,TRANSMUTATION_TABLE,4,TRUE))) -> 94
A18: 7 | B18: ='INPUT DATA'!B18 -> MENDOZA, JUAN MIGUEL O. | F18: 15 | G18: 14 | H18: 12 | I18: 18 | J18: 16 | P18: =IF(COUNT($F18:$O18)=0,"",SUM($F18:$O18)) -> 75 | Q18: =IF(ISERROR(IF($P18="","",ROUND(($P18/$P$10)*$Q$10,2))),"",IF($P18="","",ROUND(($P18/$P$10)*$Q$10,2))) -> 75 | R18: =IF($Q18="","",ROUND($Q18*$R$10,2)) -> 30 | S18: 36 | T18: 30 | U18: 41 | V18: 44 | AC18: =IF(COUNT($S18:$AB18)=0,"",SUM($S18:$AB18)) -> 151 | AD18: =IF(ISERROR(IF($AC18="","",ROUND(($AC18/$AC$10)*$AD$10,2))),"",IF($AC18="","",ROUND(($AC18/$AC$10)*$AD$10,2))) -> 75.5 | AE18: =IF($AD18="","",ROUND($AD18*$AE$10,2)) -> 30.2 | AG18: =IF(ISERROR(IF($AF18="","",ROUND(($AF18/$AF$10)*$AG$10,2))),"",IF($AF18="","",ROUND(($AF18/$AF$10)*$AG$10,2))) | AH18: =IF($AG18="","",ROUND($AG18*$AH$10,2)) | AI18: =IF(ISERROR(IF($AF18="","",ROUND(SUM($R18,$AE18,$AH18),2))),"",IF($AF18="","",ROUND(SUM($R18,$AE18,$AH18),2))) | AJ18: =IF(ISERROR(IF($AF18="","",VLOOKUP(AI18,TRANSMUTATION_TABLE,4,TRUE))),"",IF($AF18="","",VLOOKUP(AI18,TRANSMUTATION_TABLE,4,TRUE)))
A19: 8 | B19: ='INPUT DATA'!B19 -> MORALES, KYLE P. | D19: 0 | F19: 15 | G19: 15 | H19: 13 | I19: 19 | J19: 17 | P19: =IF(COUNT($F19:$O19)=0,"",SUM($F19:$O19)) -> 79 | Q19: =IF(ISERROR(IF($P19="","",ROUND(($P19/$P$10)*$Q$10,2))),"",IF($P19="","",ROUND(($P19/$P$10)*$Q$10,2))) -> 79 | R19: =IF($Q19="","",ROUND($Q19*$R$10,2)) -> 31.6 | S19: 38 | T19: 31 | U19: 40 | V19: 46 | AC19: =IF(COUNT($S19:$AB19)=0,"",SUM($S19:$AB19)) -> 155 | AD19: =IF(ISERROR(IF($AC19="","",ROUND(($AC19/$AC$10)*$AD$10,2))),"",IF($AC19="","",ROUND(($AC19/$AC$10)*$AD$10,2))) -> 77.5 | AE19: =IF($AD19="","",ROUND($AD19*$AE$10,2)) -> 31 | AF19: 40 | AG19: =IF(ISERROR(IF($AF19="","",ROUND(($AF19/$AF$10)*$AG$10,2))),"",IF($AF19="","",ROUND(($AF19/$AF$10)*$AG$10,2))) -> 80 | AH19: =IF($AG19="","",ROUND($AG19*$AH$10,2)) -> 16 | AI19: =IF(ISERROR(IF($AF19="","",ROUND(SUM($R19,$AE19,$AH19),2))),"",IF($AF19="","",ROUND(SUM($R19,$AE19,$AH19),2))) -> 78.6 | AJ19: =IF(ISERROR(IF($AF19="","",VLOOKUP(AI19,TRANSMUTATION_TABLE,4,TRUE))),"",IF($AF19="","",VLOOKUP(AI19,TRANSMUTATION_TABLE,4,TRUE))) -> 86
A20: 9 | B20: ='INPUT DATA'!B20 -> NAVARRO, MARK ANTHONY T. | F20: 12 | G20: 13 | H20: 9 | I20: 16 | J20: 14 | P20: =IF(COUNT($F20:$O20)=0,"",SUM($F20:$O20)) -> 64 | Q20: =IF(ISERROR(IF($P20="","",ROUND(($P20/$P$10)*$Q$10,2))),"",IF($P20="","",ROUND(($P20/$P$10)*$Q$10,2))) -> 64 | R20: =IF($Q20="","",ROUND($Q20*$R$10,2)) -> 25.6 | S20: 36 | T20: 30 | U20: 35 | V20: 41 | AC20: =IF(COUNT($S20:$AB20)=0,"",SUM($S20:$AB20)) -> 142 | AD20: =IF(ISERROR(IF($AC20="","",ROUND(($AC20/$AC$10)*$AD$10,2))),"",IF($AC20="","",ROUND(($AC20/$AC$10)*$AD$10,2))) -> 71 | AE20: =IF($AD20="","",ROUND($AD20*$AE$10,2)) -> 28.4 | AF20: 33 | AG20: =IF(ISERROR(IF($AF20="","",ROUND(($AF20/$AF$10)*$AG$10,2))),"",IF($AF20="","",ROUND(($AF20/$AF$10)*$AG$10,2))) -> 66 | AH20: =IF($AG20="","",ROUND($AG20*$AH$10,2)) -> 13.2 | AI20: =IF(ISERROR(IF($AF20="","",ROUND(SUM($R20,$AE20,$AH20),2))),"",IF($AF20="","",ROUND(SUM($R20,$AE20,$AH20),2))) -> 67.2 | AJ20: =IF(ISERROR(IF($AF20="","",VLOOKUP(AI20,TRANSMUTATION_TABLE,4,TRUE))),"",IF($AF20="","",VLOOKUP(AI20,TRANSMUTATION_TABLE,4,TRUE))) -> 79
A21: 10 | B21: ='INPUT DATA'!B21 -> OCAMPO JR., CHRISTIAN U. | F21: 14 | G21: 14 | H21: 11 | I21: 19 | J21: 14 | P21: =IF(COUNT($F21:$O21)=0,"",SUM($F21:$O21)) -> 72 | Q21: =IF(ISERROR(IF($P21="","",ROUND(($P21/$P$10)*$Q$10,2))),"",IF($P21="","",ROUND(($P21/$P$10)*$Q$10,2))) -> 72 | R21: =IF($Q21="","",ROUND($Q21*$R$10,2)) -> 28.8 | S21: 40 | T21: 30 | U21: 36 | V21: 49 | AC21: =IF(COUNT($S21:$AB21)=0,"",SUM($S21:$AB21)) -> 155 | AD21: =IF(ISERROR(IF($AC21="","",ROUND(($AC21/$AC$10)*$AD$10,2))),"",IF($AC21="","",ROUND(($AC21/$AC$10)*$AD$10,2))) -> 77.5 | AE21: =IF($AD21="","",ROUND($AD21*$AE$10,2)) -> 31 | AF21: 33 | AG21: =IF(ISERROR(IF($AF21="","",ROUND(($AF21/$AF$10)*$AG$10,2))),"",IF($AF21="","",ROUND(($AF21/$AF$10)*$AG$10,2))) -> 66 | AH21: =IF($AG21="","",ROUND($AG21*$AH$10,2)) -> 13.2 | AI21: =IF(ISERROR(IF($AF21="","",ROUND(SUM($R21,$AE21,$AH21),2))),"",IF($AF21="","",ROUND(SUM($R21,$AE21,$AH21),2))) -> 73 | AJ21: =IF(ISERROR(IF($AF21="","",VLOOKUP(AI21,TRANSMUTATION_TABLE,4,TRUE))),"",IF($AF21="","",VLOOKUP(AI21,TRANSMUTATION_TABLE,4,TRUE))) -> 83
A22: 11 | B22: ='INPUT DATA'!B22 -> PANGANIBAN, DOMINIC C. | D22: 0 | F22: 13 | G22: 14 | H22: 9 | I22: 19 | J22: 12 | P22: =IF(COUNT($F22:$O22)=0,"",SUM($F22:$O22)) -> 67 | Q22: =IF(ISERROR(IF($P22="","",ROUND(($P22/$P$10)*$Q$10,2))),"",IF($P22="","",ROUND(($P22/$P$10)*$Q$10,2))) -> 67 | R22: =IF($Q22="","",ROUND($Q22*$R$10,2)) -> 26.8 | S22: 33 | T22: 27 | U22: 36 | V22: 38 | AC22: =IF(COUNT($S22:$AB22)=0,"",SUM($S22:$AB22)) -> 134 | AD22: =IF(ISERROR(IF($AC22="","",ROUND(($AC22/$AC$10)*$AD$10,2))),"",IF($AC22="","",ROUND(($AC22/$AC$10)*$AD$10,2))) -> 67 | AE22: =IF($AD22="","",ROUND($AD22*$AE$10,2)) -> 26.8 | AF22: 31 | AG22: =IF(ISERROR(IF($AF22="","",ROUND(($AF22/$AF$10)*$AG$10,2))),"",IF($AF22="","",ROUND(($AF22/$AF$10)*$AG$10,2))) -> 62 | AH22: =IF($AG22="","",ROUND($AG22*$AH$10,2)) -> 12.4 | AI22: =IF(ISERROR(IF($AF22="","",ROUND(SUM($R22,$AE22,$AH22),2))),"",IF($AF22="","",ROUND(SUM($R22,$AE22,$AH22),2))) -> 66 | AJ22: =IF(ISERROR(IF($AF22="","",VLOOKUP(AI22,TRANSMUTATION_TABLE,4,TRUE))),"",IF($AF22="","",VLOOKUP(AI22,TRANSMUTATION_TABLE,4,TRUE))) -> 78
A23: 12 | B23: ='INPUT DATA'!B23 -> RAMOS, FRANCIS H. | F23: 18 | G23: 17 | H23: 14 | I23: 21 | J23: 17 | P23: =IF(COUNT($F23:$O23)=0,"",SUM($F23:$O23)) -> 87 | Q23: =IF(ISERROR(IF($P23="","",ROUND(($P23/$P$10)*$Q$10,2))),"",IF($P23="","",ROUND(($P23/$P$10)*$Q$10,2))) -> 87 | R23: =IF($Q23="","",ROUND($Q23*$R$10,2)) -> 34.8 | S23: 43 | T23: 32 | U23: 46 | V23: 47 | AC23: =IF(COUNT($S23:$AB23)=0,"",SUM($S23:$AB23)) -> 168 | AD23: =IF(ISERROR(IF($AC23="","",ROUND(($AC23/$AC$10)*$AD$10,2))),"",IF($AC23="","",ROUND(($AC23/$AC$10)*$AD$10,2))) -> 84 | AE23: =IF($AD23="","",ROUND($AD23*$AE$10,2)) -> 33.6 | AF23: 39 | AG23: =IF(ISERROR(IF($AF23="","",ROUND(($AF23/$AF$10)*$AG$10,2))),"",IF($AF23="","",ROUND(($AF23/$AF$10)*$AG$10,2))) -> 78 | AH23: =IF($AG23="","",ROUND($AG23*$AH$10,2)) -> 15.6 | AI23: =IF(ISERROR(IF($AF23="","",ROUND(SUM($R23,$AE23,$AH23),2))),"",IF($AF23="","",ROUND(SUM($R23,$AE23,$AH23),2))) -> 84 | AJ23: =IF(ISERROR(IF($AF23="","",VLOOKUP(AI23,TRANSMUTATION_TABLE,4,TRUE))),"",IF($AF23="","",VLOOKUP(AI23,TRANSMUTATION_TABLE,4,TRUE))) -> 90
A24: 13 | B24: ='INPUT DATA'!B24 -> RAMOS JR., KYLE R. | F24: 18 | G24: 17 | H24: 15 | I24: 22 | J24: 18 | P24: =IF(COUNT($F24:$O24)=0,"",SUM($F24:$O24)) -> 90 | Q24: =IF(ISERROR(IF($P24="","",ROUND(($P24/$P$10)*$Q$10,2))),"",IF($P24="","",ROUND(($P24/$P$10)*$Q$10,2))) -> 90 | R24: =IF($Q24="","",ROUND($Q24*$R$10,2)) -> 36 | S24: 42 | T24: 34 | U24: 46 | V24: 57 | AC24: =IF(COUNT($S24:$AB24)=0,"",SUM($S24:$AB24)) -> 179 | AD24: =IF(ISERROR(IF($AC24="","",ROUND(($AC24/$AC$10)*$AD$10,2))),"",IF($AC24="","",ROUND(($AC24/$AC$10)*$AD$10,2))) -> 89.5 | AE24: =IF($AD24="","",ROUND($AD24*$AE$10,2)) -> 35.8 | AF24: 43 | AG24: =IF(ISERROR(IF($AF24="","",ROUND(($AF24/$AF$10)*$AG$10,2))),"",IF($AF24="","",ROUND(($AF24/$AF$10)*$AG$10,2))) -> 86 | AH24: =IF($AG24="","",ROUND($AG24*$AH$10,2)) -> 17.2 | AI24: =IF(ISERROR(IF($AF24="","",ROUND(SUM($R24,$AE24,$AH24),2))),"",IF($AF24="","",ROUND(SUM($R24,$AE24,$AH24),2))) -> 89 | AJ24: =IF(ISERROR(IF($AF24="","",VLOOKUP(AI24,TRANSMUTATION_TABLE,4,TRUE))),"",IF($AF24="","",VLOOKUP(AI24,TRANSMUTATION_TABLE,4,TRUE))) -> 93
A25: 14 | B25: ='INPUT DATA'!B25 -> SANTOS, KYLE A. | F25: 18 | G25: 18 | H25: 14 | I25: 21 | J25: 16 | P25: =IF(COUNT($F25:$O25)=0,"",SUM($F25:$O25)) -> 87 | Q25: =IF(ISERROR(IF($P25="","",ROUND(($P25/$P$10)*$Q$10,2))),"",IF($P25="","",ROUND(($P25/$P$10)*$Q$10,2))) -> 87 | R25: =IF($Q25="","",ROUND($Q25*$R$10,2)) -> 34.8 | S25: 39 | T25: 37 | U25: 40 | V25: 49 | AC25: =IF(COUNT($S25:$AB25)=0,"",SUM($S25:$AB25)) -> 165 | AD25: =IF(ISERROR(IF($AC25="","",ROUND(($AC25/$AC$10)*$AD$10,2))),"",IF($AC25="","",ROUND(($AC25/$AC$10)*$AD$10,2))) -> 82.5 | AE25: =IF($AD25="","",ROUND($AD25*$AE$10,2)) -> 33 | AF25: 44 | AG25: =IF(ISERROR(IF($AF25="","",ROUND(($AF25/$AF$10)*$AG$10,2))),"",IF($AF25="","",ROUND(($AF25/$AF$10)*$AG$10,2))) -> 88 | AH25: =IF($AG25="","",ROUND($AG25*$AH$10,2)) -> 17.6 | AI25: =IF(ISERROR(IF($AF25="","",ROUND(SUM($R25,$AE25,$AH25),2))),"",IF($AF25="","",ROUND(SUM($R25,$AE25,$AH25),2))) -> 85.4 | AJ25: =IF(ISERROR(IF($AF25="","",VLOOKUP(AI25,TRANSMUTATION_TABLE,4,TRUE))),"",IF($AF25="","",VLOOKUP(AI25,TRANSMUTATION_TABLE,4,TRUE))) -> 90
A26: 15 | B26: ='INPUT DATA'!B26 -> TOLENTINO, CARLO O. | F26: 18 | G26: 17 | H26: 12 | I26: 23 | J26: 15 | P26: =IF(COUNT($F26:$O26)=0,"",SUM($F26:$O26)) -> 85 | Q26: =IF(ISERROR(IF($P26="","",ROUND(($P26/$P$10)*$Q$10,2))),"",IF($P26="","",ROUND(($P26/$P$10)*$Q$10,2))) -> 85 | R26: =IF($Q26="","",ROUND($Q26*$R$10,2)) -> 34 | S26: 41 | T26: 37 | U26: 40 | V26: 55 | AC26: =IF(COUNT($S26:$AB26)=0,"",SUM($S26:$AB26)) -> 173 | AD26: =IF(ISERROR(IF($AC26="","",ROUND(($AC26/$AC$10)*$AD$10,2))),"",IF($AC26="","",ROUND(($AC26/$AC$10)*$AD$10,2))) -> 86.5 | AE26: =IF($AD26="","",ROUND($AD26*$AE$10,2)) -> 34.6 | AF26: 43 | AG26: =IF(ISERROR(IF($AF26="","",ROUND(($AF26/$AF$10)*$AG$10,2))),"",IF($AF26="","",ROUND(($AF26/$AF$10)*$AG$10,2))) -> 86 | AH26: =IF($AG26="","",ROUND($AG26*$AH$10,2)) -> 17.2 | AI26: =IF(ISERROR(IF($AF26="","",ROUND(SUM($R26,$AE26,$AH26),2))),"",IF($AF26="","",ROUND(SUM($R26,$AE26,$AH26),2))) -> 85.8 | AJ26: =IF(ISERROR(IF($AF26="","",VLOOKUP(AI26,TRANSMUTATION_TABLE,4,TRUE))),"",IF($AF26="","",VLOOKUP(AI26,TRANSMUTATION_TABLE,4,TRUE))) -> 91
A27: 16 | B27: ='INPUT DATA'!B27 -> TOLENTINO, JEROME H. | F27: 17 | G27: 16 | H27: 13 | I27: 18 | J27: 16 | P27: =IF(COUNT($F27:$O27)=0,"",SUM($F27:$O27)) -> 80 | Q27: =IF(ISERROR(IF($P27="","",ROUND(($P27/$P$10)*$Q$10,2))),"",IF($P27="","",ROUND(($P27/$P$10)*$Q$10,2))) -> 80 | R27: =IF($Q27="","",ROUND($Q27*$R$10,2)) -> 32 | S27: 43 | T27: 34 | U27: 42 | V27: 51 | AC27: =IF(COUNT($S27:$AB27)=0,"",SUM($S27:$AB27)) -> 170 | AD27: =IF(ISERROR(IF($AC27="","",ROUND(($AC27/$AC$10)*$AD$10,2))),"",IF($AC27="","",ROUND(($AC27/$AC$10)*$AD$10,2))) -> 85 | AE27: =IF($AD27="","",ROUND($AD27*$AE$10,2)) -> 34 | AF27: 39 | AG27: =IF(ISERROR(IF($AF27="","",ROUND(($AF27/$AF$10)*$AG$10,2))),"",IF($AF27="","",ROUND(($AF27/$AF$10)*$AG$10,2))) -> 78 | AH27: =IF($AG27="","",ROUND($AG27*$AH$10,2)) -> 15.6 | AI27: =IF(ISERROR(IF($AF27="","",ROUND(SUM($R27,$AE27,$AH27),2))),"",IF($AF27="","",ROUND(SUM($R27,$AE27,$AH27),2))) -> 81.6 | AJ27: =IF(ISERROR(IF($AF27="","",VLOOKUP(AI27,TRANSMUTATION_TABLE,4,TRUE))),"",IF($AF27="","",VLOOKUP(AI27,TRANSMUTATION_TABLE,4,TRUE))) -> 88
A28: 17 | B28: ='INPUT DATA'!B28 -> TORRES, EMMANUEL A. | F28: 16 | G28: 17 | H28: 11 | I28: 19 | J28: 15 | P28: =IF(COUNT($F28:$O28)=0,"",SUM($F28:$O28)) -> 78 | Q28: =IF(ISERROR(IF($P28="","",ROUND(($P28/$P$10)*$Q$10,2))),"",IF($P28="","",ROUND(($P28/$P$10)*$Q$10,2))) -> 78 | R28: =IF($Q28="","",ROUND($Q28*$R$10,2)) -> 31.2 | S28: 37 | T28: 34 | U28: 40 | V28: 44 | AC28: =IF(COUNT($S28:$AB28)=0,"",SUM($S28:$AB28)) -> 155 | AD28: =IF(ISERROR(IF($AC28="","",ROUND(($AC28/$AC$10)*$AD$10,2))),"",IF($AC28="","",ROUND(($AC28/$AC$10)*$AD$10,2))) -> 77.5 | AE28: =IF($AD28="","",ROUND($AD28*$AE$10,2)) -> 31 | AF28: 43 | AG28: =IF(ISERROR(IF($AF28="","",ROUND(($AF28/$AF$10)*$AG$10,2))),"",IF($AF28="","",ROUND(($AF28/$AF$10)*$AG$10,2))) -> 86 | AH28: =IF($AG28="","",ROUND($AG28*$AH$10,2)) -> 17.2 | AI28: =IF(ISERROR(IF($AF28="","",ROUND(SUM($R28,$AE28,$AH28),2))),"",IF($AF28="","",ROUND(SUM($R28,$AE28,$AH28),2))) -> 79.4 | AJ28: =IF(ISERROR(IF($AF28="","",VLOOKUP(AI28,TRANSMUTATION_TABLE,4,TRUE))),"",IF($AF28="","",VLOOKUP(AI28,TRANSMUTATION_TABLE,4,TRUE))) -> 87
A29: 18 | B29: ='INPUT DATA'!B29 -> VILLANUEVA, BENEDICT Q. | F29: 16 | G29: 16 | H29: 11 | I29: 18 | J29: 16 | P29: =IF(COUNT($F29:$O29)=0,"",SUM($F29:$O29)) -> 77 | Q29: =IF(ISERROR(IF($P29="","",ROUND(($P29/$P$10)*$Q$10,2))),"",IF($P29="","",ROUND(($P29/$P$10)*$Q$10,2))) -> 77 | R29: =IF($Q29="","",ROUND($Q29*$R$10,2)) -> 30.8 | S29: 42 | T29: 33 | U29: 42 | V29: 47 | AC29: =IF(COUNT($S29:$AB29)=0,"",SUM($S29:$AB29)) -> 164 | AD29: =IF(ISERROR(IF($AC29="","",ROUND(($AC29/$AC$10)*$AD$10,2))),"",IF($AC29="","",ROUND(($AC29/$AC$10)*$AD$10,2))) -> 82 | AE29: =IF($AD29="","",ROUND($AD29*$AE$10,2)) -> 32.8 | AF29: 39 | AG29: =IF(ISERROR(IF($AF29="","",ROUND(($AF29/$AF$10)*$AG$10,2))),"",IF($AF29="","",ROUND(($AF29/$AF$10)*$AG$10,2))) -> 78 | AH29: =IF($AG29="","",ROUND($AG29*$AH$10,2)) -> 15.6 | AI29: =IF(ISERROR(IF($AF29="","",ROUND(SUM($R29,$AE29,$AH29),2))),"",IF($AF29="","",ROUND(SUM($R29,$AE29,$AH29),2))) -> 79.2 | AJ29: =IF(ISERROR(IF($AF29="","",VLOOKUP(AI29,TRANSMUTATION_TABLE,4,TRUE))),"",IF($AF29="","",VLOOKUP(AI29,TRANSMUTATION_TABLE,4,TRUE))) -> 87
A30: 19 | B30: ='INPUT DATA'!B30 -> VILLANUEVA, NATHANIEL P. | F30: 14 | G30: 14 | H30: 11 | I30: 18 | J30: 15 | P30: =IF(COUNT($F30:$O30)=0,"",SUM($F30:$O30)) -> 72 | Q30: =IF(ISERROR(IF($P30="","",ROUND(($P30/$P$10)*$Q$10,2))),"",IF($P30="","",ROUND(($P30/$P$10)*$Q$10,2))) -> 72 | R30: =IF($Q30="","",ROUND($Q30*$R$10,2)) -> 28.8 | S30: 32 | T30: 28 | U30: 30 | V30: 39 | AC30: =IF(COUNT($S30:$AB30)=0,"",SUM($S30:$AB30)) -> 129 | AD30: =IF(ISERROR(IF($AC30="","",ROUND(($AC30/$AC$10)*$AD$10,2))),"",IF($AC30="","",ROUND(($AC30/$AC$10)*$AD$10,2))) -> 64.5 | AE30: =IF($AD30="","",ROUND($AD30*$AE$10,2)) -> 25.8 | AF30: 35 | AG30: =IF(ISERROR(IF($AF30="","",ROUND(($AF30/$AF$10)*$AG$10,2))),"",IF($AF30="","",ROUND(($AF30/$AF$10)*$AG$10,2))) -> 70 | AH30: =IF($AG30="","",ROUND($AG30*$AH$10,2)) -> 14 | AI30: =IF(ISERROR(IF($AF30="","",ROUND(SUM($R30,$AE30,$AH30),2))),"",IF($AF30="","",ROUND(SUM($R30,$AE30,$AH30),2))) -> 68.6 | AJ30: =IF(ISERROR(IF($AF30="","",VLOOKUP(AI30,TRANSMUTATION_TABLE,4,TRUE))),"",IF($AF30="","",VLOOKUP(AI30,TRANSMUTATION_TABLE,4,TRUE))) -> 80
A31: 20 | B31: ='INPUT DATA'!B31 -> YBANEZ, JOSHUA V. | F31: 13 | G31: 11 | H31: 8 | I31: 14 | J31: 12 | P31: =IF(COUNT($F31:$O31)=0,"",SUM($F31:$O31)) -> 58 | Q31: =IF(ISERROR(IF($P31="","",ROUND(($P31/$P$10)*$Q$10,2))),"",IF($P31="","",ROUND(($P31/$P$10)*$Q$10,2))) -> 58 | R31: =IF($Q31="","",ROUND($Q31*$R$10,2)) -> 23.2 | S31: 25 | T31: 25 | U31: 30 | V31: 34 | AC31: =IF(COUNT($S31:$AB31)=0,"",SUM($S31:$AB31)) -> 114 | AD31: =IF(ISERROR(IF($AC31="","",ROUND(($AC31/$AC$10)*$AD$10,2))),"",IF($AC31="","",ROUND(($AC31/$AC$10)*$AD$10,2))) -> 57 | AE31: =IF($AD31="","",ROUND($AD31*$AE$10,2)) -> 22.8 | AF31: 26 | AG31: =IF(ISERROR(IF($AF31="","",ROUND(($AF31/$AF$10)*$AG$10,2))),"",IF($AF31="","",ROUND(($AF31/$AF$10)*$AG$10,2))) -> 52 | AH31: =IF($AG31="","",ROUND($AG31*$AH$10,2)) -> 10.4 | AI31: =IF(ISERROR(IF($AF31="","",ROUND(SUM($R31,$AE31,$AH31),2))),"",IF($AF31="","",ROUND(SUM($R31,$AE31,$AH31),2))) -> 56.4 | AJ31: =IF(ISERROR(IF($AF31="","",VLOOKUP(AI31,TRANSMUTATION_TABLE,4,TRUE))),"",IF($AF31="","",VLOOKUP(AI31,TRANSMUTATION_TABLE,4,TRUE))) -> 74
A32: 21 | B32: ='INPUT DATA'!B32 -> 0 | P32: =IF(COUNT($F32:$O32)=0,"",SUM($F32:$O32)) | Q32: =IF(ISERROR(IF($P32="","",ROUND(($P32/$P$10)*$Q$10,2))),"",IF($P32="","",ROUND(($P32/$P$10)*$Q$10,2))) | R32: =IF($Q32="","",ROUND($Q32*$R$10,2)) | AC32: =IF(COUNT($S32:$AB32)=0,"",SUM($S32:$AB32)) | AD32: =IF(ISERROR(IF($AC32="","",ROUND(($AC32/$AC$10)*$AD$10,2))),"",IF($AC32="","",ROUND(($AC32/$AC$10)*$AD$10,2))) | AE32: =IF($AD32="","",ROUND($AD32*$AE$10,2)) | AG32: =IF(ISERROR(IF($AF32="","",ROUND(($AF32/$AF$10)*$AG$10,2))),"",IF($AF32="","",ROUND(($AF32/$AF$10)*$AG$10,2))) | AH32: =IF($AG32="","",ROUND($AG32*$AH$10,2)) | AI32: =IF(ISERROR(IF($AF32="","",ROUND(SUM($R32,$AE32,$AH32),2))),"",IF($AF32="","",ROUND(SUM($R32,$AE32,$AH32),2))) | AJ32: =IF(ISERROR(IF($AF32="","",VLOOKUP(AI32,TRANSMUTATION_TABLE,4,TRUE))),"",IF($AF32="","",VLOOKUP(AI32,TRANSMUTATION_TABLE,4,TRUE)))
A33: 22 | B33: ='INPUT DATA'!B33 -> 0 | P33: =IF(COUNT($F33:$O33)=0,"",SUM($F33:$O33)) | Q33: =IF(ISERROR(IF($P33="","",ROUND(($P33/$P$10)*$Q$10,2))),"",IF($P33="","",ROUND(($P33/$P$10)*$Q$10,2))) | R33: =IF($Q33="","",ROUND($Q33*$R$10,2)) | AC33: =IF(COUNT($S33:$AB33)=0,"",SUM($S33:$AB33)) | AD33: =IF(ISERROR(IF($AC33="","",ROUND(($AC33/$AC$10)*$AD$10,2))),"",IF($AC33="","",ROUND(($AC33/$AC$10)*$AD$10,2))) | AE33: =IF($AD33="","",ROUND($AD33*$AE$10,2)) | AG33: =IF(ISERROR(IF($AF33="","",ROUND(($AF33/$AF$10)*$AG$10,2))),"",IF($AF33="","",ROUND(($AF33/$AF$10)*$AG$10,2))) | AH33: =IF($AG33="","",ROUND($AG33*$AH$10,2)) | AI33: =IF(ISERROR(IF($AF33="","",ROUND(SUM($R33,$AE33,$AH33),2))),"",IF($AF33="","",ROUND(SUM($R33,$AE33,$AH33),2))) | AJ33: =IF(ISERROR(IF($AF33="","",VLOOKUP(AI33,TRANSMUTATION_TABLE,4,TRUE))),"",IF($AF33="","",VLOOKUP(AI33,TRANSMUTATION_TABLE,4,TRUE)))
A34: 23 | B34: ='INPUT DATA'!B34 -> 0 | P34: =IF(COUNT($F34:$O34)=0,"",SUM($F34:$O34)) | Q34: =IF(ISERROR(IF($P34="","",ROUND(($P34/$P$10)*$Q$10,2))),"",IF($P34="","",ROUND(($P34/$P$10)*$Q$10,2))) | R34: =IF($Q34="","",ROUND($Q34*$R$10,2)) | AC34: =IF(COUNT($S34:$AB34)=0,"",SUM($S34:$AB34)) | AD34: =IF(ISERROR(IF($AC34="","",ROUND(($AC34/$AC$10)*$AD$10,2))),"",IF($AC34="","",ROUND(($AC34/$AC$10)*$AD$10,2))) | AE34: =IF($AD34="","",ROUND($AD34*$AE$10,2)) | AG34: =IF(ISERROR(IF($AF34="","",ROUND(($AF34/$AF$10)*$AG$10,2))),"",IF($AF34="","",ROUND(($AF34/$AF$10)*$AG$10,2))) | AH34: =IF($AG34="","",ROUND($AG34*$AH$10,2)) | AI34: =IF(ISERROR(IF($AF34="","",ROUND(SUM($R34,$AE34,$AH34),2))),"",IF($AF34="","",ROUND(SUM($R34,$AE34,$AH34),2))) | AJ34: =IF(ISERROR(IF($AF34="","",VLOOKUP(AI34,TRANSMUTATION_TABLE,4,TRUE))),"",IF($AF34="","",VLOOKUP(AI34,TRANSMUTATION_TABLE,4,TRUE)))
A35: 24 | B35: ='INPUT DATA'!B35 -> 0 | P35: =IF(COUNT($F35:$O35)=0,"",SUM($F35:$O35)) | Q35: =IF(ISERROR(IF($P35="","",ROUND(($P35/$P$10)*$Q$10,2))),"",IF($P35="","",ROUND(($P35/$P$10)*$Q$10,2))) | R35: =IF($Q35="","",ROUND($Q35*$R$10,2)) | AC35: =IF(COUNT($S35:$AB35)=0,"",SUM($S35:$AB35)) | AD35: =IF(ISERROR(IF($AC35="","",ROUND(($AC35/$AC$10)*$AD$10,2))),"",IF($AC35="","",ROUND(($AC35/$AC$10)*$AD$10,2))) | AE35: =IF($AD35="","",ROUND($AD35*$AE$10,2)) | AG35: =IF(ISERROR(IF($AF35="","",ROUND(($AF35/$AF$10)*$AG$10,2))),"",IF($AF35="","",ROUND(($AF35/$AF$10)*$AG$10,2))) | AH35: =IF($AG35="","",ROUND($AG35*$AH$10,2)) | AI35: =IF(ISERROR(IF($AF35="","",ROUND(SUM($R35,$AE35,$AH35),2))),"",IF($AF35="","",ROUND(SUM($R35,$AE35,$AH35),2))) | AJ35: =IF(ISERROR(IF($AF35="","",VLOOKUP(AI35,TRANSMUTATION_TABLE,4,TRUE))),"",IF($AF35="","",VLOOKUP(AI35,TRANSMUTATION_TABLE,4,TRUE)))
A36: 25 | B36: ='INPUT DATA'!B36 -> 0 | P36: =IF(COUNT($F36:$O36)=0,"",SUM($F36:$O36)) | Q36: =IF(ISERROR(IF($P36="","",ROUND(($P36/$P$10)*$Q$10,2))),"",IF($P36="","",ROUND(($P36/$P$10)*$Q$10,2))) | R36: =IF($Q36="","",ROUND($Q36*$R$10,2)) | AC36: =IF(COUNT($S36:$AB36)=0,"",SUM($S36:$AB36)) | AD36: =IF(ISERROR(IF($AC36="","",ROUND(($AC36/$AC$10)*$AD$10,2))),"",IF($AC36="","",ROUND(($AC36/$AC$10)*$AD$10,2))) | AE36: =IF($AD36="","",ROUND($AD36*$AE$10,2)) | AG36: =IF(ISERROR(IF($AF36="","",ROUND(($AF36/$AF$10)*$AG$10,2))),"",IF($AF36="","",ROUND(($AF36/$AF$10)*$AG$10,2))) | AH36: =IF($AG36="","",ROUND($AG36*$AH$10,2)) | AI36: =IF(ISERROR(IF($AF36="","",ROUND(SUM($R36,$AE36,$AH36),2))),"",IF($AF36="","",ROUND(SUM($R36,$AE36,$AH36),2))) | AJ36: =IF(ISERROR(IF($AF36="","",VLOOKUP(AI36,TRANSMUTATION_TABLE,4,TRUE))),"",IF($AF36="","",VLOOKUP(AI36,TRANSMUTATION_TABLE,4,TRUE)))
A37: 26 | B37: ='INPUT DATA'!B37 -> 0 | P37: =IF(COUNT($F37:$O37)=0,"",SUM($F37:$O37)) | Q37: =IF(ISERROR(IF($P37="","",ROUND(($P37/$P$10)*$Q$10,2))),"",IF($P37="","",ROUND(($P37/$P$10)*$Q$10,2))) | R37: =IF($Q37="","",ROUND($Q37*$R$10,2)) | AC37: =IF(COUNT($S37:$AB37)=0,"",SUM($S37:$AB37)) | AD37: =IF(ISERROR(IF($AC37="","",ROUND(($AC37/$AC$10)*$AD$10,2))),"",IF($AC37="","",ROUND(($AC37/$AC$10)*$AD$10,2))) | AE37: =IF($AD37="","",ROUND($AD37*$AE$10,2)) | AG37: =IF(ISERROR(IF($AF37="","",ROUND(($AF37/$AF$10)*$AG$10,2))),"",IF($AF37="","",ROUND(($AF37/$AF$10)*$AG$10,2))) | AH37: =IF($AG37="","",ROUND($AG37*$AH$10,2)) | AI37: =IF(ISERROR(IF($AF37="","",ROUND(SUM($R37,$AE37,$AH37),2))),"",IF($AF37="","",ROUND(SUM($R37,$AE37,$AH37),2))) | AJ37: =IF(ISERROR(IF($AF37="","",VLOOKUP(AI37,TRANSMUTATION_TABLE,4,TRUE))),"",IF($AF37="","",VLOOKUP(AI37,TRANSMUTATION_TABLE,4,TRUE)))
A38: 27 | B38: ='INPUT DATA'!B38 -> 0 | P38: =IF(COUNT($F38:$O38)=0,"",SUM($F38:$O38)) | Q38: =IF(ISERROR(IF($P38="","",ROUND(($P38/$P$10)*$Q$10,2))),"",IF($P38="","",ROUND(($P38/$P$10)*$Q$10,2))) | R38: =IF($Q38="","",ROUND($Q38*$R$10,2)) | AC38: =IF(COUNT($S38:$AB38)=0,"",SUM($S38:$AB38)) | AD38: =IF(ISERROR(IF($AC38="","",ROUND(($AC38/$AC$10)*$AD$10,2))),"",IF($AC38="","",ROUND(($AC38/$AC$10)*$AD$10,2))) | AE38: =IF($AD38="","",ROUND($AD38*$AE$10,2)) | AG38: =IF(ISERROR(IF($AF38="","",ROUND(($AF38/$AF$10)*$AG$10,2))),"",IF($AF38="","",ROUND(($AF38/$AF$10)*$AG$10,2))) | AH38: =IF($AG38="","",ROUND($AG38*$AH$10,2)) | AI38: =IF(ISERROR(IF($AF38="","",ROUND(SUM($R38,$AE38,$AH38),2))),"",IF($AF38="","",ROUND(SUM($R38,$AE38,$AH38),2))) | AJ38: =IF(ISERROR(IF($AF38="","",VLOOKUP(AI38,TRANSMUTATION_TABLE,4,TRUE))),"",IF($AF38="","",VLOOKUP(AI38,TRANSMUTATION_TABLE,4,TRUE)))
A39: 28 | B39: ='INPUT DATA'!B39 -> 0 | P39: =IF(COUNT($F39:$O39)=0,"",SUM($F39:$O39)) | Q39: =IF(ISERROR(IF($P39="","",ROUND(($P39/$P$10)*$Q$10,2))),"",IF($P39="","",ROUND(($P39/$P$10)*$Q$10,2))) | R39: =IF($Q39="","",ROUND($Q39*$R$10,2)) | AC39: =IF(COUNT($S39:$AB39)=0,"",SUM($S39:$AB39)) | AD39: =IF(ISERROR(IF($AC39="","",ROUND(($AC39/$AC$10)*$AD$10,2))),"",IF($AC39="","",ROUND(($AC39/$AC$10)*$AD$10,2))) | AE39: =IF($AD39="","",ROUND($AD39*$AE$10,2)) | AG39: =IF(ISERROR(IF($AF39="","",ROUND(($AF39/$AF$10)*$AG$10,2))),"",IF($AF39="","",ROUND(($AF39/$AF$10)*$AG$10,2))) | AH39: =IF($AG39="","",ROUND($AG39*$AH$10,2)) | AI39: =IF(ISERROR(IF($AF39="","",ROUND(SUM($R39,$AE39,$AH39),2))),"",IF($AF39="","",ROUND(SUM($R39,$AE39,$AH39),2))) | AJ39: =IF(ISERROR(IF($AF39="","",VLOOKUP(AI39,TRANSMUTATION_TABLE,4,TRUE))),"",IF($AF39="","",VLOOKUP(AI39,TRANSMUTATION_TABLE,4,TRUE)))
A40: 29 | B40: ='INPUT DATA'!B40 -> 0 | P40: =IF(COUNT($F40:$O40)=0,"",SUM($F40:$O40)) | Q40: =IF(ISERROR(IF($P40="","",ROUND(($P40/$P$10)*$Q$10,2))),"",IF($P40="","",ROUND(($P40/$P$10)*$Q$10,2))) | R40: =IF($Q40="","",ROUND($Q40*$R$10,2)) | AC40: =IF(COUNT($S40:$AB40)=0,"",SUM($S40:$AB40)) | AD40: =IF(ISERROR(IF($AC40="","",ROUND(($AC40/$AC$10)*$AD$10,2))),"",IF($AC40="","",ROUND(($AC40/$AC$10)*$AD$10,2))) | AE40: =IF($AD40="","",ROUND($AD40*$AE$10,2)) | AG40: =IF(ISERROR(IF($AF40="","",ROUND(($AF40/$AF$10)*$AG$10,2))),"",IF($AF40="","",ROUND(($AF40/$AF$10)*$AG$10,2))) | AH40: =IF($AG40="","",ROUND($AG40*$AH$10,2)) | AI40: =IF(ISERROR(IF($AF40="","",ROUND(SUM($R40,$AE40,$AH40),2))),"",IF($AF40="","",ROUND(SUM($R40,$AE40,$AH40),2))) | AJ40: =IF(ISERROR(IF($AF40="","",VLOOKUP(AI40,TRANSMUTATION_TABLE,4,TRUE))),"",IF($AF40="","",VLOOKUP(AI40,TRANSMUTATION_TABLE,4,TRUE)))
A41: 30 | B41: ='INPUT DATA'!B41 -> 0 | P41: =IF(COUNT($F41:$O41)=0,"",SUM($F41:$O41)) | Q41: =IF(ISERROR(IF($P41="","",ROUND(($P41/$P$10)*$Q$10,2))),"",IF($P41="","",ROUND(($P41/$P$10)*$Q$10,2))) | R41: =IF($Q41="","",ROUND($Q41*$R$10,2)) | AC41: =IF(COUNT($S41:$AB41)=0,"",SUM($S41:$AB41)) | AD41: =IF(ISERROR(IF($AC41="","",ROUND(($AC41/$AC$10)*$AD$10,2))),"",IF($AC41="","",ROUND(($AC41/$AC$10)*$AD$10,2))) | AE41: =IF($AD41="","",ROUND($AD41*$AE$10,2)) | AG41: =IF(ISERROR(IF($AF41="","",ROUND(($AF41/$AF$10)*$AG$10,2))),"",IF($AF41="","",ROUND(($AF41/$AF$10)*$AG$10,2))) | AH41: =IF($AG41="","",ROUND($AG41*$AH$10,2)) | AI41: =IF(ISERROR(IF($AF41="","",ROUND(SUM($R41,$AE41,$AH41),2))),"",IF($AF41="","",ROUND(SUM($R41,$AE41,$AH41),2))) | AJ41: =IF(ISERROR(IF($AF41="","",VLOOKUP(AI41,TRANSMUTATION_TABLE,4,TRUE))),"",IF($AF41="","",VLOOKUP(AI41,TRANSMUTATION_TABLE,4,TRUE)))
A42: 31 | B42: ='INPUT DATA'!B42 -> 0 | P42: =IF(COUNT($F42:$O42)=0,"",SUM($F42:$O42)) | Q42: =IF(ISERROR(IF($P42="","",ROUND(($P42/$P$10)*$Q$10,2))),"",IF($P42="","",ROUND(($P42/$P$10)*$Q$10,2))) | R42: =IF($Q42="","",ROUND($Q42*$R$10,2)) | AC42: =IF(COUNT($S42:$AB42)=0,"",SUM($S42:$AB42)) | AD42: =IF(ISERROR(IF($AC42="","",ROUND(($AC42/$AC$10)*$AD$10,2))),"",IF($AC42="","",ROUND(($AC42/$AC$10)*$AD$10,2))) | AE42: =IF($AD42="","",ROUND($AD42*$AE$10,2)) | AG42: =IF(ISERROR(IF($AF42="","",ROUND(($AF42/$AF$10)*$AG$10,2))),"",IF($AF42="","",ROUND(($AF42/$AF$10)*$AG$10,2))) | AH42: =IF($AG42="","",ROUND($AG42*$AH$10,2)) | AI42: =IF(ISERROR(IF($AF42="","",ROUND(SUM($R42,$AE42,$AH42),2))),"",IF($AF42="","",ROUND(SUM($R42,$AE42,$AH42),2))) | AJ42: =IF(ISERROR(IF($AF42="","",VLOOKUP(AI42,TRANSMUTATION_TABLE,4,TRUE))),"",IF($AF42="","",VLOOKUP(AI42,TRANSMUTATION_TABLE,4,TRUE)))
A43: 32 | B43: ='INPUT DATA'!B43 -> 0 | P43: =IF(COUNT($F43:$O43)=0,"",SUM($F43:$O43)) | Q43: =IF(ISERROR(IF($P43="","",ROUND(($P43/$P$10)*$Q$10,2))),"",IF($P43="","",ROUND(($P43/$P$10)*$Q$10,2))) | R43: =IF($Q43="","",ROUND($Q43*$R$10,2)) | AC43: =IF(COUNT($S43:$AB43)=0,"",SUM($S43:$AB43)) | AD43: =IF(ISERROR(IF($AC43="","",ROUND(($AC43/$AC$10)*$AD$10,2))),"",IF($AC43="","",ROUND(($AC43/$AC$10)*$AD$10,2))) | AE43: =IF($AD43="","",ROUND($AD43*$AE$10,2)) | AG43: =IF(ISERROR(IF($AF43="","",ROUND(($AF43/$AF$10)*$AG$10,2))),"",IF($AF43="","",ROUND(($AF43/$AF$10)*$AG$10,2))) | AH43: =IF($AG43="","",ROUND($AG43*$AH$10,2)) | AI43: =IF(ISERROR(IF($AF43="","",ROUND(SUM($R43,$AE43,$AH43),2))),"",IF($AF43="","",ROUND(SUM($R43,$AE43,$AH43),2))) | AJ43: =IF(ISERROR(IF($AF43="","",VLOOKUP(AI43,TRANSMUTATION_TABLE,4,TRUE))),"",IF($AF43="","",VLOOKUP(AI43,TRANSMUTATION_TABLE,4,TRUE)))
... A61: 50 | B61: ='INPUT DATA'!B61 -> 0 | P61: =IF(COUNT($F61:$O61)=0,"",SUM($F61:$O61)) | Q61: =IF(ISERROR(IF($P61="","",ROUND(($P61/$P$10)*$Q$10,2))),"",IF($P61="","",ROUND(($P61/$P$10)*$Q$10,2))) | R61: =IF($Q61="","",ROUND($Q61*$R$10,2)) | AC61: =IF(COUNT($S61:$AB61)=0,"",SUM($S61:$AB61)) | AD61: =IF(ISERROR(IF($AC61="","",ROUND(($AC61/$AC$10)*$AD$10,2))),"",IF($AC61="","",ROUND(($AC61/$AC$10)*$AD$10,2))) | AE61: =IF($AD61="","",ROUND($AD61*$AE$10,2)) | AG61: =IF(ISERROR(IF($AF61="","",ROUND(($AF61/$AF$10)*$AG$10,2))),"",IF($AF61="","",ROUND(($AF61/$AF$10)*$AG$10,2))) | AH61: =IF($AG61="","",ROUND($AG61*$AH$10,2)) | AI61: =IF(ISERROR(IF($AF61="","",ROUND(SUM($R61,$AE61,$AH61),2))),"",IF($AF61="","",ROUND(SUM($R61,$AE61,$AH61),2))) | AJ61: =IF(ISERROR(IF($AF61="","",VLOOKUP(AI61,TRANSMUTATION_TABLE,4,TRUE))),"",IF($AF61="","",VLOOKUP(AI61,TRANSMUTATION_TABLE,4,TRUE)))
B62: FEMALE
A63: 1 | B63: ='INPUT DATA'!B63 -> AQUINO, ANGELICA U. | F63: 15 | G63: 15 | H63: 13 | I63: 20 | J63: 17 | P63: =IF(COUNT($F63:$O63)=0,"",SUM($F63:$O63)) -> 80 | Q63: =IF(ISERROR(IF($P63="","",ROUND(($P63/$P$10)*$Q$10,2))),"",IF($P63="","",ROUND(($P63/$P$10)*$Q$10,2))) -> 80 | R63: =IF($Q63="","",ROUND($Q63*$R$10,2)) -> 32 | S63: 40 | T63: 33 | U63: 39 | V63: 52 | AC63: =IF(COUNT($S63:$AB63)=0,"",SUM($S63:$AB63)) -> 164 | AD63: =IF(ISERROR(IF($AC63="","",ROUND(($AC63/$AC$10)*$AD$10,2))),"",IF($AC63="","",ROUND(($AC63/$AC$10)*$AD$10,2))) -> 82 | AE63: =IF($AD63="","",ROUND($AD63*$AE$10,2)) -> 32.8 | AF63: 43 | AG63: =IF(ISERROR(IF($AF63="","",ROUND(($AF63/$AF$10)*$AG$10,2))),"",IF($AF63="","",ROUND(($AF63/$AF$10)*$AG$10,2))) -> 86 | AH63: =IF($AG63="","",ROUND($AG63*$AH$10,2)) -> 17.2 | AI63: =IF(ISERROR(IF($AF63="","",ROUND(SUM($R63,$AE63,$AH63),2))),"",IF($AF63="","",ROUND(SUM($R63,$AE63,$AH63),2))) -> 82 | AJ63: =IF(ISERROR(IF($AF63="","",VLOOKUP(AI63,TRANSMUTATION_TABLE,4,TRUE))),"",IF($AF63="","",VLOOKUP(AI63,TRANSMUTATION_TABLE,4,TRUE))) -> 88
A64: 2 | B64: ='INPUT DATA'!B64 -> BAUTISTA, MARIA CLARA I. | F64: 15 | G64: 14 | H64: 12 | I64: 18 | J64: 15 | P64: =IF(COUNT($F64:$O64)=0,"",SUM($F64:$O64)) -> 74 | Q64: =IF(ISERROR(IF($P64="","",ROUND(($P64/$P$10)*$Q$10,2))),"",IF($P64="","",ROUND(($P64/$P$10)*$Q$10,2))) -> 74 | R64: =IF($Q64="","",ROUND($Q64*$R$10,2)) -> 29.6 | S64: 36 | T64: 26 | U64: 34 | V64: 46 | AC64: =IF(COUNT($S64:$AB64)=0,"",SUM($S64:$AB64)) -> 142 | AD64: =IF(ISERROR(IF($AC64="","",ROUND(($AC64/$AC$10)*$AD$10,2))),"",IF($AC64="","",ROUND(($AC64/$AC$10)*$AD$10,2))) -> 71 | AE64: =IF($AD64="","",ROUND($AD64*$AE$10,2)) -> 28.4 | AF64: 37 | AG64: =IF(ISERROR(IF($AF64="","",ROUND(($AF64/$AF$10)*$AG$10,2))),"",IF($AF64="","",ROUND(($AF64/$AF$10)*$AG$10,2))) -> 74 | AH64: =IF($AG64="","",ROUND($AG64*$AH$10,2)) -> 14.8 | AI64: =IF(ISERROR(IF($AF64="","",ROUND(SUM($R64,$AE64,$AH64),2))),"",IF($AF64="","",ROUND(SUM($R64,$AE64,$AH64),2))) -> 72.8 | AJ64: =IF(ISERROR(IF($AF64="","",VLOOKUP(AI64,TRANSMUTATION_TABLE,4,TRUE))),"",IF($AF64="","",VLOOKUP(AI64,TRANSMUTATION_TABLE,4,TRUE))) -> 83
A65: 3 | B65: ='INPUT DATA'!B65 -> DELA CRUZ, KATHLEEN K. | F65: 12 | G65: 14 | H65: 11 | I65: 18 | J65: 12 | P65: =IF(COUNT($F65:$O65)=0,"",SUM($F65:$O65)) -> 67 | Q65: =IF(ISERROR(IF($P65="","",ROUND(($P65/$P$10)*$Q$10,2))),"",IF($P65="","",ROUND(($P65/$P$10)*$Q$10,2))) -> 67 | R65: =IF($Q65="","",ROUND($Q65*$R$10,2)) -> 26.8 | S65: 33 | T65: 26 | U65: 32 | V65: 38 | AC65: =IF(COUNT($S65:$AB65)=0,"",SUM($S65:$AB65)) -> 129 | AD65: =IF(ISERROR(IF($AC65="","",ROUND(($AC65/$AC$10)*$AD$10,2))),"",IF($AC65="","",ROUND(($AC65/$AC$10)*$AD$10,2))) -> 64.5 | AE65: =IF($AD65="","",ROUND($AD65*$AE$10,2)) -> 25.8 | AF65: 34 | AG65: =IF(ISERROR(IF($AF65="","",ROUND(($AF65/$AF$10)*$AG$10,2))),"",IF($AF65="","",ROUND(($AF65/$AF$10)*$AG$10,2))) -> 68 | AH65: =IF($AG65="","",ROUND($AG65*$AH$10,2)) -> 13.6 | AI65: =IF(ISERROR(IF($AF65="","",ROUND(SUM($R65,$AE65,$AH65),2))),"",IF($AF65="","",ROUND(SUM($R65,$AE65,$AH65),2))) -> 66.2 | AJ65: =IF(ISERROR(IF($AF65="","",VLOOKUP(AI65,TRANSMUTATION_TABLE,4,TRUE))),"",IF($AF65="","",VLOOKUP(AI65,TRANSMUTATION_TABLE,4,TRUE))) -> 78
A66: 4 | B66: ='INPUT DATA'!B66 -> DIMACULANGAN, ELLAINE O. | F66: 14 | G66: 14 | H66: 11 | I66: 21 | J66: 17 | P66: =IF(COUNT($F66:$O66)=0,"",SUM($F66:$O66)) -> 77 | Q66: =IF(ISERROR(IF($P66="","",ROUND(($P66/$P$10)*$Q$10,2))),"",IF($P66="","",ROUND(($P66/$P$10)*$Q$10,2))) -> 77 | R66: =IF($Q66="","",ROUND($Q66*$R$10,2)) -> 30.8 | S66: 41 | T66: 31 | U66: 40 | V66: 49 | AC66: =IF(COUNT($S66:$AB66)=0,"",SUM($S66:$AB66)) -> 161 | AD66: =IF(ISERROR(IF($AC66="","",ROUND(($AC66/$AC$10)*$AD$10,2))),"",IF($AC66="","",ROUND(($AC66/$AC$10)*$AD$10,2))) -> 80.5 | AE66: =IF($AD66="","",ROUND($AD66*$AE$10,2)) -> 32.2 | AF66: 37 | AG66: =IF(ISERROR(IF($AF66="","",ROUND(($AF66/$AF$10)*$AG$10,2))),"",IF($AF66="","",ROUND(($AF66/$AF$10)*$AG$10,2))) -> 74 | AH66: =IF($AG66="","",ROUND($AG66*$AH$10,2)) -> 14.8 | AI66: =IF(ISERROR(IF($AF66="","",ROUND(SUM($R66,$AE66,$AH66),2))),"",IF($AF66="","",ROUND(SUM($R66,$AE66,$AH66),2))) -> 77.8 | AJ66: =IF(ISERROR(IF($AF66="","",VLOOKUP(AI66,TRANSMUTATION_TABLE,4,TRUE))),"",IF($AF66="","",VLOOKUP(AI66,TRANSMUTATION_TABLE,4,TRUE))) -> 86
A67: 5 | B67: ='INPUT DATA'!B67 -> DIMACULANGAN, TRISHA S. | F67: 20 | G67: 17 | H67: 13 | I67: 23 | J67: 20 | P67: =IF(COUNT($F67:$O67)=0,"",SUM($F67:$O67)) -> 93 | Q67: =IF(ISERROR(IF($P67="","",ROUND(($P67/$P$10)*$Q$10,2))),"",IF($P67="","",ROUND(($P67/$P$10)*$Q$10,2))) -> 93 | R67: =IF($Q67="","",ROUND($Q67*$R$10,2)) -> 37.2 | S67: 50 | T67: 40 | U67: 46 | V67: 57 | AC67: =IF(COUNT($S67:$AB67)=0,"",SUM($S67:$AB67)) -> 193 | AD67: =IF(ISERROR(IF($AC67="","",ROUND(($AC67/$AC$10)*$AD$10,2))),"",IF($AC67="","",ROUND(($AC67/$AC$10)*$AD$10,2))) -> 96.5 | AE67: =IF($AD67="","",ROUND($AD67*$AE$10,2)) -> 38.6 | AF67: 44 | AG67: =IF(ISERROR(IF($AF67="","",ROUND(($AF67/$AF$10)*$AG$10,2))),"",IF($AF67="","",ROUND(($AF67/$AF$10)*$AG$10,2))) -> 88 | AH67: =IF($AG67="","",ROUND($AG67*$AH$10,2)) -> 17.6 | AI67: =IF(ISERROR(IF($AF67="","",ROUND(SUM($R67,$AE67,$AH67),2))),"",IF($AF67="","",ROUND(SUM($R67,$AE67,$AH67),2))) -> 93.4 | AJ67: =IF(ISERROR(IF($AF67="","",VLOOKUP(AI67,TRANSMUTATION_TABLE,4,TRUE))),"",IF($AF67="","",VLOOKUP(AI67,TRANSMUTATION_TABLE,4,TRUE))) -> 95
A68: 6 | B68: ='INPUT DATA'!B68 -> FERNANDEZ, JILLIAN V. | F68: 12 | G68: 12 | H68: 10 | I68: 16 | J68: 12 | P68: =IF(COUNT($F68:$O68)=0,"",SUM($F68:$O68)) -> 62 | Q68: =IF(ISERROR(IF($P68="","",ROUND(($P68/$P$10)*$Q$10,2))),"",IF($P68="","",ROUND(($P68/$P$10)*$Q$10,2))) -> 62 | R68: =IF($Q68="","",ROUND($Q68*$R$10,2)) -> 24.8 | S68: 25 | T68: 24 | U68: 32 | V68: 34 | AC68: =IF(COUNT($S68:$AB68)=0,"",SUM($S68:$AB68)) -> 115 | AD68: =IF(ISERROR(IF($AC68="","",ROUND(($AC68/$AC$10)*$AD$10,2))),"",IF($AC68="","",ROUND(($AC68/$AC$10)*$AD$10,2))) -> 57.5 | AE68: =IF($AD68="","",ROUND($AD68*$AE$10,2)) -> 23 | AF68: 30 | AG68: =IF(ISERROR(IF($AF68="","",ROUND(($AF68/$AF$10)*$AG$10,2))),"",IF($AF68="","",ROUND(($AF68/$AF$10)*$AG$10,2))) -> 60 | AH68: =IF($AG68="","",ROUND($AG68*$AH$10,2)) -> 12 | AI68: =IF(ISERROR(IF($AF68="","",ROUND(SUM($R68,$AE68,$AH68),2))),"",IF($AF68="","",ROUND(SUM($R68,$AE68,$AH68),2))) -> 59.8 | AJ68: =IF(ISERROR(IF($AF68="","",VLOOKUP(AI68,TRANSMUTATION_TABLE,4,TRUE))),"",IF($AF68="","",VLOOKUP(AI68,TRANSMUTATION_TABLE,4,TRUE))) -> 74
A69: 7 | B69: ='INPUT DATA'!B69 -> GONZALES, MIKAELA C. | F69: 15 | G69: 15 | H69: 11 | I69: 19 | J69: 16 | P69: =IF(COUNT($F69:$O69)=0,"",SUM($F69:$O69)) -> 76 | Q69: =IF(ISERROR(IF($P69="","",ROUND(($P69/$P$10)*$Q$10,2))),"",IF($P69="","",ROUND(($P69/$P$10)*$Q$10,2))) -> 76 | R69: =IF($Q69="","",ROUND($Q69*$R$10,2)) -> 30.4 | S69: 40 | T69: 27 | U69: 36 | V69: 42 | AC69: =IF(COUNT($S69:$AB69)=0,"",SUM($S69:$AB69)) -> 145 | AD69: =IF(ISERROR(IF($AC69="","",ROUND(($AC69/$AC$10)*$AD$10,2))),"",IF($AC69="","",ROUND(($AC69/$AC$10)*$AD$10,2))) -> 72.5 | AE69: =IF($AD69="","",ROUND($AD69*$AE$10,2)) -> 29 | AF69: 35 | AG69: =IF(ISERROR(IF($AF69="","",ROUND(($AF69/$AF$10)*$AG$10,2))),"",IF($AF69="","",ROUND(($AF69/$AF$10)*$AG$10,2))) -> 70 | AH69: =IF($AG69="","",ROUND($AG69*$AH$10,2)) -> 14 | AI69: =IF(ISERROR(IF($AF69="","",ROUND(SUM($R69,$AE69,$AH69),2))),"",IF($AF69="","",ROUND(SUM($R69,$AE69,$AH69),2))) -> 73.4 | AJ69: =IF(ISERROR(IF($AF69="","",VLOOKUP(AI69,TRANSMUTATION_TABLE,4,TRUE))),"",IF($AF69="","",VLOOKUP(AI69,TRANSMUTATION_TABLE,4,TRUE))) -> 83
A70: 8 | B70: ='INPUT DATA'!B70 -> GUTIERREZ, PATRICIA N. | F70: 12 | G70: 10 | H70: 9 | I70: 16 | J70: 10 | P70: =IF(COUNT($F70:$O70)=0,"",SUM($F70:$O70)) -> 57 | Q70: =IF(ISERROR(IF($P70="","",ROUND(($P70/$P$10)*$Q$10,2))),"",IF($P70="","",ROUND(($P70/$P$10)*$Q$10,2))) -> 57 | R70: =IF($Q70="","",ROUND($Q70*$R$10,2)) -> 22.8 | S70: 26 | T70: 20 | U70: 25 | V70: 39 | AC70: =IF(COUNT($S70:$AB70)=0,"",SUM($S70:$AB70)) -> 110 | AD70: =IF(ISERROR(IF($AC70="","",ROUND(($AC70/$AC$10)*$AD$10,2))),"",IF($AC70="","",ROUND(($AC70/$AC$10)*$AD$10,2))) -> 55 | AE70: =IF($AD70="","",ROUND($AD70*$AE$10,2)) -> 22 | AF70: 32 | AG70: =IF(ISERROR(IF($AF70="","",ROUND(($AF70/$AF$10)*$AG$10,2))),"",IF($AF70="","",ROUND(($AF70/$AF$10)*$AG$10,2))) -> 64 | AH70: =IF($AG70="","",ROUND($AG70*$AH$10,2)) -> 12.8 | AI70: =IF(ISERROR(IF($AF70="","",ROUND(SUM($R70,$AE70,$AH70),2))),"",IF($AF70="","",ROUND(SUM($R70,$AE70,$AH70),2))) -> 57.6 | AJ70: =IF(ISERROR(IF($AF70="","",VLOOKUP(AI70,TRANSMUTATION_TABLE,4,TRUE))),"",IF($AF70="","",VLOOKUP(AI70,TRANSMUTATION_TABLE,4,TRUE))) -> 74
A71: 9 | B71: ='INPUT DATA'!B71 -> IGNACIO, ANGELICA O. | F71: 18 | G71: 19 | H71: 14 | I71: 22 | J71: 19 | P71: =IF(COUNT($F71:$O71)=0,"",SUM($F71:$O71)) -> 92 | Q71: =IF(ISERROR(IF($P71="","",ROUND(($P71/$P$10)*$Q$10,2))),"",IF($P71="","",ROUND(($P71/$P$10)*$Q$10,2))) -> 92 | R71: =IF($Q71="","",ROUND($Q71*$R$10,2)) -> 36.8 | S71: 50 | T71: 40 | U71: 50 | V71: 55 | AC71: =IF(COUNT($S71:$AB71)=0,"",SUM($S71:$AB71)) -> 195 | AD71: =IF(ISERROR(IF($AC71="","",ROUND(($AC71/$AC$10)*$AD$10,2))),"",IF($AC71="","",ROUND(($AC71/$AC$10)*$AD$10,2))) -> 97.5 | AE71: =IF($AD71="","",ROUND($AD71*$AE$10,2)) -> 39 | AF71: 50 | AG71: =IF(ISERROR(IF($AF71="","",ROUND(($AF71/$AF$10)*$AG$10,2))),"",IF($AF71="","",ROUND(($AF71/$AF$10)*$AG$10,2))) -> 100 | AH71: =IF($AG71="","",ROUND($AG71*$AH$10,2)) -> 20 | AI71: =IF(ISERROR(IF($AF71="","",ROUND(SUM($R71,$AE71,$AH71),2))),"",IF($AF71="","",ROUND(SUM($R71,$AE71,$AH71),2))) -> 95.8 | AJ71: =IF(ISERROR(IF($AF71="","",VLOOKUP(AI71,TRANSMUTATION_TABLE,4,TRUE))),"",IF($AF71="","",VLOOKUP(AI71,TRANSMUTATION_TABLE,4,TRUE))) -> 97
A72: 10 | B72: ='INPUT DATA'!B72 -> LACSON, BEA M. | F72: 13 | G72: 11 | H72: 9 | I72: 14 | J72: 12 | P72: =IF(COUNT($F72:$O72)=0,"",SUM($F72:$O72)) -> 59 | Q72: =IF(ISERROR(IF($P72="","",ROUND(($P72/$P$10)*$Q$10,2))),"",IF($P72="","",ROUND(($P72/$P$10)*$Q$10,2))) -> 59 | R72: =IF($Q72="","",ROUND($Q72*$R$10,2)) -> 23.6 | S72: 34 | T72: 26 | U72: 29 | V72: 37 | AC72: =IF(COUNT($S72:$AB72)=0,"",SUM($S72:$AB72)) -> 126 | AD72: =IF(ISERROR(IF($AC72="","",ROUND(($AC72/$AC$10)*$AD$10,2))),"",IF($AC72="","",ROUND(($AC72/$AC$10)*$AD$10,2))) -> 63 | AE72: =IF($AD72="","",ROUND($AD72*$AE$10,2)) -> 25.2 | AF72: 31 | AG72: =IF(ISERROR(IF($AF72="","",ROUND(($AF72/$AF$10)*$AG$10,2))),"",IF($AF72="","",ROUND(($AF72/$AF$10)*$AG$10,2))) -> 62 | AH72: =IF($AG72="","",ROUND($AG72*$AH$10,2)) -> 12.4 | AI72: =IF(ISERROR(IF($AF72="","",ROUND(SUM($R72,$AE72,$AH72),2))),"",IF($AF72="","",ROUND(SUM($R72,$AE72,$AH72),2))) -> 61.2 | AJ72: =IF(ISERROR(IF($AF72="","",VLOOKUP(AI72,TRANSMUTATION_TABLE,4,TRUE))),"",IF($AF72="","",VLOOKUP(AI72,TRANSMUTATION_TABLE,4,TRUE))) -> 75
A73: 11 | B73: ='INPUT DATA'!B73 -> LACSON, MARIA CLARA K. | F73: 11 | G73: 14 | H73: 10 | I73: 16 | J73: 11 | P73: =IF(COUNT($F73:$O73)=0,"",SUM($F73:$O73)) -> 62 | Q73: =IF(ISERROR(IF($P73="","",ROUND(($P73/$P$10)*$Q$10,2))),"",IF($P73="","",ROUND(($P73/$P$10)*$Q$10,2))) -> 62 | R73: =IF($Q73="","",ROUND($Q73*$R$10,2)) -> 24.8 | S73: 31 | T73: 26 | U73: 33 | V73: 34 | AC73: =IF(COUNT($S73:$AB73)=0,"",SUM($S73:$AB73)) -> 124 | AD73: =IF(ISERROR(IF($AC73="","",ROUND(($AC73/$AC$10)*$AD$10,2))),"",IF($AC73="","",ROUND(($AC73/$AC$10)*$AD$10,2))) -> 62 | AE73: =IF($AD73="","",ROUND($AD73*$AE$10,2)) -> 24.8 | AF73: 29 | AG73: =IF(ISERROR(IF($AF73="","",ROUND(($AF73/$AF$10)*$AG$10,2))),"",IF($AF73="","",ROUND(($AF73/$AF$10)*$AG$10,2))) -> 58 | AH73: =IF($AG73="","",ROUND($AG73*$AH$10,2)) -> 11.6 | AI73: =IF(ISERROR(IF($AF73="","",ROUND(SUM($R73,$AE73,$AH73),2))),"",IF($AF73="","",ROUND(SUM($R73,$AE73,$AH73),2))) -> 61.2 | AJ73: =IF(ISERROR(IF($AF73="","",VLOOKUP(AI73,TRANSMUTATION_TABLE,4,TRUE))),"",IF($AF73="","",VLOOKUP(AI73,TRANSMUTATION_TABLE,4,TRUE))) -> 75
A74: 12 | B74: ='INPUT DATA'!B74 -> LACSON, SHAIRA N. | F74: 15 | G74: 16 | H74: 11 | I74: 21 | J74: 15 | P74: =IF(COUNT($F74:$O74)=0,"",SUM($F74:$O74)) -> 78 | Q74: =IF(ISERROR(IF($P74="","",ROUND(($P74/$P$10)*$Q$10,2))),"",IF($P74="","",ROUND(($P74/$P$10)*$Q$10,2))) -> 78 | R74: =IF($Q74="","",ROUND($Q74*$R$10,2)) -> 31.2 | S74: 39 | T74: 33 | U74: 41 | V74: 53 | AC74: =IF(COUNT($S74:$AB74)=0,"",SUM($S74:$AB74)) -> 166 | AD74: =IF(ISERROR(IF($AC74="","",ROUND(($AC74/$AC$10)*$AD$10,2))),"",IF($AC74="","",ROUND(($AC74/$AC$10)*$AD$10,2))) -> 83 | AE74: =IF($AD74="","",ROUND($AD74*$AE$10,2)) -> 33.2 | AF74: 42 | AG74: =IF(ISERROR(IF($AF74="","",ROUND(($AF74/$AF$10)*$AG$10,2))),"",IF($AF74="","",ROUND(($AF74/$AF$10)*$AG$10,2))) -> 84 | AH74: =IF($AG74="","",ROUND($AG74*$AH$10,2)) -> 16.8 | AI74: =IF(ISERROR(IF($AF74="","",ROUND(SUM($R74,$AE74,$AH74),2))),"",IF($AF74="","",ROUND(SUM($R74,$AE74,$AH74),2))) -> 81.2 | AJ74: =IF(ISERROR(IF($AF74="","",VLOOKUP(AI74,TRANSMUTATION_TABLE,4,TRUE))),"",IF($AF74="","",VLOOKUP(AI74,TRANSMUTATION_TABLE,4,TRUE))) -> 88
... A84: 22 | B84: ='INPUT DATA'!B84 -> SARMIENTO, CAMILLE F. | F84: 10 | G84: 11 | H84: 10 | I84: 14 | J84: 11 | P84: =IF(COUNT($F84:$O84)=0,"",SUM($F84:$O84)) -> 56 | Q84: =IF(ISERROR(IF($P84="","",ROUND(($P84/$P$10)*$Q$10,2))),"",IF($P84="","",ROUND(($P84/$P$10)*$Q$10,2))) -> 56 | R84: =IF($Q84="","",ROUND($Q84*$R$10,2)) -> 22.4 | S84: 32 | T84: 23 | U84: 27 | V84: 37 | AC84: =IF(COUNT($S84:$AB84)=0,"",SUM($S84:$AB84)) -> 119 | AD84: =IF(ISERROR(IF($AC84="","",ROUND(($AC84/$AC$10)*$AD$10,2))),"",IF($AC84="","",ROUND(($AC84/$AC$10)*$AD$10,2))) -> 59.5 | AE84: =IF($AD84="","",ROUND($AD84*$AE$10,2)) -> 23.8 | AF84: 34 | AG84: =IF(ISERROR(IF($AF84="","",ROUND(($AF84/$AF$10)*$AG$10,2))),"",IF($AF84="","",ROUND(($AF84/$AF$10)*$AG$10,2))) -> 68 | AH84: =IF($AG84="","",ROUND($AG84*$AH$10,2)) -> 13.6 | AI84: =IF(ISERROR(IF($AF84="","",ROUND(SUM($R84,$AE84,$AH84),2))),"",IF($AF84="","",ROUND(SUM($R84,$AE84,$AH84),2))) -> 59.8 | AJ84: =IF(ISERROR(IF($AF84="","",VLOOKUP(AI84,TRANSMUTATION_TABLE,4,TRUE))),"",IF($AF84="","",VLOOKUP(AI84,TRANSMUTATION_TABLE,4,TRUE))) -> 74
A85: 23 | B85: ='INPUT DATA'!B85 -> 0 | P85: =IF(COUNT($F85:$O85)=0,"",SUM($F85:$O85)) | Q85: =IF(ISERROR(IF($P85="","",ROUND(($P85/$P$10)*$Q$10,2))),"",IF($P85="","",ROUND(($P85/$P$10)*$Q$10,2))) | R85: =IF($Q85="","",ROUND($Q85*$R$10,2)) | AC85: =IF(COUNT($S85:$AB85)=0,"",SUM($S85:$AB85)) | AD85: =IF(ISERROR(IF($AC85="","",ROUND(($AC85/$AC$10)*$AD$10,2))),"",IF($AC85="","",ROUND(($AC85/$AC$10)*$AD$10,2))) | AE85: =IF($AD85="","",ROUND($AD85*$AE$10,2)) | AG85: =IF(ISERROR(IF($AF85="","",ROUND(($AF85/$AF$10)*$AG$10,2))),"",IF($AF85="","",ROUND(($AF85/$AF$10)*$AG$10,2))) | AH85: =IF($AG85="","",ROUND($AG85*$AH$10,2)) | AI85: =IF(ISERROR(IF($AF85="","",ROUND(SUM($R85,$AE85,$AH85),2))),"",IF($AF85="","",ROUND(SUM($R85,$AE85,$AH85),2))) | AJ85: =IF(ISERROR(IF($AF85="","",VLOOKUP(AI85,TRANSMUTATION_TABLE,4,TRUE))),"",IF($AF85="","",VLOOKUP(AI85,TRANSMUTATION_TABLE,4,TRUE)))
A86: 24 | B86: ='INPUT DATA'!B86 -> 0 | P86: =IF(COUNT($F86:$O86)=0,"",SUM($F86:$O86)) | Q86: =IF(ISERROR(IF($P86="","",ROUND(($P86/$P$10)*$Q$10,2))),"",IF($P86="","",ROUND(($P86/$P$10)*$Q$10,2))) | R86: =IF($Q86="","",ROUND($Q86*$R$10,2)) | AC86: =IF(COUNT($S86:$AB86)=0,"",SUM($S86:$AB86)) | AD86: =IF(ISERROR(IF($AC86="","",ROUND(($AC86/$AC$10)*$AD$10,2))),"",IF($AC86="","",ROUND(($AC86/$AC$10)*$AD$10,2))) | AE86: =IF($AD86="","",ROUND($AD86*$AE$10,2)) | AG86: =IF(ISERROR(IF($AF86="","",ROUND(($AF86/$AF$10)*$AG$10,2))),"",IF($AF86="","",ROUND(($AF86/$AF$10)*$AG$10,2))) | AH86: =IF($AG86="","",ROUND($AG86*$AH$10,2)) | AI86: =IF(ISERROR(IF($AF86="","",ROUND(SUM($R86,$AE86,$AH86),2))),"",IF($AF86="","",ROUND(SUM($R86,$AE86,$AH86),2))) | AJ86: =IF(ISERROR(IF($AF86="","",VLOOKUP(AI86,TRANSMUTATION_TABLE,4,TRUE))),"",IF($AF86="","",VLOOKUP(AI86,TRANSMUTATION_TABLE,4,TRUE)))
A87: 25 | B87: ='INPUT DATA'!B87 -> 0 | P87: =IF(COUNT($F87:$O87)=0,"",SUM($F87:$O87)) | Q87: =IF(ISERROR(IF($P87="","",ROUND(($P87/$P$10)*$Q$10,2))),"",IF($P87="","",ROUND(($P87/$P$10)*$Q$10,2))) | R87: =IF($Q87="","",ROUND($Q87*$R$10,2)) | AC87: =IF(COUNT($S87:$AB87)=0,"",SUM($S87:$AB87)) | AD87: =IF(ISERROR(IF($AC87="","",ROUND(($AC87/$AC$10)*$AD$10,2))),"",IF($AC87="","",ROUND(($AC87/$AC$10)*$AD$10,2))) | AE87: =IF($AD87="","",ROUND($AD87*$AE$10,2)) | AG87: =IF(ISERROR(IF($AF87="","",ROUND(($AF87/$AF$10)*$AG$10,2))),"",IF($AF87="","",ROUND(($AF87/$AF$10)*$AG$10,2))) | AH87: =IF($AG87="","",ROUND($AG87*$AH$10,2)) | AI87: =IF(ISERROR(IF($AF87="","",ROUND(SUM($R87,$AE87,$AH87),2))),"",IF($AF87="","",ROUND(SUM($R87,$AE87,$AH87),2))) | AJ87: =IF(ISERROR(IF($AF87="","",VLOOKUP(AI87,TRANSMUTATION_TABLE,4,TRUE))),"",IF($AF87="","",VLOOKUP(AI87,TRANSMUTATION_TABLE,4,TRUE)))
A88: 26 | B88: ='INPUT DATA'!B88 -> 0 | P88: =IF(COUNT($F88:$O88)=0,"",SUM($F88:$O88)) | Q88: =IF(ISERROR(IF($P88="","",ROUND(($P88/$P$10)*$Q$10,2))),"",IF($P88="","",ROUND(($P88/$P$10)*$Q$10,2))) | R88: =IF($Q88="","",ROUND($Q88*$R$10,2)) | AC88: =IF(COUNT($S88:$AB88)=0,"",SUM($S88:$AB88)) | AD88: =IF(ISERROR(IF($AC88="","",ROUND(($AC88/$AC$10)*$AD$10,2))),"",IF($AC88="","",ROUND(($AC88/$AC$10)*$AD$10,2))) | AE88: =IF($AD88="","",ROUND($AD88*$AE$10,2)) | AG88: =IF(ISERROR(IF($AF88="","",ROUND(($AF88/$AF$10)*$AG$10,2))),"",IF($AF88="","",ROUND(($AF88/$AF$10)*$AG$10,2))) | AH88: =IF($AG88="","",ROUND($AG88*$AH$10,2)) | AI88: =IF(ISERROR(IF($AF88="","",ROUND(SUM($R88,$AE88,$AH88),2))),"",IF($AF88="","",ROUND(SUM($R88,$AE88,$AH88),2))) | AJ88: =IF(ISERROR(IF($AF88="","",VLOOKUP(AI88,TRANSMUTATION_TABLE,4,TRUE))),"",IF($AF88="","",VLOOKUP(AI88,TRANSMUTATION_TABLE,4,TRUE)))
A89: 27 | B89: ='INPUT DATA'!B89 -> 0 | P89: =IF(COUNT($F89:$O89)=0,"",SUM($F89:$O89)) | Q89: =IF(ISERROR(IF($P89="","",ROUND(($P89/$P$10)*$Q$10,2))),"",IF($P89="","",ROUND(($P89/$P$10)*$Q$10,2))) | R89: =IF($Q89="","",ROUND($Q89*$R$10,2)) | AC89: =IF(COUNT($S89:$AB89)=0,"",SUM($S89:$AB89)) | AD89: =IF(ISERROR(IF($AC89="","",ROUND(($AC89/$AC$10)*$AD$10,2))),"",IF($AC89="","",ROUND(($AC89/$AC$10)*$AD$10,2))) | AE89: =IF($AD89="","",ROUND($AD89*$AE$10,2)) | AG89: =IF(ISERROR(IF($AF89="","",ROUND(($AF89/$AF$10)*$AG$10,2))),"",IF($AF89="","",ROUND(($AF89/$AF$10)*$AG$10,2))) | AH89: =IF($AG89="","",ROUND($AG89*$AH$10,2)) | AI89: =IF(ISERROR(IF($AF89="","",ROUND(SUM($R89,$AE89,$AH89),2))),"",IF($AF89="","",ROUND(SUM($R89,$AE89,$AH89),2))) | AJ89: =IF(ISERROR(IF($AF89="","",VLOOKUP(AI89,TRANSMUTATION_TABLE,4,TRUE))),"",IF($AF89="","",VLOOKUP(AI89,TRANSMUTATION_TABLE,4,TRUE)))
A90: 28 | B90: ='INPUT DATA'!B90 -> 0 | P90: =IF(COUNT($F90:$O90)=0,"",SUM($F90:$O90)) | Q90: =IF(ISERROR(IF($P90="","",ROUND(($P90/$P$10)*$Q$10,2))),"",IF($P90="","",ROUND(($P90/$P$10)*$Q$10,2))) | R90: =IF($Q90="","",ROUND($Q90*$R$10,2)) | AC90: =IF(COUNT($S90:$AB90)=0,"",SUM($S90:$AB90)) | AD90: =IF(ISERROR(IF($AC90="","",ROUND(($AC90/$AC$10)*$AD$10,2))),"",IF($AC90="","",ROUND(($AC90/$AC$10)*$AD$10,2))) | AE90: =IF($AD90="","",ROUND($AD90*$AE$10,2)) | AG90: =IF(ISERROR(IF($AF90="","",ROUND(($AF90/$AF$10)*$AG$10,2))),"",IF($AF90="","",ROUND(($AF90/$AF$10)*$AG$10,2))) | AH90: =IF($AG90="","",ROUND($AG90*$AH$10,2)) | AI90: =IF(ISERROR(IF($AF90="","",ROUND(SUM($R90,$AE90,$AH90),2))),"",IF($AF90="","",ROUND(SUM($R90,$AE90,$AH90),2))) | AJ90: =IF(ISERROR(IF($AF90="","",VLOOKUP(AI90,TRANSMUTATION_TABLE,4,TRUE))),"",IF($AF90="","",VLOOKUP(AI90,TRANSMUTATION_TABLE,4,TRUE)))
A91: 29 | B91: ='INPUT DATA'!B91 -> 0 | P91: =IF(COUNT($F91:$O91)=0,"",SUM($F91:$O91)) | Q91: =IF(ISERROR(IF($P91="","",ROUND(($P91/$P$10)*$Q$10,2))),"",IF($P91="","",ROUND(($P91/$P$10)*$Q$10,2))) | R91: =IF($Q91="","",ROUND($Q91*$R$10,2)) | AC91: =IF(COUNT($S91:$AB91)=0,"",SUM($S91:$AB91)) | AD91: =IF(ISERROR(IF($AC91="","",ROUND(($AC91/$AC$10)*$AD$10,2))),"",IF($AC91="","",ROUND(($AC91/$AC$10)*$AD$10,2))) | AE91: =IF($AD91="","",ROUND($AD91*$AE$10,2)) | AG91: =IF(ISERROR(IF($AF91="","",ROUND(($AF91/$AF$10)*$AG$10,2))),"",IF($AF91="","",ROUND(($AF91/$AF$10)*$AG$10,2))) | AH91: =IF($AG91="","",ROUND($AG91*$AH$10,2)) | AI91: =IF(ISERROR(IF($AF91="","",ROUND(SUM($R91,$AE91,$AH91),2))),"",IF($AF91="","",ROUND(SUM($R91,$AE91,$AH91),2))) | AJ91: =IF(ISERROR(IF($AF91="","",VLOOKUP(AI91,TRANSMUTATION_TABLE,4,TRUE))),"",IF($AF91="","",VLOOKUP(AI91,TRANSMUTATION_TABLE,4,TRUE)))
A92: 30 | B92: ='INPUT DATA'!B92 -> 0 | P92: =IF(COUNT($F92:$O92)=0,"",SUM($F92:$O92)) | Q92: =IF(ISERROR(IF($P92="","",ROUND(($P92/$P$10)*$Q$10,2))),"",IF($P92="","",ROUND(($P92/$P$10)*$Q$10,2))) | R92: =IF($Q92="","",ROUND($Q92*$R$10,2)) | AC92: =IF(COUNT($S92:$AB92)=0,"",SUM($S92:$AB92)) | AD92: =IF(ISERROR(IF($AC92="","",ROUND(($AC92/$AC$10)*$AD$10,2))),"",IF($AC92="","",ROUND(($AC92/$AC$10)*$AD$10,2))) | AE92: =IF($AD92="","",ROUND($AD92*$AE$10,2)) | AG92: =IF(ISERROR(IF($AF92="","",ROUND(($AF92/$AF$10)*$AG$10,2))),"",IF($AF92="","",ROUND(($AF92/$AF$10)*$AG$10,2))) | AH92: =IF($AG92="","",ROUND($AG92*$AH$10,2)) | AI92: =IF(ISERROR(IF($AF92="","",ROUND(SUM($R92,$AE92,$AH92),2))),"",IF($AF92="","",ROUND(SUM($R92,$AE92,$AH92),2))) | AJ92: =IF(ISERROR(IF($AF92="","",VLOOKUP(AI92,TRANSMUTATION_TABLE,4,TRUE))),"",IF($AF92="","",VLOOKUP(AI92,TRANSMUTATION_TABLE,4,TRUE)))
A93: 31 | B93: ='INPUT DATA'!B93 -> 0 | P93: =IF(COUNT($F93:$O93)=0,"",SUM($F93:$O93)) | Q93: =IF(ISERROR(IF($P93="","",ROUND(($P93/$P$10)*$Q$10,2))),"",IF($P93="","",ROUND(($P93/$P$10)*$Q$10,2))) | R93: =IF($Q93="","",ROUND($Q93*$R$10,2)) | AC93: =IF(COUNT($S93:$AB93)=0,"",SUM($S93:$AB93)) | AD93: =IF(ISERROR(IF($AC93="","",ROUND(($AC93/$AC$10)*$AD$10,2))),"",IF($AC93="","",ROUND(($AC93/$AC$10)*$AD$10,2))) | AE93: =IF($AD93="","",ROUND($AD93*$AE$10,2)) | AG93: =IF(ISERROR(IF($AF93="","",ROUND(($AF93/$AF$10)*$AG$10,2))),"",IF($AF93="","",ROUND(($AF93/$AF$10)*$AG$10,2))) | AH93: =IF($AG93="","",ROUND($AG93*$AH$10,2)) | AI93: =IF(ISERROR(IF($AF93="","",ROUND(SUM($R93,$AE93,$AH93),2))),"",IF($AF93="","",ROUND(SUM($R93,$AE93,$AH93),2))) | AJ93: =IF(ISERROR(IF($AF93="","",VLOOKUP(AI93,TRANSMUTATION_TABLE,4,TRUE))),"",IF($AF93="","",VLOOKUP(AI93,TRANSMUTATION_TABLE,4,TRUE)))
A94: 32 | B94: ='INPUT DATA'!B94 -> 0 | P94: =IF(COUNT($F94:$O94)=0,"",SUM($F94:$O94)) | Q94: =IF(ISERROR(IF($P94="","",ROUND(($P94/$P$10)*$Q$10,2))),"",IF($P94="","",ROUND(($P94/$P$10)*$Q$10,2))) | R94: =IF($Q94="","",ROUND($Q94*$R$10,2)) | AC94: =IF(COUNT($S94:$AB94)=0,"",SUM($S94:$AB94)) | AD94: =IF(ISERROR(IF($AC94="","",ROUND(($AC94/$AC$10)*$AD$10,2))),"",IF($AC94="","",ROUND(($AC94/$AC$10)*$AD$10,2))) | AE94: =IF($AD94="","",ROUND($AD94*$AE$10,2)) | AG94: =IF(ISERROR(IF($AF94="","",ROUND(($AF94/$AF$10)*$AG$10,2))),"",IF($AF94="","",ROUND(($AF94/$AF$10)*$AG$10,2))) | AH94: =IF($AG94="","",ROUND($AG94*$AH$10,2)) | AI94: =IF(ISERROR(IF($AF94="","",ROUND(SUM($R94,$AE94,$AH94),2))),"",IF($AF94="","",ROUND(SUM($R94,$AE94,$AH94),2))) | AJ94: =IF(ISERROR(IF($AF94="","",VLOOKUP(AI94,TRANSMUTATION_TABLE,4,TRUE))),"",IF($AF94="","",VLOOKUP(AI94,TRANSMUTATION_TABLE,4,TRUE)))
A95: 33 | B95: ='INPUT DATA'!B95 -> 0 | P95: =IF(COUNT($F95:$O95)=0,"",SUM($F95:$O95)) | Q95: =IF(ISERROR(IF($P95="","",ROUND(($P95/$P$10)*$Q$10,2))),"",IF($P95="","",ROUND(($P95/$P$10)*$Q$10,2))) | R95: =IF($Q95="","",ROUND($Q95*$R$10,2)) | AC95: =IF(COUNT($S95:$AB95)=0,"",SUM($S95:$AB95)) | AD95: =IF(ISERROR(IF($AC95="","",ROUND(($AC95/$AC$10)*$AD$10,2))),"",IF($AC95="","",ROUND(($AC95/$AC$10)*$AD$10,2))) | AE95: =IF($AD95="","",ROUND($AD95*$AE$10,2)) | AG95: =IF(ISERROR(IF($AF95="","",ROUND(($AF95/$AF$10)*$AG$10,2))),"",IF($AF95="","",ROUND(($AF95/$AF$10)*$AG$10,2))) | AH95: =IF($AG95="","",ROUND($AG95*$AH$10,2)) | AI95: =IF(ISERROR(IF($AF95="","",ROUND(SUM($R95,$AE95,$AH95),2))),"",IF($AF95="","",ROUND(SUM($R95,$AE95,$AH95),2))) | AJ95: =IF(ISERROR(IF($AF95="","",VLOOKUP(AI95,TRANSMUTATION_TABLE,4,TRUE))),"",IF($AF95="","",VLOOKUP(AI95,TRANSMUTATION_TABLE,4,TRUE)))
A96: 34 | B96: ='INPUT DATA'!B96 -> 0 | P96: =IF(COUNT($F96:$O96)=0,"",SUM($F96:$O96)) | Q96: =IF(ISERROR(IF($P96="","",ROUND(($P96/$P$10)*$Q$10,2))),"",IF($P96="","",ROUND(($P96/$P$10)*$Q$10,2))) | R96: =IF($Q96="","",ROUND($Q96*$R$10,2)) | AC96: =IF(COUNT($S96:$AB96)=0,"",SUM($S96:$AB96)) | AD96: =IF(ISERROR(IF($AC96="","",ROUND(($AC96/$AC$10)*$AD$10,2))),"",IF($AC96="","",ROUND(($AC96/$AC$10)*$AD$10,2))) | AE96: =IF($AD96="","",ROUND($AD96*$AE$10,2)) | AG96: =IF(ISERROR(IF($AF96="","",ROUND(($AF96/$AF$10)*$AG$10,2))),"",IF($AF96="","",ROUND(($AF96/$AF$10)*$AG$10,2))) | AH96: =IF($AG96="","",ROUND($AG96*$AH$10,2)) | AI96: =IF(ISERROR(IF($AF96="","",ROUND(SUM($R96,$AE96,$AH96),2))),"",IF($AF96="","",ROUND(SUM($R96,$AE96,$AH96),2))) | AJ96: =IF(ISERROR(IF($AF96="","",VLOOKUP(AI96,TRANSMUTATION_TABLE,4,TRUE))),"",IF($AF96="","",VLOOKUP(AI96,TRANSMUTATION_TABLE,4,TRUE)))
... A112: 50 | B112: ='INPUT DATA'!B112 -> 0 | P112: =IF(COUNT($F112:$O112)=0,"",SUM($F112:$O112)) | Q112: =IF(ISERROR(IF($P112="","",ROUND(($P112/$P$10)*$Q$10,2))),"",IF($P112="","",ROUND(($P112/$P$10)*$Q$10,2))) | R112: =IF($Q112="","",ROUND($Q112*$R$10,2)) | AC112: =IF(COUNT($S112:$AB112)=0,"",SUM($S112:$AB112)) | AD112: =IF(ISERROR(IF($AC112="","",ROUND(($AC112/$AC$10)*$AD$10,2))),"",IF($AC112="","",ROUND(($AC112/$AC$10)*$AD$10,2))) | AE112: =IF($AD112="","",ROUND($AD112*$AE$10,2)) | AG112: =IF(ISERROR(IF($AF112="","",ROUND(($AF112/$AF$10)*$AG$10,2))),"",IF($AF112="","",ROUND(($AF112/$AF$10)*$AG$10,2))) | AH112: =IF($AG112="","",ROUND($AG112*$AH$10,2)) | AI112: =IF(ISERROR(IF($AF112="","",ROUND(SUM($R112,$AE112,$AH112),2))),"",IF($AF112="","",ROUND(SUM($R112,$AE112,$AH112),2))) | AJ112: =IF(ISERROR(IF($AF112="","",VLOOKUP(AI112,TRANSMUTATION_TABLE,4,TRUE))),"",IF($AF112="","",VLOOKUP(AI112,TRANSMUTATION_TABLE,4,TRUE)))

Sheet MATH_Q3
A1: Class Record
A3: (Pursuant to Deped Order 8 series of 2015)
C4: REGION | G4: ='INPUT DATA'!G4 -> 0 | L4: DIVISION | O4: ='INPUT DATA'!O4 -> 0
B5: SCHOOL NAME | G5: ='INPUT DATA'!G5 -> ARMS DEMO NATIONAL HIGH SCHOOL | T5: SCHOOL ID | AD5: SCHOOL YEAR | AG5: ='INPUT DATA'!AG5 -> 2026-2027
A7: THIRD QUARTER | F7: GRADE & SECTION: | K7: ='INPUT DATA'!K7 -> GRADE 7 - ILANG-ILANG | Q7: TEACHER: | S7: ='INPUT DATA'!S7 -> MARIA SANTOS | AC7: SUBJECT: | AG7: ='INPUT DATA'!AG7 -> MATHEMATICS
B8: LEARNERS' NAMES | F8: WRITTEN WORKS (40%) | S8: PERFORMANCE TASKS (40%) | AF8: QUARTERLY ASSESSMENT (20%) | AI8: Initial | AJ8: Quarterly
F9: 1 | G9: 2 | H9: 3 | I9: 4 | J9: 5 | K9: 6 | L9: 7 | M9: 8 | N9: 9 | O9: 10 | P9: Total | Q9: PS | R9: WS | S9: 1 | T9: 2 | U9: 3 | V9: 4 | W9: 5 | X9: 6 | Y9: 7 | Z9: 8 | AA9: 9 | AB9: 10 | AC9: Total | AD9: PS | AE9: WS | AF9: 1 | AG9: PS | AH9: WS | AI9: Grade | AJ9: Grade
B10: HIGHEST POSSIBLE SCORE | P10: =IF(COUNT($F10:$O10)=0,"",SUM($F10:$O10)) | Q10: 100 | R10: 0.4 | AC10: =IF(COUNT($S10:$AB10)=0,"",SUM($S10:$AB10)) | AD10: 100 | AE10: 0.4 | AG10: 100 | AH10: 0.2
B11: MALE
A12: 1 | B12: ='INPUT DATA'!B12 -> BAUTISTA, KYLE Z. | P12: =IF(COUNT($F12:$O12)=0,"",SUM($F12:$O12)) | Q12: =IF(ISERROR(IF($P12="","",ROUND(($P12/$P$10)*$Q$10,2))),"",IF($P12="","",ROUND(($P12/$P$10)*$Q$10,2))) | R12: =IF($Q12="","",ROUND($Q12*$R$10,2)) | AC12: =IF(COUNT($S12:$AB12)=0,"",SUM($S12:$AB12)) | AD12: =IF(ISERROR(IF($AC12="","",ROUND(($AC12/$AC$10)*$AD$10,2))),"",IF($AC12="","",ROUND(($AC12/$AC$10)*$AD$10,2))) | AE12: =IF($AD12="","",ROUND($AD12*$AE$10,2)) | AG12: =IF(ISERROR(IF($AF12="","",ROUND(($AF12/$AF$10)*$AG$10,2))),"",IF($AF12="","",ROUND(($AF12/$AF$10)*$AG$10,2))) | AH12: =IF($AG12="","",ROUND($AG12*$AH$10,2)) | AI12: =IF(ISERROR(IF($AF12="","",ROUND(SUM($R12,$AE12,$AH12),2))),"",IF($AF12="","",ROUND(SUM($R12,$AE12,$AH12),2))) | AJ12: =IF(ISERROR(IF($AF12="","",VLOOKUP(AI12,TRANSMUTATION_TABLE,4,TRUE))),"",IF($AF12="","",VLOOKUP(AI12,TRANSMUTATION_TABLE,4,TRUE)))
A13: 2 | B13: ='INPUT DATA'!B13 -> FLORES, JEROME C. | P13: =IF(COUNT($F13:$O13)=0,"",SUM($F13:$O13)) | Q13: =IF(ISERROR(IF($P13="","",ROUND(($P13/$P$10)*$Q$10,2))),"",IF($P13="","",ROUND(($P13/$P$10)*$Q$10,2))) | R13: =IF($Q13="","",ROUND($Q13*$R$10,2)) | AC13: =IF(COUNT($S13:$AB13)=0,"",SUM($S13:$AB13)) | AD13: =IF(ISERROR(IF($AC13="","",ROUND(($AC13/$AC$10)*$AD$10,2))),"",IF($AC13="","",ROUND(($AC13/$AC$10)*$AD$10,2))) | AE13: =IF($AD13="","",ROUND($AD13*$AE$10,2)) | AG13: =IF(ISERROR(IF($AF13="","",ROUND(($AF13/$AF$10)*$AG$10,2))),"",IF($AF13="","",ROUND(($AF13/$AF$10)*$AG$10,2))) | AH13: =IF($AG13="","",ROUND($AG13*$AH$10,2)) | AI13: =IF(ISERROR(IF($AF13="","",ROUND(SUM($R13,$AE13,$AH13),2))),"",IF($AF13="","",ROUND(SUM($R13,$AE13,$AH13),2))) | AJ13: =IF(ISERROR(IF($AF13="","",VLOOKUP(AI13,TRANSMUTATION_TABLE,4,TRUE))),"",IF($AF13="","",VLOOKUP(AI13,TRANSMUTATION_TABLE,4,TRUE)))
A14: 3 | B14: ='INPUT DATA'!B14 -> GONZALES, FRANCIS L. | P14: =IF(COUNT($F14:$O14)=0,"",SUM($F14:$O14)) | Q14: =IF(ISERROR(IF($P14="","",ROUND(($P14/$P$10)*$Q$10,2))),"",IF($P14="","",ROUND(($P14/$P$10)*$Q$10,2))) | R14: =IF($Q14="","",ROUND($Q14*$R$10,2)) | AC14: =IF(COUNT($S14:$AB14)=0,"",SUM($S14:$AB14)) | AD14: =IF(ISERROR(IF($AC14="","",ROUND(($AC14/$AC$10)*$AD$10,2))),"",IF($AC14="","",ROUND(($AC14/$AC$10)*$AD$10,2))) | AE14: =IF($AD14="","",ROUND($AD14*$AE$10,2)) | AG14: =IF(ISERROR(IF($AF14="","",ROUND(($AF14/$AF$10)*$AG$10,2))),"",IF($AF14="","",ROUND(($AF14/$AF$10)*$AG$10,2))) | AH14: =IF($AG14="","",ROUND($AG14*$AH$10,2)) | AI14: =IF(ISERROR(IF($AF14="","",ROUND(SUM($R14,$AE14,$AH14),2))),"",IF($AF14="","",ROUND(SUM($R14,$AE14,$AH14),2))) | AJ14: =IF(ISERROR(IF($AF14="","",VLOOKUP(AI14,TRANSMUTATION_TABLE,4,TRUE))),"",IF($AF14="","",VLOOKUP(AI14,TRANSMUTATION_TABLE,4,TRUE)))
A15: 4 | B15: ='INPUT DATA'!B15 -> IGNACIO, CHRISTIAN D. | P15: =IF(COUNT($F15:$O15)=0,"",SUM($F15:$O15)) | Q15: =IF(ISERROR(IF($P15="","",ROUND(($P15/$P$10)*$Q$10,2))),"",IF($P15="","",ROUND(($P15/$P$10)*$Q$10,2))) | R15: =IF($Q15="","",ROUND($Q15*$R$10,2)) | AC15: =IF(COUNT($S15:$AB15)=0,"",SUM($S15:$AB15)) | AD15: =IF(ISERROR(IF($AC15="","",ROUND(($AC15/$AC$10)*$AD$10,2))),"",IF($AC15="","",ROUND(($AC15/$AC$10)*$AD$10,2))) | AE15: =IF($AD15="","",ROUND($AD15*$AE$10,2)) | AG15: =IF(ISERROR(IF($AF15="","",ROUND(($AF15/$AF$10)*$AG$10,2))),"",IF($AF15="","",ROUND(($AF15/$AF$10)*$AG$10,2))) | AH15: =IF($AG15="","",ROUND($AG15*$AH$10,2)) | AI15: =IF(ISERROR(IF($AF15="","",ROUND(SUM($R15,$AE15,$AH15),2))),"",IF($AF15="","",ROUND(SUM($R15,$AE15,$AH15),2))) | AJ15: =IF(ISERROR(IF($AF15="","",VLOOKUP(AI15,TRANSMUTATION_TABLE,4,TRUE))),"",IF($AF15="","",VLOOKUP(AI15,TRANSMUTATION_TABLE,4,TRUE)))
A16: 5 | B16: ='INPUT DATA'!B16 -> LUMAPAS, JERICHO T. | P16: =IF(COUNT($F16:$O16)=0,"",SUM($F16:$O16)) | Q16: =IF(ISERROR(IF($P16="","",ROUND(($P16/$P$10)*$Q$10,2))),"",IF($P16="","",ROUND(($P16/$P$10)*$Q$10,2))) | R16: =IF($Q16="","",ROUND($Q16*$R$10,2)) | AC16: =IF(COUNT($S16:$AB16)=0,"",SUM($S16:$AB16)) | AD16: =IF(ISERROR(IF($AC16="","",ROUND(($AC16/$AC$10)*$AD$10,2))),"",IF($AC16="","",ROUND(($AC16/$AC$10)*$AD$10,2))) | AE16: =IF($AD16="","",ROUND($AD16*$AE$10,2)) | AG16: =IF(ISERROR(IF($AF16="","",ROUND(($AF16/$AF$10)*$AG$10,2))),"",IF($AF16="","",ROUND(($AF16/$AF$10)*$AG$10,2))) | AH16: =IF($AG16="","",ROUND($AG16*$AH$10,2)) | AI16: =IF(ISERROR(IF($AF16="","",ROUND(SUM($R16,$AE16,$AH16),2))),"",IF($AF16="","",ROUND(SUM($R16,$AE16,$AH16),2))) | AJ16: =IF(ISERROR(IF($AF16="","",VLOOKUP(AI16,TRANSMUTATION_TABLE,4,TRUE))),"",IF($AF16="","",VLOOKUP(AI16,TRANSMUTATION_TABLE,4,TRUE)))
A17: 6 | B17: ='INPUT DATA'!B17 -> MENDOZA, EMMANUEL R. | P17: =IF(COUNT($F17:$O17)=0,"",SUM($F17:$O17)) | Q17: =IF(ISERROR(IF($P17="","",ROUND(($P17/$P$10)*$Q$10,2))),"",IF($P17="","",ROUND(($P17/$P$10)*$Q$10,2))) | R17: =IF($Q17="","",ROUND($Q17*$R$10,2)) | AC17: =IF(COUNT($S17:$AB17)=0,"",SUM($S17:$AB17)) | AD17: =IF(ISERROR(IF($AC17="","",ROUND(($AC17/$AC$10)*$AD$10,2))),"",IF($AC17="","",ROUND(($AC17/$AC$10)*$AD$10,2))) | AE17: =IF($AD17="","",ROUND($AD17*$AE$10,2)) | AG17: =IF(ISERROR(IF($AF17="","",ROUND(($AF17/$AF$10)*$AG$10,2))),"",IF($AF17="","",ROUND(($AF17/$AF$10)*$AG$10,2))) | AH17: =IF($AG17="","",ROUND($AG17*$AH$10,2)) | AI17: =IF(ISERROR(IF($AF17="","",ROUND(SUM($R17,$AE17,$AH17),2))),"",IF($AF17="","",ROUND(SUM($R17,$AE17,$AH17),2))) | AJ17: =IF(ISERROR(IF($AF17="","",VLOOKUP(AI17,TRANSMUTATION_TABLE,4,TRUE))),"",IF($AF17="","",VLOOKUP(AI17,TRANSMUTATION_TABLE,4,TRUE)))
A18: 7 | B18: ='INPUT DATA'!B18 -> MENDOZA, JUAN MIGUEL O. | P18: =IF(COUNT($F18:$O18)=0,"",SUM($F18:$O18)) | Q18: =IF(ISERROR(IF($P18="","",ROUND(($P18/$P$10)*$Q$10,2))),"",IF($P18="","",ROUND(($P18/$P$10)*$Q$10,2))) | R18: =IF($Q18="","",ROUND($Q18*$R$10,2)) | AC18: =IF(COUNT($S18:$AB18)=0,"",SUM($S18:$AB18)) | AD18: =IF(ISERROR(IF($AC18="","",ROUND(($AC18/$AC$10)*$AD$10,2))),"",IF($AC18="","",ROUND(($AC18/$AC$10)*$AD$10,2))) | AE18: =IF($AD18="","",ROUND($AD18*$AE$10,2)) | AG18: =IF(ISERROR(IF($AF18="","",ROUND(($AF18/$AF$10)*$AG$10,2))),"",IF($AF18="","",ROUND(($AF18/$AF$10)*$AG$10,2))) | AH18: =IF($AG18="","",ROUND($AG18*$AH$10,2)) | AI18: =IF(ISERROR(IF($AF18="","",ROUND(SUM($R18,$AE18,$AH18),2))),"",IF($AF18="","",ROUND(SUM($R18,$AE18,$AH18),2))) | AJ18: =IF(ISERROR(IF($AF18="","",VLOOKUP(AI18,TRANSMUTATION_TABLE,4,TRUE))),"",IF($AF18="","",VLOOKUP(AI18,TRANSMUTATION_TABLE,4,TRUE)))
A19: 8 | B19: ='INPUT DATA'!B19 -> MORALES, KYLE P. | D19: 0 | P19: =IF(COUNT($F19:$O19)=0,"",SUM($F19:$O19)) | Q19: =IF(ISERROR(IF($P19="","",ROUND(($P19/$P$10)*$Q$10,2))),"",IF($P19="","",ROUND(($P19/$P$10)*$Q$10,2))) | R19: =IF($Q19="","",ROUND($Q19*$R$10,2)) | AC19: =IF(COUNT($S19:$AB19)=0,"",SUM($S19:$AB19)) | AD19: =IF(ISERROR(IF($AC19="","",ROUND(($AC19/$AC$10)*$AD$10,2))),"",IF($AC19="","",ROUND(($AC19/$AC$10)*$AD$10,2))) | AE19: =IF($AD19="","",ROUND($AD19*$AE$10,2)) | AG19: =IF(ISERROR(IF($AF19="","",ROUND(($AF19/$AF$10)*$AG$10,2))),"",IF($AF19="","",ROUND(($AF19/$AF$10)*$AG$10,2))) | AH19: =IF($AG19="","",ROUND($AG19*$AH$10,2)) | AI19: =IF(ISERROR(IF($AF19="","",ROUND(SUM($R19,$AE19,$AH19),2))),"",IF($AF19="","",ROUND(SUM($R19,$AE19,$AH19),2))) | AJ19: =IF(ISERROR(IF($AF19="","",VLOOKUP(AI19,TRANSMUTATION_TABLE,4,TRUE))),"",IF($AF19="","",VLOOKUP(AI19,TRANSMUTATION_TABLE,4,TRUE)))
A20: 9 | B20: ='INPUT DATA'!B20 -> NAVARRO, MARK ANTHONY T. | P20: =IF(COUNT($F20:$O20)=0,"",SUM($F20:$O20)) | Q20: =IF(ISERROR(IF($P20="","",ROUND(($P20/$P$10)*$Q$10,2))),"",IF($P20="","",ROUND(($P20/$P$10)*$Q$10,2))) | R20: =IF($Q20="","",ROUND($Q20*$R$10,2)) | AC20: =IF(COUNT($S20:$AB20)=0,"",SUM($S20:$AB20)) | AD20: =IF(ISERROR(IF($AC20="","",ROUND(($AC20/$AC$10)*$AD$10,2))),"",IF($AC20="","",ROUND(($AC20/$AC$10)*$AD$10,2))) | AE20: =IF($AD20="","",ROUND($AD20*$AE$10,2)) | AG20: =IF(ISERROR(IF($AF20="","",ROUND(($AF20/$AF$10)*$AG$10,2))),"",IF($AF20="","",ROUND(($AF20/$AF$10)*$AG$10,2))) | AH20: =IF($AG20="","",ROUND($AG20*$AH$10,2)) | AI20: =IF(ISERROR(IF($AF20="","",ROUND(SUM($R20,$AE20,$AH20),2))),"",IF($AF20="","",ROUND(SUM($R20,$AE20,$AH20),2))) | AJ20: =IF(ISERROR(IF($AF20="","",VLOOKUP(AI20,TRANSMUTATION_TABLE,4,TRUE))),"",IF($AF20="","",VLOOKUP(AI20,TRANSMUTATION_TABLE,4,TRUE)))
A21: 10 | B21: ='INPUT DATA'!B21 -> OCAMPO JR., CHRISTIAN U. | P21: =IF(COUNT($F21:$O21)=0,"",SUM($F21:$O21)) | Q21: =IF(ISERROR(IF($P21="","",ROUND(($P21/$P$10)*$Q$10,2))),"",IF($P21="","",ROUND(($P21/$P$10)*$Q$10,2))) | R21: =IF($Q21="","",ROUND($Q21*$R$10,2)) | AC21: =IF(COUNT($S21:$AB21)=0,"",SUM($S21:$AB21)) | AD21: =IF(ISERROR(IF($AC21="","",ROUND(($AC21/$AC$10)*$AD$10,2))),"",IF($AC21="","",ROUND(($AC21/$AC$10)*$AD$10,2))) | AE21: =IF($AD21="","",ROUND($AD21*$AE$10,2)) | AG21: =IF(ISERROR(IF($AF21="","",ROUND(($AF21/$AF$10)*$AG$10,2))),"",IF($AF21="","",ROUND(($AF21/$AF$10)*$AG$10,2))) | AH21: =IF($AG21="","",ROUND($AG21*$AH$10,2)) | AI21: =IF(ISERROR(IF($AF21="","",ROUND(SUM($R21,$AE21,$AH21),2))),"",IF($AF21="","",ROUND(SUM($R21,$AE21,$AH21),2))) | AJ21: =IF(ISERROR(IF($AF21="","",VLOOKUP(AI21,TRANSMUTATION_TABLE,4,TRUE))),"",IF($AF21="","",VLOOKUP(AI21,TRANSMUTATION_TABLE,4,TRUE)))
A22: 11 | B22: ='INPUT DATA'!B22 -> PANGANIBAN, DOMINIC C. | D22: 0 | P22: =IF(COUNT($F22:$O22)=0,"",SUM($F22:$O22)) | Q22: =IF(ISERROR(IF($P22="","",ROUND(($P22/$P$10)*$Q$10,2))),"",IF($P22="","",ROUND(($P22/$P$10)*$Q$10,2))) | R22: =IF($Q22="","",ROUND($Q22*$R$10,2)) | AC22: =IF(COUNT($S22:$AB22)=0,"",SUM($S22:$AB22)) | AD22: =IF(ISERROR(IF($AC22="","",ROUND(($AC22/$AC$10)*$AD$10,2))),"",IF($AC22="","",ROUND(($AC22/$AC$10)*$AD$10,2))) | AE22: =IF($AD22="","",ROUND($AD22*$AE$10,2)) | AG22: =IF(ISERROR(IF($AF22="","",ROUND(($AF22/$AF$10)*$AG$10,2))),"",IF($AF22="","",ROUND(($AF22/$AF$10)*$AG$10,2))) | AH22: =IF($AG22="","",ROUND($AG22*$AH$10,2)) | AI22: =IF(ISERROR(IF($AF22="","",ROUND(SUM($R22,$AE22,$AH22),2))),"",IF($AF22="","",ROUND(SUM($R22,$AE22,$AH22),2))) | AJ22: =IF(ISERROR(IF($AF22="","",VLOOKUP(AI22,TRANSMUTATION_TABLE,4,TRUE))),"",IF($AF22="","",VLOOKUP(AI22,TRANSMUTATION_TABLE,4,TRUE)))
A23: 12 | B23: ='INPUT DATA'!B23 -> RAMOS, FRANCIS H. | P23: =IF(COUNT($F23:$O23)=0,"",SUM($F23:$O23)) | Q23: =IF(ISERROR(IF($P23="","",ROUND(($P23/$P$10)*$Q$10,2))),"",IF($P23="","",ROUND(($P23/$P$10)*$Q$10,2))) | R23: =IF($Q23="","",ROUND($Q23*$R$10,2)) | AC23: =IF(COUNT($S23:$AB23)=0,"",SUM($S23:$AB23)) | AD23: =IF(ISERROR(IF($AC23="","",ROUND(($AC23/$AC$10)*$AD$10,2))),"",IF($AC23="","",ROUND(($AC23/$AC$10)*$AD$10,2))) | AE23: =IF($AD23="","",ROUND($AD23*$AE$10,2)) | AG23: =IF(ISERROR(IF($AF23="","",ROUND(($AF23/$AF$10)*$AG$10,2))),"",IF($AF23="","",ROUND(($AF23/$AF$10)*$AG$10,2))) | AH23: =IF($AG23="","",ROUND($AG23*$AH$10,2)) | AI23: =IF(ISERROR(IF($AF23="","",ROUND(SUM($R23,$AE23,$AH23),2))),"",IF($AF23="","",ROUND(SUM($R23,$AE23,$AH23),2))) | AJ23: =IF(ISERROR(IF($AF23="","",VLOOKUP(AI23,TRANSMUTATION_TABLE,4,TRUE))),"",IF($AF23="","",VLOOKUP(AI23,TRANSMUTATION_TABLE,4,TRUE)))
A24: 13 | B24: ='INPUT DATA'!B24 -> RAMOS JR., KYLE R. | P24: =IF(COUNT($F24:$O24)=0,"",SUM($F24:$O24)) | Q24: =IF(ISERROR(IF($P24="","",ROUND(($P24/$P$10)*$Q$10,2))),"",IF($P24="","",ROUND(($P24/$P$10)*$Q$10,2))) | R24: =IF($Q24="","",ROUND($Q24*$R$10,2)) | AC24: =IF(COUNT($S24:$AB24)=0,"",SUM($S24:$AB24)) | AD24: =IF(ISERROR(IF($AC24="","",ROUND(($AC24/$AC$10)*$AD$10,2))),"",IF($AC24="","",ROUND(($AC24/$AC$10)*$AD$10,2))) | AE24: =IF($AD24="","",ROUND($AD24*$AE$10,2)) | AG24: =IF(ISERROR(IF($AF24="","",ROUND(($AF24/$AF$10)*$AG$10,2))),"",IF($AF24="","",ROUND(($AF24/$AF$10)*$AG$10,2))) | AH24: =IF($AG24="","",ROUND($AG24*$AH$10,2)) | AI24: =IF(ISERROR(IF($AF24="","",ROUND(SUM($R24,$AE24,$AH24),2))),"",IF($AF24="","",ROUND(SUM($R24,$AE24,$AH24),2))) | AJ24: =IF(ISERROR(IF($AF24="","",VLOOKUP(AI24,TRANSMUTATION_TABLE,4,TRUE))),"",IF($AF24="","",VLOOKUP(AI24,TRANSMUTATION_TABLE,4,TRUE)))
A25: 14 | B25: ='INPUT DATA'!B25 -> SANTOS, KYLE A. | P25: =IF(COUNT($F25:$O25)=0,"",SUM($F25:$O25)) | Q25: =IF(ISERROR(IF($P25="","",ROUND(($P25/$P$10)*$Q$10,2))),"",IF($P25="","",ROUND(($P25/$P$10)*$Q$10,2))) | R25: =IF($Q25="","",ROUND($Q25*$R$10,2)) | AC25: =IF(COUNT($S25:$AB25)=0,"",SUM($S25:$AB25)) | AD25: =IF(ISERROR(IF($AC25="","",ROUND(($AC25/$AC$10)*$AD$10,2))),"",IF($AC25="","",ROUND(($AC25/$AC$10)*$AD$10,2))) | AE25: =IF($AD25="","",ROUND($AD25*$AE$10,2)) | AG25: =IF(ISERROR(IF($AF25="","",ROUND(($AF25/$AF$10)*$AG$10,2))),"",IF($AF25="","",ROUND(($AF25/$AF$10)*$AG$10,2))) | AH25: =IF($AG25="","",ROUND($AG25*$AH$10,2)) | AI25: =IF(ISERROR(IF($AF25="","",ROUND(SUM($R25,$AE25,$AH25),2))),"",IF($AF25="","",ROUND(SUM($R25,$AE25,$AH25),2))) | AJ25: =IF(ISERROR(IF($AF25="","",VLOOKUP(AI25,TRANSMUTATION_TABLE,4,TRUE))),"",IF($AF25="","",VLOOKUP(AI25,TRANSMUTATION_TABLE,4,TRUE)))
A26: 15 | B26: ='INPUT DATA'!B26 -> TOLENTINO, CARLO O. | P26: =IF(COUNT($F26:$O26)=0,"",SUM($F26:$O26)) | Q26: =IF(ISERROR(IF($P26="","",ROUND(($P26/$P$10)*$Q$10,2))),"",IF($P26="","",ROUND(($P26/$P$10)*$Q$10,2))) | R26: =IF($Q26="","",ROUND($Q26*$R$10,2)) | AC26: =IF(COUNT($S26:$AB26)=0,"",SUM($S26:$AB26)) | AD26: =IF(ISERROR(IF($AC26="","",ROUND(($AC26/$AC$10)*$AD$10,2))),"",IF($AC26="","",ROUND(($AC26/$AC$10)*$AD$10,2))) | AE26: =IF($AD26="","",ROUND($AD26*$AE$10,2)) | AG26: =IF(ISERROR(IF($AF26="","",ROUND(($AF26/$AF$10)*$AG$10,2))),"",IF($AF26="","",ROUND(($AF26/$AF$10)*$AG$10,2))) | AH26: =IF($AG26="","",ROUND($AG26*$AH$10,2)) | AI26: =IF(ISERROR(IF($AF26="","",ROUND(SUM($R26,$AE26,$AH26),2))),"",IF($AF26="","",ROUND(SUM($R26,$AE26,$AH26),2))) | AJ26: =IF(ISERROR(IF($AF26="","",VLOOKUP(AI26,TRANSMUTATION_TABLE,4,TRUE))),"",IF($AF26="","",VLOOKUP(AI26,TRANSMUTATION_TABLE,4,TRUE)))
A27: 16 | B27: ='INPUT DATA'!B27 -> TOLENTINO, JEROME H. | P27: =IF(COUNT($F27:$O27)=0,"",SUM($F27:$O27)) | Q27: =IF(ISERROR(IF($P27="","",ROUND(($P27/$P$10)*$Q$10,2))),"",IF($P27="","",ROUND(($P27/$P$10)*$Q$10,2))) | R27: =IF($Q27="","",ROUND($Q27*$R$10,2)) | AC27: =IF(COUNT($S27:$AB27)=0,"",SUM($S27:$AB27)) | AD27: =IF(ISERROR(IF($AC27="","",ROUND(($AC27/$AC$10)*$AD$10,2))),"",IF($AC27="","",ROUND(($AC27/$AC$10)*$AD$10,2))) | AE27: =IF($AD27="","",ROUND($AD27*$AE$10,2)) | AG27: =IF(ISERROR(IF($AF27="","",ROUND(($AF27/$AF$10)*$AG$10,2))),"",IF($AF27="","",ROUND(($AF27/$AF$10)*$AG$10,2))) | AH27: =IF($AG27="","",ROUND($AG27*$AH$10,2)) | AI27: =IF(ISERROR(IF($AF27="","",ROUND(SUM($R27,$AE27,$AH27),2))),"",IF($AF27="","",ROUND(SUM($R27,$AE27,$AH27),2))) | AJ27: =IF(ISERROR(IF($AF27="","",VLOOKUP(AI27,TRANSMUTATION_TABLE,4,TRUE))),"",IF($AF27="","",VLOOKUP(AI27,TRANSMUTATION_TABLE,4,TRUE)))
A28: 17 | B28: ='INPUT DATA'!B28 -> TORRES, EMMANUEL A. | P28: =IF(COUNT($F28:$O28)=0,"",SUM($F28:$O28)) | Q28: =IF(ISERROR(IF($P28="","",ROUND(($P28/$P$10)*$Q$10,2))),"",IF($P28="","",ROUND(($P28/$P$10)*$Q$10,2))) | R28: =IF($Q28="","",ROUND($Q28*$R$10,2)) | AC28: =IF(COUNT($S28:$AB28)=0,"",SUM($S28:$AB28)) | AD28: =IF(ISERROR(IF($AC28="","",ROUND(($AC28/$AC$10)*$AD$10,2))),"",IF($AC28="","",ROUND(($AC28/$AC$10)*$AD$10,2))) | AE28: =IF($AD28="","",ROUND($AD28*$AE$10,2)) | AG28: =IF(ISERROR(IF($AF28="","",ROUND(($AF28/$AF$10)*$AG$10,2))),"",IF($AF28="","",ROUND(($AF28/$AF$10)*$AG$10,2))) | AH28: =IF($AG28="","",ROUND($AG28*$AH$10,2)) | AI28: =IF(ISERROR(IF($AF28="","",ROUND(SUM($R28,$AE28,$AH28),2))),"",IF($AF28="","",ROUND(SUM($R28,$AE28,$AH28),2))) | AJ28: =IF(ISERROR(IF($AF28="","",VLOOKUP(AI28,TRANSMUTATION_TABLE,4,TRUE))),"",IF($AF28="","",VLOOKUP(AI28,TRANSMUTATION_TABLE,4,TRUE)))
A29: 18 | B29: ='INPUT DATA'!B29 -> VILLANUEVA, BENEDICT Q. | P29: =IF(COUNT($F29:$O29)=0,"",SUM($F29:$O29)) | Q29: =IF(ISERROR(IF($P29="","",ROUND(($P29/$P$10)*$Q$10,2))),"",IF($P29="","",ROUND(($P29/$P$10)*$Q$10,2))) | R29: =IF($Q29="","",ROUND($Q29*$R$10,2)) | AC29: =IF(COUNT($S29:$AB29)=0,"",SUM($S29:$AB29)) | AD29: =IF(ISERROR(IF($AC29="","",ROUND(($AC29/$AC$10)*$AD$10,2))),"",IF($AC29="","",ROUND(($AC29/$AC$10)*$AD$10,2))) | AE29: =IF($AD29="","",ROUND($AD29*$AE$10,2)) | AG29: =IF(ISERROR(IF($AF29="","",ROUND(($AF29/$AF$10)*$AG$10,2))),"",IF($AF29="","",ROUND(($AF29/$AF$10)*$AG$10,2))) | AH29: =IF($AG29="","",ROUND($AG29*$AH$10,2)) | AI29: =IF(ISERROR(IF($AF29="","",ROUND(SUM($R29,$AE29,$AH29),2))),"",IF($AF29="","",ROUND(SUM($R29,$AE29,$AH29),2))) | AJ29: =IF(ISERROR(IF($AF29="","",VLOOKUP(AI29,TRANSMUTATION_TABLE,4,TRUE))),"",IF($AF29="","",VLOOKUP(AI29,TRANSMUTATION_TABLE,4,TRUE)))
A30: 19 | B30: ='INPUT DATA'!B30 -> VILLANUEVA, NATHANIEL P. | P30: =IF(COUNT($F30:$O30)=0,"",SUM($F30:$O30)) | Q30: =IF(ISERROR(IF($P30="","",ROUND(($P30/$P$10)*$Q$10,2))),"",IF($P30="","",ROUND(($P30/$P$10)*$Q$10,2))) | R30: =IF($Q30="","",ROUND($Q30*$R$10,2)) | AC30: =IF(COUNT($S30:$AB30)=0,"",SUM($S30:$AB30)) | AD30: =IF(ISERROR(IF($AC30="","",ROUND(($AC30/$AC$10)*$AD$10,2))),"",IF($AC30="","",ROUND(($AC30/$AC$10)*$AD$10,2))) | AE30: =IF($AD30="","",ROUND($AD30*$AE$10,2)) | AG30: =IF(ISERROR(IF($AF30="","",ROUND(($AF30/$AF$10)*$AG$10,2))),"",IF($AF30="","",ROUND(($AF30/$AF$10)*$AG$10,2))) | AH30: =IF($AG30="","",ROUND($AG30*$AH$10,2)) | AI30: =IF(ISERROR(IF($AF30="","",ROUND(SUM($R30,$AE30,$AH30),2))),"",IF($AF30="","",ROUND(SUM($R30,$AE30,$AH30),2))) | AJ30: =IF(ISERROR(IF($AF30="","",VLOOKUP(AI30,TRANSMUTATION_TABLE,4,TRUE))),"",IF($AF30="","",VLOOKUP(AI30,TRANSMUTATION_TABLE,4,TRUE)))
A31: 20 | B31: ='INPUT DATA'!B31 -> YBANEZ, JOSHUA V. | P31: =IF(COUNT($F31:$O31)=0,"",SUM($F31:$O31)) | Q31: =IF(ISERROR(IF($P31="","",ROUND(($P31/$P$10)*$Q$10,2))),"",IF($P31="","",ROUND(($P31/$P$10)*$Q$10,2))) | R31: =IF($Q31="","",ROUND($Q31*$R$10,2)) | AC31: =IF(COUNT($S31:$AB31)=0,"",SUM($S31:$AB31)) | AD31: =IF(ISERROR(IF($AC31="","",ROUND(($AC31/$AC$10)*$AD$10,2))),"",IF($AC31="","",ROUND(($AC31/$AC$10)*$AD$10,2))) | AE31: =IF($AD31="","",ROUND($AD31*$AE$10,2)) | AG31: =IF(ISERROR(IF($AF31="","",ROUND(($AF31/$AF$10)*$AG$10,2))),"",IF($AF31="","",ROUND(($AF31/$AF$10)*$AG$10,2))) | AH31: =IF($AG31="","",ROUND($AG31*$AH$10,2)) | AI31: =IF(ISERROR(IF($AF31="","",ROUND(SUM($R31,$AE31,$AH31),2))),"",IF($AF31="","",ROUND(SUM($R31,$AE31,$AH31),2))) | AJ31: =IF(ISERROR(IF($AF31="","",VLOOKUP(AI31,TRANSMUTATION_TABLE,4,TRUE))),"",IF($AF31="","",VLOOKUP(AI31,TRANSMUTATION_TABLE,4,TRUE)))
A32: 21 | B32: ='INPUT DATA'!B32 -> 0 | P32: =IF(COUNT($F32:$O32)=0,"",SUM($F32:$O32)) | Q32: =IF(ISERROR(IF($P32="","",ROUND(($P32/$P$10)*$Q$10,2))),"",IF($P32="","",ROUND(($P32/$P$10)*$Q$10,2))) | R32: =IF($Q32="","",ROUND($Q32*$R$10,2)) | AC32: =IF(COUNT($S32:$AB32)=0,"",SUM($S32:$AB32)) | AD32: =IF(ISERROR(IF($AC32="","",ROUND(($AC32/$AC$10)*$AD$10,2))),"",IF($AC32="","",ROUND(($AC32/$AC$10)*$AD$10,2))) | AE32: =IF($AD32="","",ROUND($AD32*$AE$10,2)) | AG32: =IF(ISERROR(IF($AF32="","",ROUND(($AF32/$AF$10)*$AG$10,2))),"",IF($AF32="","",ROUND(($AF32/$AF$10)*$AG$10,2))) | AH32: =IF($AG32="","",ROUND($AG32*$AH$10,2)) | AI32: =IF(ISERROR(IF($AF32="","",ROUND(SUM($R32,$AE32,$AH32),2))),"",IF($AF32="","",ROUND(SUM($R32,$AE32,$AH32),2))) | AJ32: =IF(ISERROR(IF($AF32="","",VLOOKUP(AI32,TRANSMUTATION_TABLE,4,TRUE))),"",IF($AF32="","",VLOOKUP(AI32,TRANSMUTATION_TABLE,4,TRUE)))
A33: 22 | B33: ='INPUT DATA'!B33 -> 0 | P33: =IF(COUNT($F33:$O33)=0,"",SUM($F33:$O33)) | Q33: =IF(ISERROR(IF($P33="","",ROUND(($P33/$P$10)*$Q$10,2))),"",IF($P33="","",ROUND(($P33/$P$10)*$Q$10,2))) | R33: =IF($Q33="","",ROUND($Q33*$R$10,2)) | AC33: =IF(COUNT($S33:$AB33)=0,"",SUM($S33:$AB33)) | AD33: =IF(ISERROR(IF($AC33="","",ROUND(($AC33/$AC$10)*$AD$10,2))),"",IF($AC33="","",ROUND(($AC33/$AC$10)*$AD$10,2))) | AE33: =IF($AD33="","",ROUND($AD33*$AE$10,2)) | AG33: =IF(ISERROR(IF($AF33="","",ROUND(($AF33/$AF$10)*$AG$10,2))),"",IF($AF33="","",ROUND(($AF33/$AF$10)*$AG$10,2))) | AH33: =IF($AG33="","",ROUND($AG33*$AH$10,2)) | AI33: =IF(ISERROR(IF($AF33="","",ROUND(SUM($R33,$AE33,$AH33),2))),"",IF($AF33="","",ROUND(SUM($R33,$AE33,$AH33),2))) | AJ33: =IF(ISERROR(IF($AF33="","",VLOOKUP(AI33,TRANSMUTATION_TABLE,4,TRUE))),"",IF($AF33="","",VLOOKUP(AI33,TRANSMUTATION_TABLE,4,TRUE)))
A34: 23 | B34: ='INPUT DATA'!B34 -> 0 | P34: =IF(COUNT($F34:$O34)=0,"",SUM($F34:$O34)) | Q34: =IF(ISERROR(IF($P34="","",ROUND(($P34/$P$10)*$Q$10,2))),"",IF($P34="","",ROUND(($P34/$P$10)*$Q$10,2))) | R34: =IF($Q34="","",ROUND($Q34*$R$10,2)) | AC34: =IF(COUNT($S34:$AB34)=0,"",SUM($S34:$AB34)) | AD34: =IF(ISERROR(IF($AC34="","",ROUND(($AC34/$AC$10)*$AD$10,2))),"",IF($AC34="","",ROUND(($AC34/$AC$10)*$AD$10,2))) | AE34: =IF($AD34="","",ROUND($AD34*$AE$10,2)) | AG34: =IF(ISERROR(IF($AF34="","",ROUND(($AF34/$AF$10)*$AG$10,2))),"",IF($AF34="","",ROUND(($AF34/$AF$10)*$AG$10,2))) | AH34: =IF($AG34="","",ROUND($AG34*$AH$10,2)) | AI34: =IF(ISERROR(IF($AF34="","",ROUND(SUM($R34,$AE34,$AH34),2))),"",IF($AF34="","",ROUND(SUM($R34,$AE34,$AH34),2))) | AJ34: =IF(ISERROR(IF($AF34="","",VLOOKUP(AI34,TRANSMUTATION_TABLE,4,TRUE))),"",IF($AF34="","",VLOOKUP(AI34,TRANSMUTATION_TABLE,4,TRUE)))
... A61: 50 | B61: ='INPUT DATA'!B61 -> 0 | P61: =IF(COUNT($F61:$O61)=0,"",SUM($F61:$O61)) | Q61: =IF(ISERROR(IF($P61="","",ROUND(($P61/$P$10)*$Q$10,2))),"",IF($P61="","",ROUND(($P61/$P$10)*$Q$10,2))) | R61: =IF($Q61="","",ROUND($Q61*$R$10,2)) | AC61: =IF(COUNT($S61:$AB61)=0,"",SUM($S61:$AB61)) | AD61: =IF(ISERROR(IF($AC61="","",ROUND(($AC61/$AC$10)*$AD$10,2))),"",IF($AC61="","",ROUND(($AC61/$AC$10)*$AD$10,2))) | AE61: =IF($AD61="","",ROUND($AD61*$AE$10,2)) | AG61: =IF(ISERROR(IF($AF61="","",ROUND(($AF61/$AF$10)*$AG$10,2))),"",IF($AF61="","",ROUND(($AF61/$AF$10)*$AG$10,2))) | AH61: =IF($AG61="","",ROUND($AG61*$AH$10,2)) | AI61: =IF(ISERROR(IF($AF61="","",ROUND(SUM($R61,$AE61,$AH61),2))),"",IF($AF61="","",ROUND(SUM($R61,$AE61,$AH61),2))) | AJ61: =IF(ISERROR(IF($AF61="","",VLOOKUP(AI61,TRANSMUTATION_TABLE,4,TRUE))),"",IF($AF61="","",VLOOKUP(AI61,TRANSMUTATION_TABLE,4,TRUE)))
B62: FEMALE
A63: 1 | B63: ='INPUT DATA'!B63 -> AQUINO, ANGELICA U. | P63: =IF(COUNT($F63:$O63)=0,"",SUM($F63:$O63)) | Q63: =IF(ISERROR(IF($P63="","",ROUND(($P63/$P$10)*$Q$10,2))),"",IF($P63="","",ROUND(($P63/$P$10)*$Q$10,2))) | R63: =IF($Q63="","",ROUND($Q63*$R$10,2)) | AC63: =IF(COUNT($S63:$AB63)=0,"",SUM($S63:$AB63)) | AD63: =IF(ISERROR(IF($AC63="","",ROUND(($AC63/$AC$10)*$AD$10,2))),"",IF($AC63="","",ROUND(($AC63/$AC$10)*$AD$10,2))) | AE63: =IF($AD63="","",ROUND($AD63*$AE$10,2)) | AG63: =IF(ISERROR(IF($AF63="","",ROUND(($AF63/$AF$10)*$AG$10,2))),"",IF($AF63="","",ROUND(($AF63/$AF$10)*$AG$10,2))) | AH63: =IF($AG63="","",ROUND($AG63*$AH$10,2)) | AI63: =IF(ISERROR(IF($AF63="","",ROUND(SUM($R63,$AE63,$AH63),2))),"",IF($AF63="","",ROUND(SUM($R63,$AE63,$AH63),2))) | AJ63: =IF(ISERROR(IF($AF63="","",VLOOKUP(AI63,TRANSMUTATION_TABLE,4,TRUE))),"",IF($AF63="","",VLOOKUP(AI63,TRANSMUTATION_TABLE,4,TRUE)))
A64: 2 | B64: ='INPUT DATA'!B64 -> BAUTISTA, MARIA CLARA I. | P64: =IF(COUNT($F64:$O64)=0,"",SUM($F64:$O64)) | Q64: =IF(ISERROR(IF($P64="","",ROUND(($P64/$P$10)*$Q$10,2))),"",IF($P64="","",ROUND(($P64/$P$10)*$Q$10,2))) | R64: =IF($Q64="","",ROUND($Q64*$R$10,2)) | AC64: =IF(COUNT($S64:$AB64)=0,"",SUM($S64:$AB64)) | AD64: =IF(ISERROR(IF($AC64="","",ROUND(($AC64/$AC$10)*$AD$10,2))),"",IF($AC64="","",ROUND(($AC64/$AC$10)*$AD$10,2))) | AE64: =IF($AD64="","",ROUND($AD64*$AE$10,2)) | AG64: =IF(ISERROR(IF($AF64="","",ROUND(($AF64/$AF$10)*$AG$10,2))),"",IF($AF64="","",ROUND(($AF64/$AF$10)*$AG$10,2))) | AH64: =IF($AG64="","",ROUND($AG64*$AH$10,2)) | AI64: =IF(ISERROR(IF($AF64="","",ROUND(SUM($R64,$AE64,$AH64),2))),"",IF($AF64="","",ROUND(SUM($R64,$AE64,$AH64),2))) | AJ64: =IF(ISERROR(IF($AF64="","",VLOOKUP(AI64,TRANSMUTATION_TABLE,4,TRUE))),"",IF($AF64="","",VLOOKUP(AI64,TRANSMUTATION_TABLE,4,TRUE)))
A65: 3 | B65: ='INPUT DATA'!B65 -> DELA CRUZ, KATHLEEN K. | P65: =IF(COUNT($F65:$O65)=0,"",SUM($F65:$O65)) | Q65: =IF(ISERROR(IF($P65="","",ROUND(($P65/$P$10)*$Q$10,2))),"",IF($P65="","",ROUND(($P65/$P$10)*$Q$10,2))) | R65: =IF($Q65="","",ROUND($Q65*$R$10,2)) | AC65: =IF(COUNT($S65:$AB65)=0,"",SUM($S65:$AB65)) | AD65: =IF(ISERROR(IF($AC65="","",ROUND(($AC65/$AC$10)*$AD$10,2))),"",IF($AC65="","",ROUND(($AC65/$AC$10)*$AD$10,2))) | AE65: =IF($AD65="","",ROUND($AD65*$AE$10,2)) | AG65: =IF(ISERROR(IF($AF65="","",ROUND(($AF65/$AF$10)*$AG$10,2))),"",IF($AF65="","",ROUND(($AF65/$AF$10)*$AG$10,2))) | AH65: =IF($AG65="","",ROUND($AG65*$AH$10,2)) | AI65: =IF(ISERROR(IF($AF65="","",ROUND(SUM($R65,$AE65,$AH65),2))),"",IF($AF65="","",ROUND(SUM($R65,$AE65,$AH65),2))) | AJ65: =IF(ISERROR(IF($AF65="","",VLOOKUP(AI65,TRANSMUTATION_TABLE,4,TRUE))),"",IF($AF65="","",VLOOKUP(AI65,TRANSMUTATION_TABLE,4,TRUE)))
A66: 4 | B66: ='INPUT DATA'!B66 -> DIMACULANGAN, ELLAINE O. | P66: =IF(COUNT($F66:$O66)=0,"",SUM($F66:$O66)) | Q66: =IF(ISERROR(IF($P66="","",ROUND(($P66/$P$10)*$Q$10,2))),"",IF($P66="","",ROUND(($P66/$P$10)*$Q$10,2))) | R66: =IF($Q66="","",ROUND($Q66*$R$10,2)) | AC66: =IF(COUNT($S66:$AB66)=0,"",SUM($S66:$AB66)) | AD66: =IF(ISERROR(IF($AC66="","",ROUND(($AC66/$AC$10)*$AD$10,2))),"",IF($AC66="","",ROUND(($AC66/$AC$10)*$AD$10,2))) | AE66: =IF($AD66="","",ROUND($AD66*$AE$10,2)) | AG66: =IF(ISERROR(IF($AF66="","",ROUND(($AF66/$AF$10)*$AG$10,2))),"",IF($AF66="","",ROUND(($AF66/$AF$10)*$AG$10,2))) | AH66: =IF($AG66="","",ROUND($AG66*$AH$10,2)) | AI66: =IF(ISERROR(IF($AF66="","",ROUND(SUM($R66,$AE66,$AH66),2))),"",IF($AF66="","",ROUND(SUM($R66,$AE66,$AH66),2))) | AJ66: =IF(ISERROR(IF($AF66="","",VLOOKUP(AI66,TRANSMUTATION_TABLE,4,TRUE))),"",IF($AF66="","",VLOOKUP(AI66,TRANSMUTATION_TABLE,4,TRUE)))
A67: 5 | B67: ='INPUT DATA'!B67 -> DIMACULANGAN, TRISHA S. | P67: =IF(COUNT($F67:$O67)=0,"",SUM($F67:$O67)) | Q67: =IF(ISERROR(IF($P67="","",ROUND(($P67/$P$10)*$Q$10,2))),"",IF($P67="","",ROUND(($P67/$P$10)*$Q$10,2))) | R67: =IF($Q67="","",ROUND($Q67*$R$10,2)) | AC67: =IF(COUNT($S67:$AB67)=0,"",SUM($S67:$AB67)) | AD67: =IF(ISERROR(IF($AC67="","",ROUND(($AC67/$AC$10)*$AD$10,2))),"",IF($AC67="","",ROUND(($AC67/$AC$10)*$AD$10,2))) | AE67: =IF($AD67="","",ROUND($AD67*$AE$10,2)) | AG67: =IF(ISERROR(IF($AF67="","",ROUND(($AF67/$AF$10)*$AG$10,2))),"",IF($AF67="","",ROUND(($AF67/$AF$10)*$AG$10,2))) | AH67: =IF($AG67="","",ROUND($AG67*$AH$10,2)) | AI67: =IF(ISERROR(IF($AF67="","",ROUND(SUM($R67,$AE67,$AH67),2))),"",IF($AF67="","",ROUND(SUM($R67,$AE67,$AH67),2))) | AJ67: =IF(ISERROR(IF($AF67="","",VLOOKUP(AI67,TRANSMUTATION_TABLE,4,TRUE))),"",IF($AF67="","",VLOOKUP(AI67,TRANSMUTATION_TABLE,4,TRUE)))
A68: 6 | B68: ='INPUT DATA'!B68 -> FERNANDEZ, JILLIAN V. | P68: =IF(COUNT($F68:$O68)=0,"",SUM($F68:$O68)) | Q68: =IF(ISERROR(IF($P68="","",ROUND(($P68/$P$10)*$Q$10,2))),"",IF($P68="","",ROUND(($P68/$P$10)*$Q$10,2))) | R68: =IF($Q68="","",ROUND($Q68*$R$10,2)) | AC68: =IF(COUNT($S68:$AB68)=0,"",SUM($S68:$AB68)) | AD68: =IF(ISERROR(IF($AC68="","",ROUND(($AC68/$AC$10)*$AD$10,2))),"",IF($AC68="","",ROUND(($AC68/$AC$10)*$AD$10,2))) | AE68: =IF($AD68="","",ROUND($AD68*$AE$10,2)) | AG68: =IF(ISERROR(IF($AF68="","",ROUND(($AF68/$AF$10)*$AG$10,2))),"",IF($AF68="","",ROUND(($AF68/$AF$10)*$AG$10,2))) | AH68: =IF($AG68="","",ROUND($AG68*$AH$10,2)) | AI68: =IF(ISERROR(IF($AF68="","",ROUND(SUM($R68,$AE68,$AH68),2))),"",IF($AF68="","",ROUND(SUM($R68,$AE68,$AH68),2))) | AJ68: =IF(ISERROR(IF($AF68="","",VLOOKUP(AI68,TRANSMUTATION_TABLE,4,TRUE))),"",IF($AF68="","",VLOOKUP(AI68,TRANSMUTATION_TABLE,4,TRUE)))
A69: 7 | B69: ='INPUT DATA'!B69 -> GONZALES, MIKAELA C. | P69: =IF(COUNT($F69:$O69)=0,"",SUM($F69:$O69)) | Q69: =IF(ISERROR(IF($P69="","",ROUND(($P69/$P$10)*$Q$10,2))),"",IF($P69="","",ROUND(($P69/$P$10)*$Q$10,2))) | R69: =IF($Q69="","",ROUND($Q69*$R$10,2)) | AC69: =IF(COUNT($S69:$AB69)=0,"",SUM($S69:$AB69)) | AD69: =IF(ISERROR(IF($AC69="","",ROUND(($AC69/$AC$10)*$AD$10,2))),"",IF($AC69="","",ROUND(($AC69/$AC$10)*$AD$10,2))) | AE69: =IF($AD69="","",ROUND($AD69*$AE$10,2)) | AG69: =IF(ISERROR(IF($AF69="","",ROUND(($AF69/$AF$10)*$AG$10,2))),"",IF($AF69="","",ROUND(($AF69/$AF$10)*$AG$10,2))) | AH69: =IF($AG69="","",ROUND($AG69*$AH$10,2)) | AI69: =IF(ISERROR(IF($AF69="","",ROUND(SUM($R69,$AE69,$AH69),2))),"",IF($AF69="","",ROUND(SUM($R69,$AE69,$AH69),2))) | AJ69: =IF(ISERROR(IF($AF69="","",VLOOKUP(AI69,TRANSMUTATION_TABLE,4,TRUE))),"",IF($AF69="","",VLOOKUP(AI69,TRANSMUTATION_TABLE,4,TRUE)))
A70: 8 | B70: ='INPUT DATA'!B70 -> GUTIERREZ, PATRICIA N. | P70: =IF(COUNT($F70:$O70)=0,"",SUM($F70:$O70)) | Q70: =IF(ISERROR(IF($P70="","",ROUND(($P70/$P$10)*$Q$10,2))),"",IF($P70="","",ROUND(($P70/$P$10)*$Q$10,2))) | R70: =IF($Q70="","",ROUND($Q70*$R$10,2)) | AC70: =IF(COUNT($S70:$AB70)=0,"",SUM($S70:$AB70)) | AD70: =IF(ISERROR(IF($AC70="","",ROUND(($AC70/$AC$10)*$AD$10,2))),"",IF($AC70="","",ROUND(($AC70/$AC$10)*$AD$10,2))) | AE70: =IF($AD70="","",ROUND($AD70*$AE$10,2)) | AG70: =IF(ISERROR(IF($AF70="","",ROUND(($AF70/$AF$10)*$AG$10,2))),"",IF($AF70="","",ROUND(($AF70/$AF$10)*$AG$10,2))) | AH70: =IF($AG70="","",ROUND($AG70*$AH$10,2)) | AI70: =IF(ISERROR(IF($AF70="","",ROUND(SUM($R70,$AE70,$AH70),2))),"",IF($AF70="","",ROUND(SUM($R70,$AE70,$AH70),2))) | AJ70: =IF(ISERROR(IF($AF70="","",VLOOKUP(AI70,TRANSMUTATION_TABLE,4,TRUE))),"",IF($AF70="","",VLOOKUP(AI70,TRANSMUTATION_TABLE,4,TRUE)))
A71: 9 | B71: ='INPUT DATA'!B71 -> IGNACIO, ANGELICA O. | P71: =IF(COUNT($F71:$O71)=0,"",SUM($F71:$O71)) | Q71: =IF(ISERROR(IF($P71="","",ROUND(($P71/$P$10)*$Q$10,2))),"",IF($P71="","",ROUND(($P71/$P$10)*$Q$10,2))) | R71: =IF($Q71="","",ROUND($Q71*$R$10,2)) | AC71: =IF(COUNT($S71:$AB71)=0,"",SUM($S71:$AB71)) | AD71: =IF(ISERROR(IF($AC71="","",ROUND(($AC71/$AC$10)*$AD$10,2))),"",IF($AC71="","",ROUND(($AC71/$AC$10)*$AD$10,2))) | AE71: =IF($AD71="","",ROUND($AD71*$AE$10,2)) | AG71: =IF(ISERROR(IF($AF71="","",ROUND(($AF71/$AF$10)*$AG$10,2))),"",IF($AF71="","",ROUND(($AF71/$AF$10)*$AG$10,2))) | AH71: =IF($AG71="","",ROUND($AG71*$AH$10,2)) | AI71: =IF(ISERROR(IF($AF71="","",ROUND(SUM($R71,$AE71,$AH71),2))),"",IF($AF71="","",ROUND(SUM($R71,$AE71,$AH71),2))) | AJ71: =IF(ISERROR(IF($AF71="","",VLOOKUP(AI71,TRANSMUTATION_TABLE,4,TRUE))),"",IF($AF71="","",VLOOKUP(AI71,TRANSMUTATION_TABLE,4,TRUE)))
A72: 10 | B72: ='INPUT DATA'!B72 -> LACSON, BEA M. | P72: =IF(COUNT($F72:$O72)=0,"",SUM($F72:$O72)) | Q72: =IF(ISERROR(IF($P72="","",ROUND(($P72/$P$10)*$Q$10,2))),"",IF($P72="","",ROUND(($P72/$P$10)*$Q$10,2))) | R72: =IF($Q72="","",ROUND($Q72*$R$10,2)) | AC72: =IF(COUNT($S72:$AB72)=0,"",SUM($S72:$AB72)) | AD72: =IF(ISERROR(IF($AC72="","",ROUND(($AC72/$AC$10)*$AD$10,2))),"",IF($AC72="","",ROUND(($AC72/$AC$10)*$AD$10,2))) | AE72: =IF($AD72="","",ROUND($AD72*$AE$10,2)) | AG72: =IF(ISERROR(IF($AF72="","",ROUND(($AF72/$AF$10)*$AG$10,2))),"",IF($AF72="","",ROUND(($AF72/$AF$10)*$AG$10,2))) | AH72: =IF($AG72="","",ROUND($AG72*$AH$10,2)) | AI72: =IF(ISERROR(IF($AF72="","",ROUND(SUM($R72,$AE72,$AH72),2))),"",IF($AF72="","",ROUND(SUM($R72,$AE72,$AH72),2))) | AJ72: =IF(ISERROR(IF($AF72="","",VLOOKUP(AI72,TRANSMUTATION_TABLE,4,TRUE))),"",IF($AF72="","",VLOOKUP(AI72,TRANSMUTATION_TABLE,4,TRUE)))
A73: 11 | B73: ='INPUT DATA'!B73 -> LACSON, MARIA CLARA K. | P73: =IF(COUNT($F73:$O73)=0,"",SUM($F73:$O73)) | Q73: =IF(ISERROR(IF($P73="","",ROUND(($P73/$P$10)*$Q$10,2))),"",IF($P73="","",ROUND(($P73/$P$10)*$Q$10,2))) | R73: =IF($Q73="","",ROUND($Q73*$R$10,2)) | AC73: =IF(COUNT($S73:$AB73)=0,"",SUM($S73:$AB73)) | AD73: =IF(ISERROR(IF($AC73="","",ROUND(($AC73/$AC$10)*$AD$10,2))),"",IF($AC73="","",ROUND(($AC73/$AC$10)*$AD$10,2))) | AE73: =IF($AD73="","",ROUND($AD73*$AE$10,2)) | AG73: =IF(ISERROR(IF($AF73="","",ROUND(($AF73/$AF$10)*$AG$10,2))),"",IF($AF73="","",ROUND(($AF73/$AF$10)*$AG$10,2))) | AH73: =IF($AG73="","",ROUND($AG73*$AH$10,2)) | AI73: =IF(ISERROR(IF($AF73="","",ROUND(SUM($R73,$AE73,$AH73),2))),"",IF($AF73="","",ROUND(SUM($R73,$AE73,$AH73),2))) | AJ73: =IF(ISERROR(IF($AF73="","",VLOOKUP(AI73,TRANSMUTATION_TABLE,4,TRUE))),"",IF($AF73="","",VLOOKUP(AI73,TRANSMUTATION_TABLE,4,TRUE)))
A74: 12 | B74: ='INPUT DATA'!B74 -> LACSON, SHAIRA N. | P74: =IF(COUNT($F74:$O74)=0,"",SUM($F74:$O74)) | Q74: =IF(ISERROR(IF($P74="","",ROUND(($P74/$P$10)*$Q$10,2))),"",IF($P74="","",ROUND(($P74/$P$10)*$Q$10,2))) | R74: =IF($Q74="","",ROUND($Q74*$R$10,2)) | AC74: =IF(COUNT($S74:$AB74)=0,"",SUM($S74:$AB74)) | AD74: =IF(ISERROR(IF($AC74="","",ROUND(($AC74/$AC$10)*$AD$10,2))),"",IF($AC74="","",ROUND(($AC74/$AC$10)*$AD$10,2))) | AE74: =IF($AD74="","",ROUND($AD74*$AE$10,2)) | AG74: =IF(ISERROR(IF($AF74="","",ROUND(($AF74/$AF$10)*$AG$10,2))),"",IF($AF74="","",ROUND(($AF74/$AF$10)*$AG$10,2))) | AH74: =IF($AG74="","",ROUND($AG74*$AH$10,2)) | AI74: =IF(ISERROR(IF($AF74="","",ROUND(SUM($R74,$AE74,$AH74),2))),"",IF($AF74="","",ROUND(SUM($R74,$AE74,$AH74),2))) | AJ74: =IF(ISERROR(IF($AF74="","",VLOOKUP(AI74,TRANSMUTATION_TABLE,4,TRUE))),"",IF($AF74="","",VLOOKUP(AI74,TRANSMUTATION_TABLE,4,TRUE)))
... A112: 50 | B112: ='INPUT DATA'!B112 -> 0 | P112: =IF(COUNT($F112:$O112)=0,"",SUM($F112:$O112)) | Q112: =IF(ISERROR(IF($P112="","",ROUND(($P112/$P$10)*$Q$10,2))),"",IF($P112="","",ROUND(($P112/$P$10)*$Q$10,2))) | R112: =IF($Q112="","",ROUND($Q112*$R$10,2)) | AC112: =IF(COUNT($S112:$AB112)=0,"",SUM($S112:$AB112)) | AD112: =IF(ISERROR(IF($AC112="","",ROUND(($AC112/$AC$10)*$AD$10,2))),"",IF($AC112="","",ROUND(($AC112/$AC$10)*$AD$10,2))) | AE112: =IF($AD112="","",ROUND($AD112*$AE$10,2)) | AG112: =IF(ISERROR(IF($AF112="","",ROUND(($AF112/$AF$10)*$AG$10,2))),"",IF($AF112="","",ROUND(($AF112/$AF$10)*$AG$10,2))) | AH112: =IF($AG112="","",ROUND($AG112*$AH$10,2)) | AI112: =IF(ISERROR(IF($AF112="","",ROUND(SUM($R112,$AE112,$AH112),2))),"",IF($AF112="","",ROUND(SUM($R112,$AE112,$AH112),2))) | AJ112: =IF(ISERROR(IF($AF112="","",VLOOKUP(AI112,TRANSMUTATION_TABLE,4,TRUE))),"",IF($AF112="","",VLOOKUP(AI112,TRANSMUTATION_TABLE,4,TRUE)))

Sheet MATH_Q4
A1: Class Record
A3: (Pursuant to Deped Order 8 series of 2015)
C4: REGION | G4: ='INPUT DATA'!G4 -> 0 | L4: DIVISION | O4: ='INPUT DATA'!O4 -> 0
B5: SCHOOL NAME | G5: ='INPUT DATA'!G5 -> ARMS DEMO NATIONAL HIGH SCHOOL | T5: SCHOOL ID | AD5: SCHOOL YEAR | AG5: ='INPUT DATA'!AG5 -> 2026-2027
A7: FOURTH QUARTER | F7: GRADE & SECTION: | K7: ='INPUT DATA'!K7 -> GRADE 7 - ILANG-ILANG | Q7: TEACHER: | S7: ='INPUT DATA'!S7 -> MARIA SANTOS | AC7: SUBJECT: | AG7: ='INPUT DATA'!AG7 -> MATHEMATICS
B8: LEARNERS' NAMES | F8: WRITTEN WORKS (40%) | S8: PERFORMANCE TASKS (40%) | AF8: QUARTERLY ASSESSMENT (20%) | AI8: Initial | AJ8: Quarterly
F9: 1 | G9: 2 | H9: 3 | I9: 4 | J9: 5 | K9: 6 | L9: 7 | M9: 8 | N9: 9 | O9: 10 | P9: Total | Q9: PS | R9: WS | S9: 1 | T9: 2 | U9: 3 | V9: 4 | W9: 5 | X9: 6 | Y9: 7 | Z9: 8 | AA9: 9 | AB9: 10 | AC9: Total | AD9: PS | AE9: WS | AF9: 1 | AG9: PS | AH9: WS | AI9: Grade | AJ9: Grade
B10: HIGHEST POSSIBLE SCORE | P10: =IF(COUNT($F10:$O10)=0,"",SUM($F10:$O10)) | Q10: 100 | R10: 0.4 | AC10: =IF(COUNT($S10:$AB10)=0,"",SUM($S10:$AB10)) | AD10: 100 | AE10: 0.4 | AG10: 100 | AH10: 0.2
B11: MALE
A12: 1 | B12: ='INPUT DATA'!B12 -> BAUTISTA, KYLE Z. | P12: =IF(COUNT($F12:$O12)=0,"",SUM($F12:$O12)) | Q12: =IF(ISERROR(IF($P12="","",ROUND(($P12/$P$10)*$Q$10,2))),"",IF($P12="","",ROUND(($P12/$P$10)*$Q$10,2))) | R12: =IF($Q12="","",ROUND($Q12*$R$10,2)) | AC12: =IF(COUNT($S12:$AB12)=0,"",SUM($S12:$AB12)) | AD12: =IF(ISERROR(IF($AC12="","",ROUND(($AC12/$AC$10)*$AD$10,2))),"",IF($AC12="","",ROUND(($AC12/$AC$10)*$AD$10,2))) | AE12: =IF($AD12="","",ROUND($AD12*$AE$10,2)) | AG12: =IF(ISERROR(IF($AF12="","",ROUND(($AF12/$AF$10)*$AG$10,2))),"",IF($AF12="","",ROUND(($AF12/$AF$10)*$AG$10,2))) | AH12: =IF($AG12="","",ROUND($AG12*$AH$10,2)) | AI12: =IF(ISERROR(IF($AF12="","",ROUND(SUM($R12,$AE12,$AH12),2))),"",IF($AF12="","",ROUND(SUM($R12,$AE12,$AH12),2))) | AJ12: =IF(ISERROR(IF($AF12="","",VLOOKUP(AI12,TRANSMUTATION_TABLE,4,TRUE))),"",IF($AF12="","",VLOOKUP(AI12,TRANSMUTATION_TABLE,4,TRUE)))
A13: 2 | B13: ='INPUT DATA'!B13 -> FLORES, JEROME C. | P13: =IF(COUNT($F13:$O13)=0,"",SUM($F13:$O13)) | Q13: =IF(ISERROR(IF($P13="","",ROUND(($P13/$P$10)*$Q$10,2))),"",IF($P13="","",ROUND(($P13/$P$10)*$Q$10,2))) | R13: =IF($Q13="","",ROUND($Q13*$R$10,2)) | AC13: =IF(COUNT($S13:$AB13)=0,"",SUM($S13:$AB13)) | AD13: =IF(ISERROR(IF($AC13="","",ROUND(($AC13/$AC$10)*$AD$10,2))),"",IF($AC13="","",ROUND(($AC13/$AC$10)*$AD$10,2))) | AE13: =IF($AD13="","",ROUND($AD13*$AE$10,2)) | AG13: =IF(ISERROR(IF($AF13="","",ROUND(($AF13/$AF$10)*$AG$10,2))),"",IF($AF13="","",ROUND(($AF13/$AF$10)*$AG$10,2))) | AH13: =IF($AG13="","",ROUND($AG13*$AH$10,2)) | AI13: =IF(ISERROR(IF($AF13="","",ROUND(SUM($R13,$AE13,$AH13),2))),"",IF($AF13="","",ROUND(SUM($R13,$AE13,$AH13),2))) | AJ13: =IF(ISERROR(IF($AF13="","",VLOOKUP(AI13,TRANSMUTATION_TABLE,4,TRUE))),"",IF($AF13="","",VLOOKUP(AI13,TRANSMUTATION_TABLE,4,TRUE)))
A14: 3 | B14: ='INPUT DATA'!B14 -> GONZALES, FRANCIS L. | P14: =IF(COUNT($F14:$O14)=0,"",SUM($F14:$O14)) | Q14: =IF(ISERROR(IF($P14="","",ROUND(($P14/$P$10)*$Q$10,2))),"",IF($P14="","",ROUND(($P14/$P$10)*$Q$10,2))) | R14: =IF($Q14="","",ROUND($Q14*$R$10,2)) | AC14: =IF(COUNT($S14:$AB14)=0,"",SUM($S14:$AB14)) | AD14: =IF(ISERROR(IF($AC14="","",ROUND(($AC14/$AC$10)*$AD$10,2))),"",IF($AC14="","",ROUND(($AC14/$AC$10)*$AD$10,2))) | AE14: =IF($AD14="","",ROUND($AD14*$AE$10,2)) | AG14: =IF(ISERROR(IF($AF14="","",ROUND(($AF14/$AF$10)*$AG$10,2))),"",IF($AF14="","",ROUND(($AF14/$AF$10)*$AG$10,2))) | AH14: =IF($AG14="","",ROUND($AG14*$AH$10,2)) | AI14: =IF(ISERROR(IF($AF14="","",ROUND(SUM($R14,$AE14,$AH14),2))),"",IF($AF14="","",ROUND(SUM($R14,$AE14,$AH14),2))) | AJ14: =IF(ISERROR(IF($AF14="","",VLOOKUP(AI14,TRANSMUTATION_TABLE,4,TRUE))),"",IF($AF14="","",VLOOKUP(AI14,TRANSMUTATION_TABLE,4,TRUE)))
A15: 4 | B15: ='INPUT DATA'!B15 -> IGNACIO, CHRISTIAN D. | P15: =IF(COUNT($F15:$O15)=0,"",SUM($F15:$O15)) | Q15: =IF(ISERROR(IF($P15="","",ROUND(($P15/$P$10)*$Q$10,2))),"",IF($P15="","",ROUND(($P15/$P$10)*$Q$10,2))) | R15: =IF($Q15="","",ROUND($Q15*$R$10,2)) | AC15: =IF(COUNT($S15:$AB15)=0,"",SUM($S15:$AB15)) | AD15: =IF(ISERROR(IF($AC15="","",ROUND(($AC15/$AC$10)*$AD$10,2))),"",IF($AC15="","",ROUND(($AC15/$AC$10)*$AD$10,2))) | AE15: =IF($AD15="","",ROUND($AD15*$AE$10,2)) | AG15: =IF(ISERROR(IF($AF15="","",ROUND(($AF15/$AF$10)*$AG$10,2))),"",IF($AF15="","",ROUND(($AF15/$AF$10)*$AG$10,2))) | AH15: =IF($AG15="","",ROUND($AG15*$AH$10,2)) | AI15: =IF(ISERROR(IF($AF15="","",ROUND(SUM($R15,$AE15,$AH15),2))),"",IF($AF15="","",ROUND(SUM($R15,$AE15,$AH15),2))) | AJ15: =IF(ISERROR(IF($AF15="","",VLOOKUP(AI15,TRANSMUTATION_TABLE,4,TRUE))),"",IF($AF15="","",VLOOKUP(AI15,TRANSMUTATION_TABLE,4,TRUE)))
A16: 5 | B16: ='INPUT DATA'!B16 -> LUMAPAS, JERICHO T. | P16: =IF(COUNT($F16:$O16)=0,"",SUM($F16:$O16)) | Q16: =IF(ISERROR(IF($P16="","",ROUND(($P16/$P$10)*$Q$10,2))),"",IF($P16="","",ROUND(($P16/$P$10)*$Q$10,2))) | R16: =IF($Q16="","",ROUND($Q16*$R$10,2)) | AC16: =IF(COUNT($S16:$AB16)=0,"",SUM($S16:$AB16)) | AD16: =IF(ISERROR(IF($AC16="","",ROUND(($AC16/$AC$10)*$AD$10,2))),"",IF($AC16="","",ROUND(($AC16/$AC$10)*$AD$10,2))) | AE16: =IF($AD16="","",ROUND($AD16*$AE$10,2)) | AG16: =IF(ISERROR(IF($AF16="","",ROUND(($AF16/$AF$10)*$AG$10,2))),"",IF($AF16="","",ROUND(($AF16/$AF$10)*$AG$10,2))) | AH16: =IF($AG16="","",ROUND($AG16*$AH$10,2)) | AI16: =IF(ISERROR(IF($AF16="","",ROUND(SUM($R16,$AE16,$AH16),2))),"",IF($AF16="","",ROUND(SUM($R16,$AE16,$AH16),2))) | AJ16: =IF(ISERROR(IF($AF16="","",VLOOKUP(AI16,TRANSMUTATION_TABLE,4,TRUE))),"",IF($AF16="","",VLOOKUP(AI16,TRANSMUTATION_TABLE,4,TRUE)))
A17: 6 | B17: ='INPUT DATA'!B17 -> MENDOZA, EMMANUEL R. | P17: =IF(COUNT($F17:$O17)=0,"",SUM($F17:$O17)) | Q17: =IF(ISERROR(IF($P17="","",ROUND(($P17/$P$10)*$Q$10,2))),"",IF($P17="","",ROUND(($P17/$P$10)*$Q$10,2))) | R17: =IF($Q17="","",ROUND($Q17*$R$10,2)) | AC17: =IF(COUNT($S17:$AB17)=0,"",SUM($S17:$AB17)) | AD17: =IF(ISERROR(IF($AC17="","",ROUND(($AC17/$AC$10)*$AD$10,2))),"",IF($AC17="","",ROUND(($AC17/$AC$10)*$AD$10,2))) | AE17: =IF($AD17="","",ROUND($AD17*$AE$10,2)) | AG17: =IF(ISERROR(IF($AF17="","",ROUND(($AF17/$AF$10)*$AG$10,2))),"",IF($AF17="","",ROUND(($AF17/$AF$10)*$AG$10,2))) | AH17: =IF($AG17="","",ROUND($AG17*$AH$10,2)) | AI17: =IF(ISERROR(IF($AF17="","",ROUND(SUM($R17,$AE17,$AH17),2))),"",IF($AF17="","",ROUND(SUM($R17,$AE17,$AH17),2))) | AJ17: =IF(ISERROR(IF($AF17="","",VLOOKUP(AI17,TRANSMUTATION_TABLE,4,TRUE))),"",IF($AF17="","",VLOOKUP(AI17,TRANSMUTATION_TABLE,4,TRUE)))
A18: 7 | B18: ='INPUT DATA'!B18 -> MENDOZA, JUAN MIGUEL O. | P18: =IF(COUNT($F18:$O18)=0,"",SUM($F18:$O18)) | Q18: =IF(ISERROR(IF($P18="","",ROUND(($P18/$P$10)*$Q$10,2))),"",IF($P18="","",ROUND(($P18/$P$10)*$Q$10,2))) | R18: =IF($Q18="","",ROUND($Q18*$R$10,2)) | AC18: =IF(COUNT($S18:$AB18)=0,"",SUM($S18:$AB18)) | AD18: =IF(ISERROR(IF($AC18="","",ROUND(($AC18/$AC$10)*$AD$10,2))),"",IF($AC18="","",ROUND(($AC18/$AC$10)*$AD$10,2))) | AE18: =IF($AD18="","",ROUND($AD18*$AE$10,2)) | AG18: =IF(ISERROR(IF($AF18="","",ROUND(($AF18/$AF$10)*$AG$10,2))),"",IF($AF18="","",ROUND(($AF18/$AF$10)*$AG$10,2))) | AH18: =IF($AG18="","",ROUND($AG18*$AH$10,2)) | AI18: =IF(ISERROR(IF($AF18="","",ROUND(SUM($R18,$AE18,$AH18),2))),"",IF($AF18="","",ROUND(SUM($R18,$AE18,$AH18),2))) | AJ18: =IF(ISERROR(IF($AF18="","",VLOOKUP(AI18,TRANSMUTATION_TABLE,4,TRUE))),"",IF($AF18="","",VLOOKUP(AI18,TRANSMUTATION_TABLE,4,TRUE)))
A19: 8 | B19: ='INPUT DATA'!B19 -> MORALES, KYLE P. | D19: 0 | P19: =IF(COUNT($F19:$O19)=0,"",SUM($F19:$O19)) | Q19: =IF(ISERROR(IF($P19="","",ROUND(($P19/$P$10)*$Q$10,2))),"",IF($P19="","",ROUND(($P19/$P$10)*$Q$10,2))) | R19: =IF($Q19="","",ROUND($Q19*$R$10,2)) | AC19: =IF(COUNT($S19:$AB19)=0,"",SUM($S19:$AB19)) | AD19: =IF(ISERROR(IF($AC19="","",ROUND(($AC19/$AC$10)*$AD$10,2))),"",IF($AC19="","",ROUND(($AC19/$AC$10)*$AD$10,2))) | AE19: =IF($AD19="","",ROUND($AD19*$AE$10,2)) | AG19: =IF(ISERROR(IF($AF19="","",ROUND(($AF19/$AF$10)*$AG$10,2))),"",IF($AF19="","",ROUND(($AF19/$AF$10)*$AG$10,2))) | AH19: =IF($AG19="","",ROUND($AG19*$AH$10,2)) | AI19: =IF(ISERROR(IF($AF19="","",ROUND(SUM($R19,$AE19,$AH19),2))),"",IF($AF19="","",ROUND(SUM($R19,$AE19,$AH19),2))) | AJ19: =IF(ISERROR(IF($AF19="","",VLOOKUP(AI19,TRANSMUTATION_TABLE,4,TRUE))),"",IF($AF19="","",VLOOKUP(AI19,TRANSMUTATION_TABLE,4,TRUE)))
A20: 9 | B20: ='INPUT DATA'!B20 -> NAVARRO, MARK ANTHONY T. | P20: =IF(COUNT($F20:$O20)=0,"",SUM($F20:$O20)) | Q20: =IF(ISERROR(IF($P20="","",ROUND(($P20/$P$10)*$Q$10,2))),"",IF($P20="","",ROUND(($P20/$P$10)*$Q$10,2))) | R20: =IF($Q20="","",ROUND($Q20*$R$10,2)) | AC20: =IF(COUNT($S20:$AB20)=0,"",SUM($S20:$AB20)) | AD20: =IF(ISERROR(IF($AC20="","",ROUND(($AC20/$AC$10)*$AD$10,2))),"",IF($AC20="","",ROUND(($AC20/$AC$10)*$AD$10,2))) | AE20: =IF($AD20="","",ROUND($AD20*$AE$10,2)) | AG20: =IF(ISERROR(IF($AF20="","",ROUND(($AF20/$AF$10)*$AG$10,2))),"",IF($AF20="","",ROUND(($AF20/$AF$10)*$AG$10,2))) | AH20: =IF($AG20="","",ROUND($AG20*$AH$10,2)) | AI20: =IF(ISERROR(IF($AF20="","",ROUND(SUM($R20,$AE20,$AH20),2))),"",IF($AF20="","",ROUND(SUM($R20,$AE20,$AH20),2))) | AJ20: =IF(ISERROR(IF($AF20="","",VLOOKUP(AI20,TRANSMUTATION_TABLE,4,TRUE))),"",IF($AF20="","",VLOOKUP(AI20,TRANSMUTATION_TABLE,4,TRUE)))
A21: 10 | B21: ='INPUT DATA'!B21 -> OCAMPO JR., CHRISTIAN U. | P21: =IF(COUNT($F21:$O21)=0,"",SUM($F21:$O21)) | Q21: =IF(ISERROR(IF($P21="","",ROUND(($P21/$P$10)*$Q$10,2))),"",IF($P21="","",ROUND(($P21/$P$10)*$Q$10,2))) | R21: =IF($Q21="","",ROUND($Q21*$R$10,2)) | AC21: =IF(COUNT($S21:$AB21)=0,"",SUM($S21:$AB21)) | AD21: =IF(ISERROR(IF($AC21="","",ROUND(($AC21/$AC$10)*$AD$10,2))),"",IF($AC21="","",ROUND(($AC21/$AC$10)*$AD$10,2))) | AE21: =IF($AD21="","",ROUND($AD21*$AE$10,2)) | AG21: =IF(ISERROR(IF($AF21="","",ROUND(($AF21/$AF$10)*$AG$10,2))),"",IF($AF21="","",ROUND(($AF21/$AF$10)*$AG$10,2))) | AH21: =IF($AG21="","",ROUND($AG21*$AH$10,2)) | AI21: =IF(ISERROR(IF($AF21="","",ROUND(SUM($R21,$AE21,$AH21),2))),"",IF($AF21="","",ROUND(SUM($R21,$AE21,$AH21),2))) | AJ21: =IF(ISERROR(IF($AF21="","",VLOOKUP(AI21,TRANSMUTATION_TABLE,4,TRUE))),"",IF($AF21="","",VLOOKUP(AI21,TRANSMUTATION_TABLE,4,TRUE)))
A22: 11 | B22: ='INPUT DATA'!B22 -> PANGANIBAN, DOMINIC C. | D22: 0 | P22: =IF(COUNT($F22:$O22)=0,"",SUM($F22:$O22)) | Q22: =IF(ISERROR(IF($P22="","",ROUND(($P22/$P$10)*$Q$10,2))),"",IF($P22="","",ROUND(($P22/$P$10)*$Q$10,2))) | R22: =IF($Q22="","",ROUND($Q22*$R$10,2)) | AC22: =IF(COUNT($S22:$AB22)=0,"",SUM($S22:$AB22)) | AD22: =IF(ISERROR(IF($AC22="","",ROUND(($AC22/$AC$10)*$AD$10,2))),"",IF($AC22="","",ROUND(($AC22/$AC$10)*$AD$10,2))) | AE22: =IF($AD22="","",ROUND($AD22*$AE$10,2)) | AG22: =IF(ISERROR(IF($AF22="","",ROUND(($AF22/$AF$10)*$AG$10,2))),"",IF($AF22="","",ROUND(($AF22/$AF$10)*$AG$10,2))) | AH22: =IF($AG22="","",ROUND($AG22*$AH$10,2)) | AI22: =IF(ISERROR(IF($AF22="","",ROUND(SUM($R22,$AE22,$AH22),2))),"",IF($AF22="","",ROUND(SUM($R22,$AE22,$AH22),2))) | AJ22: =IF(ISERROR(IF($AF22="","",VLOOKUP(AI22,TRANSMUTATION_TABLE,4,TRUE))),"",IF($AF22="","",VLOOKUP(AI22,TRANSMUTATION_TABLE,4,TRUE)))
A23: 12 | B23: ='INPUT DATA'!B23 -> RAMOS, FRANCIS H. | P23: =IF(COUNT($F23:$O23)=0,"",SUM($F23:$O23)) | Q23: =IF(ISERROR(IF($P23="","",ROUND(($P23/$P$10)*$Q$10,2))),"",IF($P23="","",ROUND(($P23/$P$10)*$Q$10,2))) | R23: =IF($Q23="","",ROUND($Q23*$R$10,2)) | AC23: =IF(COUNT($S23:$AB23)=0,"",SUM($S23:$AB23)) | AD23: =IF(ISERROR(IF($AC23="","",ROUND(($AC23/$AC$10)*$AD$10,2))),"",IF($AC23="","",ROUND(($AC23/$AC$10)*$AD$10,2))) | AE23: =IF($AD23="","",ROUND($AD23*$AE$10,2)) | AG23: =IF(ISERROR(IF($AF23="","",ROUND(($AF23/$AF$10)*$AG$10,2))),"",IF($AF23="","",ROUND(($AF23/$AF$10)*$AG$10,2))) | AH23: =IF($AG23="","",ROUND($AG23*$AH$10,2)) | AI23: =IF(ISERROR(IF($AF23="","",ROUND(SUM($R23,$AE23,$AH23),2))),"",IF($AF23="","",ROUND(SUM($R23,$AE23,$AH23),2))) | AJ23: =IF(ISERROR(IF($AF23="","",VLOOKUP(AI23,TRANSMUTATION_TABLE,4,TRUE))),"",IF($AF23="","",VLOOKUP(AI23,TRANSMUTATION_TABLE,4,TRUE)))
A24: 13 | B24: ='INPUT DATA'!B24 -> RAMOS JR., KYLE R. | P24: =IF(COUNT($F24:$O24)=0,"",SUM($F24:$O24)) | Q24: =IF(ISERROR(IF($P24="","",ROUND(($P24/$P$10)*$Q$10,2))),"",IF($P24="","",ROUND(($P24/$P$10)*$Q$10,2))) | R24: =IF($Q24="","",ROUND($Q24*$R$10,2)) | AC24: =IF(COUNT($S24:$AB24)=0,"",SUM($S24:$AB24)) | AD24: =IF(ISERROR(IF($AC24="","",ROUND(($AC24/$AC$10)*$AD$10,2))),"",IF($AC24="","",ROUND(($AC24/$AC$10)*$AD$10,2))) | AE24: =IF($AD24="","",ROUND($AD24*$AE$10,2)) | AG24: =IF(ISERROR(IF($AF24="","",ROUND(($AF24/$AF$10)*$AG$10,2))),"",IF($AF24="","",ROUND(($AF24/$AF$10)*$AG$10,2))) | AH24: =IF($AG24="","",ROUND($AG24*$AH$10,2)) | AI24: =IF(ISERROR(IF($AF24="","",ROUND(SUM($R24,$AE24,$AH24),2))),"",IF($AF24="","",ROUND(SUM($R24,$AE24,$AH24),2))) | AJ24: =IF(ISERROR(IF($AF24="","",VLOOKUP(AI24,TRANSMUTATION_TABLE,4,TRUE))),"",IF($AF24="","",VLOOKUP(AI24,TRANSMUTATION_TABLE,4,TRUE)))
A25: 14 | B25: ='INPUT DATA'!B25 -> SANTOS, KYLE A. | P25: =IF(COUNT($F25:$O25)=0,"",SUM($F25:$O25)) | Q25: =IF(ISERROR(IF($P25="","",ROUND(($P25/$P$10)*$Q$10,2))),"",IF($P25="","",ROUND(($P25/$P$10)*$Q$10,2))) | R25: =IF($Q25="","",ROUND($Q25*$R$10,2)) | AC25: =IF(COUNT($S25:$AB25)=0,"",SUM($S25:$AB25)) | AD25: =IF(ISERROR(IF($AC25="","",ROUND(($AC25/$AC$10)*$AD$10,2))),"",IF($AC25="","",ROUND(($AC25/$AC$10)*$AD$10,2))) | AE25: =IF($AD25="","",ROUND($AD25*$AE$10,2)) | AG25: =IF(ISERROR(IF($AF25="","",ROUND(($AF25/$AF$10)*$AG$10,2))),"",IF($AF25="","",ROUND(($AF25/$AF$10)*$AG$10,2))) | AH25: =IF($AG25="","",ROUND($AG25*$AH$10,2)) | AI25: =IF(ISERROR(IF($AF25="","",ROUND(SUM($R25,$AE25,$AH25),2))),"",IF($AF25="","",ROUND(SUM($R25,$AE25,$AH25),2))) | AJ25: =IF(ISERROR(IF($AF25="","",VLOOKUP(AI25,TRANSMUTATION_TABLE,4,TRUE))),"",IF($AF25="","",VLOOKUP(AI25,TRANSMUTATION_TABLE,4,TRUE)))
A26: 15 | B26: ='INPUT DATA'!B26 -> TOLENTINO, CARLO O. | P26: =IF(COUNT($F26:$O26)=0,"",SUM($F26:$O26)) | Q26: =IF(ISERROR(IF($P26="","",ROUND(($P26/$P$10)*$Q$10,2))),"",IF($P26="","",ROUND(($P26/$P$10)*$Q$10,2))) | R26: =IF($Q26="","",ROUND($Q26*$R$10,2)) | AC26: =IF(COUNT($S26:$AB26)=0,"",SUM($S26:$AB26)) | AD26: =IF(ISERROR(IF($AC26="","",ROUND(($AC26/$AC$10)*$AD$10,2))),"",IF($AC26="","",ROUND(($AC26/$AC$10)*$AD$10,2))) | AE26: =IF($AD26="","",ROUND($AD26*$AE$10,2)) | AG26: =IF(ISERROR(IF($AF26="","",ROUND(($AF26/$AF$10)*$AG$10,2))),"",IF($AF26="","",ROUND(($AF26/$AF$10)*$AG$10,2))) | AH26: =IF($AG26="","",ROUND($AG26*$AH$10,2)) | AI26: =IF(ISERROR(IF($AF26="","",ROUND(SUM($R26,$AE26,$AH26),2))),"",IF($AF26="","",ROUND(SUM($R26,$AE26,$AH26),2))) | AJ26: =IF(ISERROR(IF($AF26="","",VLOOKUP(AI26,TRANSMUTATION_TABLE,4,TRUE))),"",IF($AF26="","",VLOOKUP(AI26,TRANSMUTATION_TABLE,4,TRUE)))
A27: 16 | B27: ='INPUT DATA'!B27 -> TOLENTINO, JEROME H. | P27: =IF(COUNT($F27:$O27)=0,"",SUM($F27:$O27)) | Q27: =IF(ISERROR(IF($P27="","",ROUND(($P27/$P$10)*$Q$10,2))),"",IF($P27="","",ROUND(($P27/$P$10)*$Q$10,2))) | R27: =IF($Q27="","",ROUND($Q27*$R$10,2)) | AC27: =IF(COUNT($S27:$AB27)=0,"",SUM($S27:$AB27)) | AD27: =IF(ISERROR(IF($AC27="","",ROUND(($AC27/$AC$10)*$AD$10,2))),"",IF($AC27="","",ROUND(($AC27/$AC$10)*$AD$10,2))) | AE27: =IF($AD27="","",ROUND($AD27*$AE$10,2)) | AG27: =IF(ISERROR(IF($AF27="","",ROUND(($AF27/$AF$10)*$AG$10,2))),"",IF($AF27="","",ROUND(($AF27/$AF$10)*$AG$10,2))) | AH27: =IF($AG27="","",ROUND($AG27*$AH$10,2)) | AI27: =IF(ISERROR(IF($AF27="","",ROUND(SUM($R27,$AE27,$AH27),2))),"",IF($AF27="","",ROUND(SUM($R27,$AE27,$AH27),2))) | AJ27: =IF(ISERROR(IF($AF27="","",VLOOKUP(AI27,TRANSMUTATION_TABLE,4,TRUE))),"",IF($AF27="","",VLOOKUP(AI27,TRANSMUTATION_TABLE,4,TRUE)))
A28: 17 | B28: ='INPUT DATA'!B28 -> TORRES, EMMANUEL A. | P28: =IF(COUNT($F28:$O28)=0,"",SUM($F28:$O28)) | Q28: =IF(ISERROR(IF($P28="","",ROUND(($P28/$P$10)*$Q$10,2))),"",IF($P28="","",ROUND(($P28/$P$10)*$Q$10,2))) | R28: =IF($Q28="","",ROUND($Q28*$R$10,2)) | AC28: =IF(COUNT($S28:$AB28)=0,"",SUM($S28:$AB28)) | AD28: =IF(ISERROR(IF($AC28="","",ROUND(($AC28/$AC$10)*$AD$10,2))),"",IF($AC28="","",ROUND(($AC28/$AC$10)*$AD$10,2))) | AE28: =IF($AD28="","",ROUND($AD28*$AE$10,2)) | AG28: =IF(ISERROR(IF($AF28="","",ROUND(($AF28/$AF$10)*$AG$10,2))),"",IF($AF28="","",ROUND(($AF28/$AF$10)*$AG$10,2))) | AH28: =IF($AG28="","",ROUND($AG28*$AH$10,2)) | AI28: =IF(ISERROR(IF($AF28="","",ROUND(SUM($R28,$AE28,$AH28),2))),"",IF($AF28="","",ROUND(SUM($R28,$AE28,$AH28),2))) | AJ28: =IF(ISERROR(IF($AF28="","",VLOOKUP(AI28,TRANSMUTATION_TABLE,4,TRUE))),"",IF($AF28="","",VLOOKUP(AI28,TRANSMUTATION_TABLE,4,TRUE)))
A29: 18 | B29: ='INPUT DATA'!B29 -> VILLANUEVA, BENEDICT Q. | P29: =IF(COUNT($F29:$O29)=0,"",SUM($F29:$O29)) | Q29: =IF(ISERROR(IF($P29="","",ROUND(($P29/$P$10)*$Q$10,2))),"",IF($P29="","",ROUND(($P29/$P$10)*$Q$10,2))) | R29: =IF($Q29="","",ROUND($Q29*$R$10,2)) | AC29: =IF(COUNT($S29:$AB29)=0,"",SUM($S29:$AB29)) | AD29: =IF(ISERROR(IF($AC29="","",ROUND(($AC29/$AC$10)*$AD$10,2))),"",IF($AC29="","",ROUND(($AC29/$AC$10)*$AD$10,2))) | AE29: =IF($AD29="","",ROUND($AD29*$AE$10,2)) | AG29: =IF(ISERROR(IF($AF29="","",ROUND(($AF29/$AF$10)*$AG$10,2))),"",IF($AF29="","",ROUND(($AF29/$AF$10)*$AG$10,2))) | AH29: =IF($AG29="","",ROUND($AG29*$AH$10,2)) | AI29: =IF(ISERROR(IF($AF29="","",ROUND(SUM($R29,$AE29,$AH29),2))),"",IF($AF29="","",ROUND(SUM($R29,$AE29,$AH29),2))) | AJ29: =IF(ISERROR(IF($AF29="","",VLOOKUP(AI29,TRANSMUTATION_TABLE,4,TRUE))),"",IF($AF29="","",VLOOKUP(AI29,TRANSMUTATION_TABLE,4,TRUE)))
A30: 19 | B30: ='INPUT DATA'!B30 -> VILLANUEVA, NATHANIEL P. | P30: =IF(COUNT($F30:$O30)=0,"",SUM($F30:$O30)) | Q30: =IF(ISERROR(IF($P30="","",ROUND(($P30/$P$10)*$Q$10,2))),"",IF($P30="","",ROUND(($P30/$P$10)*$Q$10,2))) | R30: =IF($Q30="","",ROUND($Q30*$R$10,2)) | AC30: =IF(COUNT($S30:$AB30)=0,"",SUM($S30:$AB30)) | AD30: =IF(ISERROR(IF($AC30="","",ROUND(($AC30/$AC$10)*$AD$10,2))),"",IF($AC30="","",ROUND(($AC30/$AC$10)*$AD$10,2))) | AE30: =IF($AD30="","",ROUND($AD30*$AE$10,2)) | AG30: =IF(ISERROR(IF($AF30="","",ROUND(($AF30/$AF$10)*$AG$10,2))),"",IF($AF30="","",ROUND(($AF30/$AF$10)*$AG$10,2))) | AH30: =IF($AG30="","",ROUND($AG30*$AH$10,2)) | AI30: =IF(ISERROR(IF($AF30="","",ROUND(SUM($R30,$AE30,$AH30),2))),"",IF($AF30="","",ROUND(SUM($R30,$AE30,$AH30),2))) | AJ30: =IF(ISERROR(IF($AF30="","",VLOOKUP(AI30,TRANSMUTATION_TABLE,4,TRUE))),"",IF($AF30="","",VLOOKUP(AI30,TRANSMUTATION_TABLE,4,TRUE)))
A31: 20 | B31: ='INPUT DATA'!B31 -> YBANEZ, JOSHUA V. | P31: =IF(COUNT($F31:$O31)=0,"",SUM($F31:$O31)) | Q31: =IF(ISERROR(IF($P31="","",ROUND(($P31/$P$10)*$Q$10,2))),"",IF($P31="","",ROUND(($P31/$P$10)*$Q$10,2))) | R31: =IF($Q31="","",ROUND($Q31*$R$10,2)) | AC31: =IF(COUNT($S31:$AB31)=0,"",SUM($S31:$AB31)) | AD31: =IF(ISERROR(IF($AC31="","",ROUND(($AC31/$AC$10)*$AD$10,2))),"",IF($AC31="","",ROUND(($AC31/$AC$10)*$AD$10,2))) | AE31: =IF($AD31="","",ROUND($AD31*$AE$10,2)) | AG31: =IF(ISERROR(IF($AF31="","",ROUND(($AF31/$AF$10)*$AG$10,2))),"",IF($AF31="","",ROUND(($AF31/$AF$10)*$AG$10,2))) | AH31: =IF($AG31="","",ROUND($AG31*$AH$10,2)) | AI31: =IF(ISERROR(IF($AF31="","",ROUND(SUM($R31,$AE31,$AH31),2))),"",IF($AF31="","",ROUND(SUM($R31,$AE31,$AH31),2))) | AJ31: =IF(ISERROR(IF($AF31="","",VLOOKUP(AI31,TRANSMUTATION_TABLE,4,TRUE))),"",IF($AF31="","",VLOOKUP(AI31,TRANSMUTATION_TABLE,4,TRUE)))
A32: 21 | B32: ='INPUT DATA'!B32 -> 0 | P32: =IF(COUNT($F32:$O32)=0,"",SUM($F32:$O32)) | Q32: =IF(ISERROR(IF($P32="","",ROUND(($P32/$P$10)*$Q$10,2))),"",IF($P32="","",ROUND(($P32/$P$10)*$Q$10,2))) | R32: =IF($Q32="","",ROUND($Q32*$R$10,2)) | AC32: =IF(COUNT($S32:$AB32)=0,"",SUM($S32:$AB32)) | AD32: =IF(ISERROR(IF($AC32="","",ROUND(($AC32/$AC$10)*$AD$10,2))),"",IF($AC32="","",ROUND(($AC32/$AC$10)*$AD$10,2))) | AE32: =IF($AD32="","",ROUND($AD32*$AE$10,2)) | AG32: =IF(ISERROR(IF($AF32="","",ROUND(($AF32/$AF$10)*$AG$10,2))),"",IF($AF32="","",ROUND(($AF32/$AF$10)*$AG$10,2))) | AH32: =IF($AG32="","",ROUND($AG32*$AH$10,2)) | AI32: =IF(ISERROR(IF($AF32="","",ROUND(SUM($R32,$AE32,$AH32),2))),"",IF($AF32="","",ROUND(SUM($R32,$AE32,$AH32),2))) | AJ32: =IF(ISERROR(IF($AF32="","",VLOOKUP(AI32,TRANSMUTATION_TABLE,4,TRUE))),"",IF($AF32="","",VLOOKUP(AI32,TRANSMUTATION_TABLE,4,TRUE)))
A33: 22 | B33: ='INPUT DATA'!B33 -> 0 | P33: =IF(COUNT($F33:$O33)=0,"",SUM($F33:$O33)) | Q33: =IF(ISERROR(IF($P33="","",ROUND(($P33/$P$10)*$Q$10,2))),"",IF($P33="","",ROUND(($P33/$P$10)*$Q$10,2))) | R33: =IF($Q33="","",ROUND($Q33*$R$10,2)) | AC33: =IF(COUNT($S33:$AB33)=0,"",SUM($S33:$AB33)) | AD33: =IF(ISERROR(IF($AC33="","",ROUND(($AC33/$AC$10)*$AD$10,2))),"",IF($AC33="","",ROUND(($AC33/$AC$10)*$AD$10,2))) | AE33: =IF($AD33="","",ROUND($AD33*$AE$10,2)) | AG33: =IF(ISERROR(IF($AF33="","",ROUND(($AF33/$AF$10)*$AG$10,2))),"",IF($AF33="","",ROUND(($AF33/$AF$10)*$AG$10,2))) | AH33: =IF($AG33="","",ROUND($AG33*$AH$10,2)) | AI33: =IF(ISERROR(IF($AF33="","",ROUND(SUM($R33,$AE33,$AH33),2))),"",IF($AF33="","",ROUND(SUM($R33,$AE33,$AH33),2))) | AJ33: =IF(ISERROR(IF($AF33="","",VLOOKUP(AI33,TRANSMUTATION_TABLE,4,TRUE))),"",IF($AF33="","",VLOOKUP(AI33,TRANSMUTATION_TABLE,4,TRUE)))
A34: 23 | B34: ='INPUT DATA'!B34 -> 0 | P34: =IF(COUNT($F34:$O34)=0,"",SUM($F34:$O34)) | Q34: =IF(ISERROR(IF($P34="","",ROUND(($P34/$P$10)*$Q$10,2))),"",IF($P34="","",ROUND(($P34/$P$10)*$Q$10,2))) | R34: =IF($Q34="","",ROUND($Q34*$R$10,2)) | AC34: =IF(COUNT($S34:$AB34)=0,"",SUM($S34:$AB34)) | AD34: =IF(ISERROR(IF($AC34="","",ROUND(($AC34/$AC$10)*$AD$10,2))),"",IF($AC34="","",ROUND(($AC34/$AC$10)*$AD$10,2))) | AE34: =IF($AD34="","",ROUND($AD34*$AE$10,2)) | AG34: =IF(ISERROR(IF($AF34="","",ROUND(($AF34/$AF$10)*$AG$10,2))),"",IF($AF34="","",ROUND(($AF34/$AF$10)*$AG$10,2))) | AH34: =IF($AG34="","",ROUND($AG34*$AH$10,2)) | AI34: =IF(ISERROR(IF($AF34="","",ROUND(SUM($R34,$AE34,$AH34),2))),"",IF($AF34="","",ROUND(SUM($R34,$AE34,$AH34),2))) | AJ34: =IF(ISERROR(IF($AF34="","",VLOOKUP(AI34,TRANSMUTATION_TABLE,4,TRUE))),"",IF($AF34="","",VLOOKUP(AI34,TRANSMUTATION_TABLE,4,TRUE)))
... A61: 50 | B61: ='INPUT DATA'!B61 -> 0 | P61: =IF(COUNT($F61:$O61)=0,"",SUM($F61:$O61)) | Q61: =IF(ISERROR(IF($P61="","",ROUND(($P61/$P$10)*$Q$10,2))),"",IF($P61="","",ROUND(($P61/$P$10)*$Q$10,2))) | R61: =IF($Q61="","",ROUND($Q61*$R$10,2)) | AC61: =IF(COUNT($S61:$AB61)=0,"",SUM($S61:$AB61)) | AD61: =IF(ISERROR(IF($AC61="","",ROUND(($AC61/$AC$10)*$AD$10,2))),"",IF($AC61="","",ROUND(($AC61/$AC$10)*$AD$10,2))) | AE61: =IF($AD61="","",ROUND($AD61*$AE$10,2)) | AG61: =IF(ISERROR(IF($AF61="","",ROUND(($AF61/$AF$10)*$AG$10,2))),"",IF($AF61="","",ROUND(($AF61/$AF$10)*$AG$10,2))) | AH61: =IF($AG61="","",ROUND($AG61*$AH$10,2)) | AI61: =IF(ISERROR(IF($AF61="","",ROUND(SUM($R61,$AE61,$AH61),2))),"",IF($AF61="","",ROUND(SUM($R61,$AE61,$AH61),2))) | AJ61: =IF(ISERROR(IF($AF61="","",VLOOKUP(AI61,TRANSMUTATION_TABLE,4,TRUE))),"",IF($AF61="","",VLOOKUP(AI61,TRANSMUTATION_TABLE,4,TRUE)))
B62: FEMALE
A63: 1 | B63: ='INPUT DATA'!B63 -> AQUINO, ANGELICA U. | P63: =IF(COUNT($F63:$O63)=0,"",SUM($F63:$O63)) | Q63: =IF(ISERROR(IF($P63="","",ROUND(($P63/$P$10)*$Q$10,2))),"",IF($P63="","",ROUND(($P63/$P$10)*$Q$10,2))) | R63: =IF($Q63="","",ROUND($Q63*$R$10,2)) | AC63: =IF(COUNT($S63:$AB63)=0,"",SUM($S63:$AB63)) | AD63: =IF(ISERROR(IF($AC63="","",ROUND(($AC63/$AC$10)*$AD$10,2))),"",IF($AC63="","",ROUND(($AC63/$AC$10)*$AD$10,2))) | AE63: =IF($AD63="","",ROUND($AD63*$AE$10,2)) | AG63: =IF(ISERROR(IF($AF63="","",ROUND(($AF63/$AF$10)*$AG$10,2))),"",IF($AF63="","",ROUND(($AF63/$AF$10)*$AG$10,2))) | AH63: =IF($AG63="","",ROUND($AG63*$AH$10,2)) | AI63: =IF(ISERROR(IF($AF63="","",ROUND(SUM($R63,$AE63,$AH63),2))),"",IF($AF63="","",ROUND(SUM($R63,$AE63,$AH63),2))) | AJ63: =IF(ISERROR(IF($AF63="","",VLOOKUP(AI63,TRANSMUTATION_TABLE,4,TRUE))),"",IF($AF63="","",VLOOKUP(AI63,TRANSMUTATION_TABLE,4,TRUE)))
A64: 2 | B64: ='INPUT DATA'!B64 -> BAUTISTA, MARIA CLARA I. | P64: =IF(COUNT($F64:$O64)=0,"",SUM($F64:$O64)) | Q64: =IF(ISERROR(IF($P64="","",ROUND(($P64/$P$10)*$Q$10,2))),"",IF($P64="","",ROUND(($P64/$P$10)*$Q$10,2))) | R64: =IF($Q64="","",ROUND($Q64*$R$10,2)) | AC64: =IF(COUNT($S64:$AB64)=0,"",SUM($S64:$AB64)) | AD64: =IF(ISERROR(IF($AC64="","",ROUND(($AC64/$AC$10)*$AD$10,2))),"",IF($AC64="","",ROUND(($AC64/$AC$10)*$AD$10,2))) | AE64: =IF($AD64="","",ROUND($AD64*$AE$10,2)) | AG64: =IF(ISERROR(IF($AF64="","",ROUND(($AF64/$AF$10)*$AG$10,2))),"",IF($AF64="","",ROUND(($AF64/$AF$10)*$AG$10,2))) | AH64: =IF($AG64="","",ROUND($AG64*$AH$10,2)) | AI64: =IF(ISERROR(IF($AF64="","",ROUND(SUM($R64,$AE64,$AH64),2))),"",IF($AF64="","",ROUND(SUM($R64,$AE64,$AH64),2))) | AJ64: =IF(ISERROR(IF($AF64="","",VLOOKUP(AI64,TRANSMUTATION_TABLE,4,TRUE))),"",IF($AF64="","",VLOOKUP(AI64,TRANSMUTATION_TABLE,4,TRUE)))
A65: 3 | B65: ='INPUT DATA'!B65 -> DELA CRUZ, KATHLEEN K. | P65: =IF(COUNT($F65:$O65)=0,"",SUM($F65:$O65)) | Q65: =IF(ISERROR(IF($P65="","",ROUND(($P65/$P$10)*$Q$10,2))),"",IF($P65="","",ROUND(($P65/$P$10)*$Q$10,2))) | R65: =IF($Q65="","",ROUND($Q65*$R$10,2)) | AC65: =IF(COUNT($S65:$AB65)=0,"",SUM($S65:$AB65)) | AD65: =IF(ISERROR(IF($AC65="","",ROUND(($AC65/$AC$10)*$AD$10,2))),"",IF($AC65="","",ROUND(($AC65/$AC$10)*$AD$10,2))) | AE65: =IF($AD65="","",ROUND($AD65*$AE$10,2)) | AG65: =IF(ISERROR(IF($AF65="","",ROUND(($AF65/$AF$10)*$AG$10,2))),"",IF($AF65="","",ROUND(($AF65/$AF$10)*$AG$10,2))) | AH65: =IF($AG65="","",ROUND($AG65*$AH$10,2)) | AI65: =IF(ISERROR(IF($AF65="","",ROUND(SUM($R65,$AE65,$AH65),2))),"",IF($AF65="","",ROUND(SUM($R65,$AE65,$AH65),2))) | AJ65: =IF(ISERROR(IF($AF65="","",VLOOKUP(AI65,TRANSMUTATION_TABLE,4,TRUE))),"",IF($AF65="","",VLOOKUP(AI65,TRANSMUTATION_TABLE,4,TRUE)))
A66: 4 | B66: ='INPUT DATA'!B66 -> DIMACULANGAN, ELLAINE O. | P66: =IF(COUNT($F66:$O66)=0,"",SUM($F66:$O66)) | Q66: =IF(ISERROR(IF($P66="","",ROUND(($P66/$P$10)*$Q$10,2))),"",IF($P66="","",ROUND(($P66/$P$10)*$Q$10,2))) | R66: =IF($Q66="","",ROUND($Q66*$R$10,2)) | AC66: =IF(COUNT($S66:$AB66)=0,"",SUM($S66:$AB66)) | AD66: =IF(ISERROR(IF($AC66="","",ROUND(($AC66/$AC$10)*$AD$10,2))),"",IF($AC66="","",ROUND(($AC66/$AC$10)*$AD$10,2))) | AE66: =IF($AD66="","",ROUND($AD66*$AE$10,2)) | AG66: =IF(ISERROR(IF($AF66="","",ROUND(($AF66/$AF$10)*$AG$10,2))),"",IF($AF66="","",ROUND(($AF66/$AF$10)*$AG$10,2))) | AH66: =IF($AG66="","",ROUND($AG66*$AH$10,2)) | AI66: =IF(ISERROR(IF($AF66="","",ROUND(SUM($R66,$AE66,$AH66),2))),"",IF($AF66="","",ROUND(SUM($R66,$AE66,$AH66),2))) | AJ66: =IF(ISERROR(IF($AF66="","",VLOOKUP(AI66,TRANSMUTATION_TABLE,4,TRUE))),"",IF($AF66="","",VLOOKUP(AI66,TRANSMUTATION_TABLE,4,TRUE)))
A67: 5 | B67: ='INPUT DATA'!B67 -> DIMACULANGAN, TRISHA S. | P67: =IF(COUNT($F67:$O67)=0,"",SUM($F67:$O67)) | Q67: =IF(ISERROR(IF($P67="","",ROUND(($P67/$P$10)*$Q$10,2))),"",IF($P67="","",ROUND(($P67/$P$10)*$Q$10,2))) | R67: =IF($Q67="","",ROUND($Q67*$R$10,2)) | AC67: =IF(COUNT($S67:$AB67)=0,"",SUM($S67:$AB67)) | AD67: =IF(ISERROR(IF($AC67="","",ROUND(($AC67/$AC$10)*$AD$10,2))),"",IF($AC67="","",ROUND(($AC67/$AC$10)*$AD$10,2))) | AE67: =IF($AD67="","",ROUND($AD67*$AE$10,2)) | AG67: =IF(ISERROR(IF($AF67="","",ROUND(($AF67/$AF$10)*$AG$10,2))),"",IF($AF67="","",ROUND(($AF67/$AF$10)*$AG$10,2))) | AH67: =IF($AG67="","",ROUND($AG67*$AH$10,2)) | AI67: =IF(ISERROR(IF($AF67="","",ROUND(SUM($R67,$AE67,$AH67),2))),"",IF($AF67="","",ROUND(SUM($R67,$AE67,$AH67),2))) | AJ67: =IF(ISERROR(IF($AF67="","",VLOOKUP(AI67,TRANSMUTATION_TABLE,4,TRUE))),"",IF($AF67="","",VLOOKUP(AI67,TRANSMUTATION_TABLE,4,TRUE)))
A68: 6 | B68: ='INPUT DATA'!B68 -> FERNANDEZ, JILLIAN V. | P68: =IF(COUNT($F68:$O68)=0,"",SUM($F68:$O68)) | Q68: =IF(ISERROR(IF($P68="","",ROUND(($P68/$P$10)*$Q$10,2))),"",IF($P68="","",ROUND(($P68/$P$10)*$Q$10,2))) | R68: =IF($Q68="","",ROUND($Q68*$R$10,2)) | AC68: =IF(COUNT($S68:$AB68)=0,"",SUM($S68:$AB68)) | AD68: =IF(ISERROR(IF($AC68="","",ROUND(($AC68/$AC$10)*$AD$10,2))),"",IF($AC68="","",ROUND(($AC68/$AC$10)*$AD$10,2))) | AE68: =IF($AD68="","",ROUND($AD68*$AE$10,2)) | AG68: =IF(ISERROR(IF($AF68="","",ROUND(($AF68/$AF$10)*$AG$10,2))),"",IF($AF68="","",ROUND(($AF68/$AF$10)*$AG$10,2))) | AH68: =IF($AG68="","",ROUND($AG68*$AH$10,2)) | AI68: =IF(ISERROR(IF($AF68="","",ROUND(SUM($R68,$AE68,$AH68),2))),"",IF($AF68="","",ROUND(SUM($R68,$AE68,$AH68),2))) | AJ68: =IF(ISERROR(IF($AF68="","",VLOOKUP(AI68,TRANSMUTATION_TABLE,4,TRUE))),"",IF($AF68="","",VLOOKUP(AI68,TRANSMUTATION_TABLE,4,TRUE)))
A69: 7 | B69: ='INPUT DATA'!B69 -> GONZALES, MIKAELA C. | P69: =IF(COUNT($F69:$O69)=0,"",SUM($F69:$O69)) | Q69: =IF(ISERROR(IF($P69="","",ROUND(($P69/$P$10)*$Q$10,2))),"",IF($P69="","",ROUND(($P69/$P$10)*$Q$10,2))) | R69: =IF($Q69="","",ROUND($Q69*$R$10,2)) | AC69: =IF(COUNT($S69:$AB69)=0,"",SUM($S69:$AB69)) | AD69: =IF(ISERROR(IF($AC69="","",ROUND(($AC69/$AC$10)*$AD$10,2))),"",IF($AC69="","",ROUND(($AC69/$AC$10)*$AD$10,2))) | AE69: =IF($AD69="","",ROUND($AD69*$AE$10,2)) | AG69: =IF(ISERROR(IF($AF69="","",ROUND(($AF69/$AF$10)*$AG$10,2))),"",IF($AF69="","",ROUND(($AF69/$AF$10)*$AG$10,2))) | AH69: =IF($AG69="","",ROUND($AG69*$AH$10,2)) | AI69: =IF(ISERROR(IF($AF69="","",ROUND(SUM($R69,$AE69,$AH69),2))),"",IF($AF69="","",ROUND(SUM($R69,$AE69,$AH69),2))) | AJ69: =IF(ISERROR(IF($AF69="","",VLOOKUP(AI69,TRANSMUTATION_TABLE,4,TRUE))),"",IF($AF69="","",VLOOKUP(AI69,TRANSMUTATION_TABLE,4,TRUE)))
A70: 8 | B70: ='INPUT DATA'!B70 -> GUTIERREZ, PATRICIA N. | P70: =IF(COUNT($F70:$O70)=0,"",SUM($F70:$O70)) | Q70: =IF(ISERROR(IF($P70="","",ROUND(($P70/$P$10)*$Q$10,2))),"",IF($P70="","",ROUND(($P70/$P$10)*$Q$10,2))) | R70: =IF($Q70="","",ROUND($Q70*$R$10,2)) | AC70: =IF(COUNT($S70:$AB70)=0,"",SUM($S70:$AB70)) | AD70: =IF(ISERROR(IF($AC70="","",ROUND(($AC70/$AC$10)*$AD$10,2))),"",IF($AC70="","",ROUND(($AC70/$AC$10)*$AD$10,2))) | AE70: =IF($AD70="","",ROUND($AD70*$AE$10,2)) | AG70: =IF(ISERROR(IF($AF70="","",ROUND(($AF70/$AF$10)*$AG$10,2))),"",IF($AF70="","",ROUND(($AF70/$AF$10)*$AG$10,2))) | AH70: =IF($AG70="","",ROUND($AG70*$AH$10,2)) | AI70: =IF(ISERROR(IF($AF70="","",ROUND(SUM($R70,$AE70,$AH70),2))),"",IF($AF70="","",ROUND(SUM($R70,$AE70,$AH70),2))) | AJ70: =IF(ISERROR(IF($AF70="","",VLOOKUP(AI70,TRANSMUTATION_TABLE,4,TRUE))),"",IF($AF70="","",VLOOKUP(AI70,TRANSMUTATION_TABLE,4,TRUE)))
A71: 9 | B71: ='INPUT DATA'!B71 -> IGNACIO, ANGELICA O. | P71: =IF(COUNT($F71:$O71)=0,"",SUM($F71:$O71)) | Q71: =IF(ISERROR(IF($P71="","",ROUND(($P71/$P$10)*$Q$10,2))),"",IF($P71="","",ROUND(($P71/$P$10)*$Q$10,2))) | R71: =IF($Q71="","",ROUND($Q71*$R$10,2)) | AC71: =IF(COUNT($S71:$AB71)=0,"",SUM($S71:$AB71)) | AD71: =IF(ISERROR(IF($AC71="","",ROUND(($AC71/$AC$10)*$AD$10,2))),"",IF($AC71="","",ROUND(($AC71/$AC$10)*$AD$10,2))) | AE71: =IF($AD71="","",ROUND($AD71*$AE$10,2)) | AG71: =IF(ISERROR(IF($AF71="","",ROUND(($AF71/$AF$10)*$AG$10,2))),"",IF($AF71="","",ROUND(($AF71/$AF$10)*$AG$10,2))) | AH71: =IF($AG71="","",ROUND($AG71*$AH$10,2)) | AI71: =IF(ISERROR(IF($AF71="","",ROUND(SUM($R71,$AE71,$AH71),2))),"",IF($AF71="","",ROUND(SUM($R71,$AE71,$AH71),2))) | AJ71: =IF(ISERROR(IF($AF71="","",VLOOKUP(AI71,TRANSMUTATION_TABLE,4,TRUE))),"",IF($AF71="","",VLOOKUP(AI71,TRANSMUTATION_TABLE,4,TRUE)))
A72: 10 | B72: ='INPUT DATA'!B72 -> LACSON, BEA M. | P72: =IF(COUNT($F72:$O72)=0,"",SUM($F72:$O72)) | Q72: =IF(ISERROR(IF($P72="","",ROUND(($P72/$P$10)*$Q$10,2))),"",IF($P72="","",ROUND(($P72/$P$10)*$Q$10,2))) | R72: =IF($Q72="","",ROUND($Q72*$R$10,2)) | AC72: =IF(COUNT($S72:$AB72)=0,"",SUM($S72:$AB72)) | AD72: =IF(ISERROR(IF($AC72="","",ROUND(($AC72/$AC$10)*$AD$10,2))),"",IF($AC72="","",ROUND(($AC72/$AC$10)*$AD$10,2))) | AE72: =IF($AD72="","",ROUND($AD72*$AE$10,2)) | AG72: =IF(ISERROR(IF($AF72="","",ROUND(($AF72/$AF$10)*$AG$10,2))),"",IF($AF72="","",ROUND(($AF72/$AF$10)*$AG$10,2))) | AH72: =IF($AG72="","",ROUND($AG72*$AH$10,2)) | AI72: =IF(ISERROR(IF($AF72="","",ROUND(SUM($R72,$AE72,$AH72),2))),"",IF($AF72="","",ROUND(SUM($R72,$AE72,$AH72),2))) | AJ72: =IF(ISERROR(IF($AF72="","",VLOOKUP(AI72,TRANSMUTATION_TABLE,4,TRUE))),"",IF($AF72="","",VLOOKUP(AI72,TRANSMUTATION_TABLE,4,TRUE)))
A73: 11 | B73: ='INPUT DATA'!B73 -> LACSON, MARIA CLARA K. | P73: =IF(COUNT($F73:$O73)=0,"",SUM($F73:$O73)) | Q73: =IF(ISERROR(IF($P73="","",ROUND(($P73/$P$10)*$Q$10,2))),"",IF($P73="","",ROUND(($P73/$P$10)*$Q$10,2))) | R73: =IF($Q73="","",ROUND($Q73*$R$10,2)) | AC73: =IF(COUNT($S73:$AB73)=0,"",SUM($S73:$AB73)) | AD73: =IF(ISERROR(IF($AC73="","",ROUND(($AC73/$AC$10)*$AD$10,2))),"",IF($AC73="","",ROUND(($AC73/$AC$10)*$AD$10,2))) | AE73: =IF($AD73="","",ROUND($AD73*$AE$10,2)) | AG73: =IF(ISERROR(IF($AF73="","",ROUND(($AF73/$AF$10)*$AG$10,2))),"",IF($AF73="","",ROUND(($AF73/$AF$10)*$AG$10,2))) | AH73: =IF($AG73="","",ROUND($AG73*$AH$10,2)) | AI73: =IF(ISERROR(IF($AF73="","",ROUND(SUM($R73,$AE73,$AH73),2))),"",IF($AF73="","",ROUND(SUM($R73,$AE73,$AH73),2))) | AJ73: =IF(ISERROR(IF($AF73="","",VLOOKUP(AI73,TRANSMUTATION_TABLE,4,TRUE))),"",IF($AF73="","",VLOOKUP(AI73,TRANSMUTATION_TABLE,4,TRUE)))
A74: 12 | B74: ='INPUT DATA'!B74 -> LACSON, SHAIRA N. | P74: =IF(COUNT($F74:$O74)=0,"",SUM($F74:$O74)) | Q74: =IF(ISERROR(IF($P74="","",ROUND(($P74/$P$10)*$Q$10,2))),"",IF($P74="","",ROUND(($P74/$P$10)*$Q$10,2))) | R74: =IF($Q74="","",ROUND($Q74*$R$10,2)) | AC74: =IF(COUNT($S74:$AB74)=0,"",SUM($S74:$AB74)) | AD74: =IF(ISERROR(IF($AC74="","",ROUND(($AC74/$AC$10)*$AD$10,2))),"",IF($AC74="","",ROUND(($AC74/$AC$10)*$AD$10,2))) | AE74: =IF($AD74="","",ROUND($AD74*$AE$10,2)) | AG74: =IF(ISERROR(IF($AF74="","",ROUND(($AF74/$AF$10)*$AG$10,2))),"",IF($AF74="","",ROUND(($AF74/$AF$10)*$AG$10,2))) | AH74: =IF($AG74="","",ROUND($AG74*$AH$10,2)) | AI74: =IF(ISERROR(IF($AF74="","",ROUND(SUM($R74,$AE74,$AH74),2))),"",IF($AF74="","",ROUND(SUM($R74,$AE74,$AH74),2))) | AJ74: =IF(ISERROR(IF($AF74="","",VLOOKUP(AI74,TRANSMUTATION_TABLE,4,TRUE))),"",IF($AF74="","",VLOOKUP(AI74,TRANSMUTATION_TABLE,4,TRUE)))
... A112: 50 | B112: ='INPUT DATA'!B112 -> 0 | P112: =IF(COUNT($F112:$O112)=0,"",SUM($F112:$O112)) | Q112: =IF(ISERROR(IF($P112="","",ROUND(($P112/$P$10)*$Q$10,2))),"",IF($P112="","",ROUND(($P112/$P$10)*$Q$10,2))) | R112: =IF($Q112="","",ROUND($Q112*$R$10,2)) | AC112: =IF(COUNT($S112:$AB112)=0,"",SUM($S112:$AB112)) | AD112: =IF(ISERROR(IF($AC112="","",ROUND(($AC112/$AC$10)*$AD$10,2))),"",IF($AC112="","",ROUND(($AC112/$AC$10)*$AD$10,2))) | AE112: =IF($AD112="","",ROUND($AD112*$AE$10,2)) | AG112: =IF(ISERROR(IF($AF112="","",ROUND(($AF112/$AF$10)*$AG$10,2))),"",IF($AF112="","",ROUND(($AF112/$AF$10)*$AG$10,2))) | AH112: =IF($AG112="","",ROUND($AG112*$AH$10,2)) | AI112: =IF(ISERROR(IF($AF112="","",ROUND(SUM($R112,$AE112,$AH112),2))),"",IF($AF112="","",ROUND(SUM($R112,$AE112,$AH112),2))) | AJ112: =IF(ISERROR(IF($AF112="","",VLOOKUP(AI112,TRANSMUTATION_TABLE,4,TRUE))),"",IF($AF112="","",VLOOKUP(AI112,TRANSMUTATION_TABLE,4,TRUE)))

Sheet SUMMARY OF QUARTERLY GRADES
A1: Summary of Quarterly Grades
C5: REGION | G5: ='INPUT DATA'!G4 -> 0 | L5: DIVISION | O5: ='INPUT DATA'!O4 -> 0
B6: SCHOOL NAME | G6: ='INPUT DATA'!G5 -> ARMS DEMO NATIONAL HIGH SCHOOL | S6: SCHOOL ID
B8: LEARNERS' NAMES | F8: GRADE & SECTION: | K8: ='INPUT DATA'!K7 -> GRADE 7 - ILANG-ILANG | S8: SCHOOL YEAR: | W8: ='INPUT DATA'!AG5 -> 2026-2027
F9: TEACHER: | K9: ='INPUT DATA'!S7 -> MARIA SANTOS | S9: SUBJECT: | W9: ='INPUT DATA'!AG7 -> MATHEMATICS
F10: MATH | J10: MATH | N10: MATH | R10: MATH | V10: FINAL | Z10: REMARK
F11: 1st Quarter | J11: 2nd Quarter | N11: 3rd Quarter | R11: 4th Quarter | V11: GRADE
B12: MALE
A13: 1 | B13: ='INPUT DATA'!B12 -> BAUTISTA, KYLE Z. | F13: =MATH_Q1!AJ12 | J13: =MATH_Q2!AJ12 -> 79 | N13: =MATH_Q3!AJ12 | R13: =MATH_Q4!AJ12 | V13: =IF(OR(F13="",J13="",N13="",R13=""),"",IF(ISERROR(ROUND(AVERAGE(F13,J13,N13,R13),0)),"",ROUND(AVERAGE(F13,J13,N13,R13),0))) | Z13: =IF(OR($F13="",$J13="",$N13="",$R13="",$V13=""),"",IF($V13>=75,"PASSED","FAILED"))
A14: 2 | B14: ='INPUT DATA'!B13 -> FLORES, JEROME C. | F14: =MATH_Q1!AJ13 | J14: =MATH_Q2!AJ13 -> 88 | N14: =MATH_Q3!AJ13 | R14: =MATH_Q4!AJ13 | V14: =IF(OR(F14="",J14="",N14="",R14=""),"",IF(ISERROR(ROUND(AVERAGE(F14,J14,N14,R14),0)),"",ROUND(AVERAGE(F14,J14,N14,R14),0))) | Z14: =IF(OR($F14="",$J14="",$N14="",$R14="",$V14=""),"",IF($V14>=75,"PASSED","FAILED"))
A15: 3 | B15: ='INPUT DATA'!B14 -> GONZALES, FRANCIS L. | F15: =MATH_Q1!AJ14 | J15: =MATH_Q2!AJ14 -> 94 | N15: =MATH_Q3!AJ14 | R15: =MATH_Q4!AJ14 | V15: =IF(OR(F15="",J15="",N15="",R15=""),"",IF(ISERROR(ROUND(AVERAGE(F15,J15,N15,R15),0)),"",ROUND(AVERAGE(F15,J15,N15,R15),0))) | Z15: =IF(OR($F15="",$J15="",$N15="",$R15="",$V15=""),"",IF($V15>=75,"PASSED","FAILED"))
A16: 4 | B16: ='INPUT DATA'!B15 -> IGNACIO, CHRISTIAN D. | F16: =MATH_Q1!AJ15 | J16: =MATH_Q2!AJ15 -> 73 | N16: =MATH_Q3!AJ15 | R16: =MATH_Q4!AJ15 | V16: =IF(OR(F16="",J16="",N16="",R16=""),"",IF(ISERROR(ROUND(AVERAGE(F16,J16,N16,R16),0)),"",ROUND(AVERAGE(F16,J16,N16,R16),0))) | Z16: =IF(OR($F16="",$J16="",$N16="",$R16="",$V16=""),"",IF($V16>=75,"PASSED","FAILED"))
A17: 5 | B17: ='INPUT DATA'!B16 -> LUMAPAS, JERICHO T. | F17: =MATH_Q1!AJ16 | J17: =MATH_Q2!AJ16 -> 74 | N17: =MATH_Q3!AJ16 | R17: =MATH_Q4!AJ16 | V17: =IF(OR(F17="",J17="",N17="",R17=""),"",IF(ISERROR(ROUND(AVERAGE(F17,J17,N17,R17),0)),"",ROUND(AVERAGE(F17,J17,N17,R17),0))) | Z17: =IF(OR($F17="",$J17="",$N17="",$R17="",$V17=""),"",IF($V17>=75,"PASSED","FAILED"))
A18: 6 | B18: ='INPUT DATA'!B17 -> MENDOZA, EMMANUEL R. | F18: =MATH_Q1!AJ17 | J18: =MATH_Q2!AJ17 -> 94 | N18: =MATH_Q3!AJ17 | R18: =MATH_Q4!AJ17 | V18: =IF(OR(F18="",J18="",N18="",R18=""),"",IF(ISERROR(ROUND(AVERAGE(F18,J18,N18,R18),0)),"",ROUND(AVERAGE(F18,J18,N18,R18),0))) | Z18: =IF(OR($F18="",$J18="",$N18="",$R18="",$V18=""),"",IF($V18>=75,"PASSED","FAILED"))
A19: 7 | B19: ='INPUT DATA'!B18 -> MENDOZA, JUAN MIGUEL O. | F19: =MATH_Q1!AJ18 | J19: =MATH_Q2!AJ18 | N19: =MATH_Q3!AJ18 | R19: =MATH_Q4!AJ18 | V19: =IF(OR(F19="",J19="",N19="",R19=""),"",IF(ISERROR(ROUND(AVERAGE(F19,J19,N19,R19),0)),"",ROUND(AVERAGE(F19,J19,N19,R19),0))) | Z19: =IF(OR($F19="",$J19="",$N19="",$R19="",$V19=""),"",IF($V19>=75,"PASSED","FAILED"))
A20: 8 | B20: ='INPUT DATA'!B19 -> MORALES, KYLE P. | D20: 0 | F20: =MATH_Q1!AJ19 | J20: =MATH_Q2!AJ19 -> 86 | N20: =MATH_Q3!AJ19 | R20: =MATH_Q4!AJ19 | V20: =IF(OR(F20="",J20="",N20="",R20=""),"",IF(ISERROR(ROUND(AVERAGE(F20,J20,N20,R20),0)),"",ROUND(AVERAGE(F20,J20,N20,R20),0))) | Z20: =IF(OR($F20="",$J20="",$N20="",$R20="",$V20=""),"",IF($V20>=75,"PASSED","FAILED"))
A21: 9 | B21: ='INPUT DATA'!B20 -> NAVARRO, MARK ANTHONY T. | F21: =MATH_Q1!AJ20 | J21: =MATH_Q2!AJ20 -> 79 | N21: =MATH_Q3!AJ20 | R21: =MATH_Q4!AJ20 | V21: =IF(OR(F21="",J21="",N21="",R21=""),"",IF(ISERROR(ROUND(AVERAGE(F21,J21,N21,R21),0)),"",ROUND(AVERAGE(F21,J21,N21,R21),0))) | Z21: =IF(OR($F21="",$J21="",$N21="",$R21="",$V21=""),"",IF($V21>=75,"PASSED","FAILED"))
A22: 10 | B22: ='INPUT DATA'!B21 -> OCAMPO JR., CHRISTIAN U. | F22: =MATH_Q1!AJ21 | J22: =MATH_Q2!AJ21 -> 83 | N22: =MATH_Q3!AJ21 | R22: =MATH_Q4!AJ21 | V22: =IF(OR(F22="",J22="",N22="",R22=""),"",IF(ISERROR(ROUND(AVERAGE(F22,J22,N22,R22),0)),"",ROUND(AVERAGE(F22,J22,N22,R22),0))) | Z22: =IF(OR($F22="",$J22="",$N22="",$R22="",$V22=""),"",IF($V22>=75,"PASSED","FAILED"))
A23: 11 | B23: ='INPUT DATA'!B22 -> PANGANIBAN, DOMINIC C. | D23: 0 | F23: =MATH_Q1!AJ22 | J23: =MATH_Q2!AJ22 -> 78 | N23: =MATH_Q3!AJ22 | R23: =MATH_Q4!AJ22 | V23: =IF(OR(F23="",J23="",N23="",R23=""),"",IF(ISERROR(ROUND(AVERAGE(F23,J23,N23,R23),0)),"",ROUND(AVERAGE(F23,J23,N23,R23),0))) | Z23: =IF(OR($F23="",$J23="",$N23="",$R23="",$V23=""),"",IF($V23>=75,"PASSED","FAILED"))
A24: 12 | B24: ='INPUT DATA'!B23 -> RAMOS, FRANCIS H. | F24: =MATH_Q1!AJ23 | J24: =MATH_Q2!AJ23 -> 90 | N24: =MATH_Q3!AJ23 | R24: =MATH_Q4!AJ23 | V24: =IF(OR(F24="",J24="",N24="",R24=""),"",IF(ISERROR(ROUND(AVERAGE(F24,J24,N24,R24),0)),"",ROUND(AVERAGE(F24,J24,N24,R24),0))) | Z24: =IF(OR($F24="",$J24="",$N24="",$R24="",$V24=""),"",IF($V24>=75,"PASSED","FAILED"))
A25: 13 | B25: ='INPUT DATA'!B24 -> RAMOS JR., KYLE R. | F25: =MATH_Q1!AJ24 | J25: =MATH_Q2!AJ24 -> 93 | N25: =MATH_Q3!AJ24 | R25: =MATH_Q4!AJ24 | V25: =IF(OR(F25="",J25="",N25="",R25=""),"",IF(ISERROR(ROUND(AVERAGE(F25,J25,N25,R25),0)),"",ROUND(AVERAGE(F25,J25,N25,R25),0))) | Z25: =IF(OR($F25="",$J25="",$N25="",$R25="",$V25=""),"",IF($V25>=75,"PASSED","FAILED"))
A26: 14 | B26: ='INPUT DATA'!B25 -> SANTOS, KYLE A. | F26: =MATH_Q1!AJ25 | J26: =MATH_Q2!AJ25 -> 90 | N26: =MATH_Q3!AJ25 | R26: =MATH_Q4!AJ25 | V26: =IF(OR(F26="",J26="",N26="",R26=""),"",IF(ISERROR(ROUND(AVERAGE(F26,J26,N26,R26),0)),"",ROUND(AVERAGE(F26,J26,N26,R26),0))) | Z26: =IF(OR($F26="",$J26="",$N26="",$R26="",$V26=""),"",IF($V26>=75,"PASSED","FAILED"))
A27: 15 | B27: ='INPUT DATA'!B26 -> TOLENTINO, CARLO O. | F27: =MATH_Q1!AJ26 | J27: =MATH_Q2!AJ26 -> 91 | N27: =MATH_Q3!AJ26 | R27: =MATH_Q4!AJ26 | V27: =IF(OR(F27="",J27="",N27="",R27=""),"",IF(ISERROR(ROUND(AVERAGE(F27,J27,N27,R27),0)),"",ROUND(AVERAGE(F27,J27,N27,R27),0))) | Z27: =IF(OR($F27="",$J27="",$N27="",$R27="",$V27=""),"",IF($V27>=75,"PASSED","FAILED"))
A28: 16 | B28: ='INPUT DATA'!B27 -> TOLENTINO, JEROME H. | F28: =MATH_Q1!AJ27 | J28: =MATH_Q2!AJ27 -> 88 | N28: =MATH_Q3!AJ27 | R28: =MATH_Q4!AJ27 | V28: =IF(OR(F28="",J28="",N28="",R28=""),"",IF(ISERROR(ROUND(AVERAGE(F28,J28,N28,R28),0)),"",ROUND(AVERAGE(F28,J28,N28,R28),0))) | Z28: =IF(OR($F28="",$J28="",$N28="",$R28="",$V28=""),"",IF($V28>=75,"PASSED","FAILED"))
A29: 17 | B29: ='INPUT DATA'!B28 -> TORRES, EMMANUEL A. | F29: =MATH_Q1!AJ28 | J29: =MATH_Q2!AJ28 -> 87 | N29: =MATH_Q3!AJ28 | R29: =MATH_Q4!AJ28 | V29: =IF(OR(F29="",J29="",N29="",R29=""),"",IF(ISERROR(ROUND(AVERAGE(F29,J29,N29,R29),0)),"",ROUND(AVERAGE(F29,J29,N29,R29),0))) | Z29: =IF(OR($F29="",$J29="",$N29="",$R29="",$V29=""),"",IF($V29>=75,"PASSED","FAILED"))
A30: 18 | B30: ='INPUT DATA'!B29 -> VILLANUEVA, BENEDICT Q. | F30: =MATH_Q1!AJ29 | J30: =MATH_Q2!AJ29 -> 87 | N30: =MATH_Q3!AJ29 | R30: =MATH_Q4!AJ29 | V30: =IF(OR(F30="",J30="",N30="",R30=""),"",IF(ISERROR(ROUND(AVERAGE(F30,J30,N30,R30),0)),"",ROUND(AVERAGE(F30,J30,N30,R30),0))) | Z30: =IF(OR($F30="",$J30="",$N30="",$R30="",$V30=""),"",IF($V30>=75,"PASSED","FAILED"))
A31: 19 | B31: ='INPUT DATA'!B30 -> VILLANUEVA, NATHANIEL P. | F31: =MATH_Q1!AJ30 | J31: =MATH_Q2!AJ30 -> 80 | N31: =MATH_Q3!AJ30 | R31: =MATH_Q4!AJ30 | V31: =IF(OR(F31="",J31="",N31="",R31=""),"",IF(ISERROR(ROUND(AVERAGE(F31,J31,N31,R31),0)),"",ROUND(AVERAGE(F31,J31,N31,R31),0))) | Z31: =IF(OR($F31="",$J31="",$N31="",$R31="",$V31=""),"",IF($V31>=75,"PASSED","FAILED"))
A32: 20 | B32: ='INPUT DATA'!B31 -> YBANEZ, JOSHUA V. | F32: =MATH_Q1!AJ31 | J32: =MATH_Q2!AJ31 -> 74 | N32: =MATH_Q3!AJ31 | R32: =MATH_Q4!AJ31 | V32: =IF(OR(F32="",J32="",N32="",R32=""),"",IF(ISERROR(ROUND(AVERAGE(F32,J32,N32,R32),0)),"",ROUND(AVERAGE(F32,J32,N32,R32),0))) | Z32: =IF(OR($F32="",$J32="",$N32="",$R32="",$V32=""),"",IF($V32>=75,"PASSED","FAILED"))
A33: 21 | B33: ='INPUT DATA'!B32 -> 0 | F33: =MATH_Q1!AJ32 | J33: =MATH_Q2!AJ32 | N33: =MATH_Q3!AJ32 | R33: =MATH_Q4!AJ32 | V33: =IF(OR(F33="",J33="",N33="",R33=""),"",IF(ISERROR(ROUND(AVERAGE(F33,J33,N33,R33),0)),"",ROUND(AVERAGE(F33,J33,N33,R33),0))) | Z33: =IF(OR($F33="",$J33="",$N33="",$R33="",$V33=""),"",IF($V33>=75,"PASSED","FAILED"))
A34: 22 | B34: ='INPUT DATA'!B33 -> 0 | F34: =MATH_Q1!AJ33 | J34: =MATH_Q2!AJ33 | N34: =MATH_Q3!AJ33 | R34: =MATH_Q4!AJ33 | V34: =IF(OR(F34="",J34="",N34="",R34=""),"",IF(ISERROR(ROUND(AVERAGE(F34,J34,N34,R34),0)),"",ROUND(AVERAGE(F34,J34,N34,R34),0))) | Z34: =IF(OR($F34="",$J34="",$N34="",$R34="",$V34=""),"",IF($V34>=75,"PASSED","FAILED"))
A35: 23 | B35: ='INPUT DATA'!B34 -> 0 | F35: =MATH_Q1!AJ34 | J35: =MATH_Q2!AJ34 | N35: =MATH_Q3!AJ34 | R35: =MATH_Q4!AJ34 | V35: =IF(OR(F35="",J35="",N35="",R35=""),"",IF(ISERROR(ROUND(AVERAGE(F35,J35,N35,R35),0)),"",ROUND(AVERAGE(F35,J35,N35,R35),0))) | Z35: =IF(OR($F35="",$J35="",$N35="",$R35="",$V35=""),"",IF($V35>=75,"PASSED","FAILED"))
... A61: 49 | B61: ='INPUT DATA'!B60 -> 0 | F61: =MATH_Q1!AJ60 | J61: =MATH_Q2!AJ60 | N61: =MATH_Q3!AJ60 | R61: =MATH_Q4!AJ60 | V61: =IF(OR(F61="",J61="",N61="",R61=""),"",IF(ISERROR(ROUND(AVERAGE(F61,J61,N61,R61),0)),"",ROUND(AVERAGE(F61,J61,N61,R61),0))) | Z61: =IF(OR($F61="",$J61="",$N61="",$R61="",$V61=""),"",IF($V61>=75,"PASSED","FAILED"))
A62: 50 | B62: ='INPUT DATA'!B61 -> 0 | C62: 0 | F62: =MATH_Q1!AJ61 | J62: =MATH_Q2!AJ61 | N62: =MATH_Q3!AJ61 | R62: =MATH_Q4!AJ61 | V62: =IF(OR(F62="",J62="",N62="",R62=""),"",IF(ISERROR(ROUND(AVERAGE(F62,J62,N62,R62),0)),"",ROUND(AVERAGE(F62,J62,N62,R62),0))) | Z62: =IF(OR($F62="",$J62="",$N62="",$R62="",$V62=""),"",IF($V62>=75,"PASSED","FAILED"))
B63: FEMALE | V63: =IF(OR(F63="",J63="",N63="",R63=""),"",IF(ISERROR(ROUND(AVERAGE(F63,J63,N63,R63),0)),"",ROUND(AVERAGE(F63,J63,N63,R63),0))) | Z63: =IF(OR($F63="",$J63="",$N63="",$R63="",$V63=""),"",IF($V63>=75,"PASSED","FAILED"))
A64: 1 | B64: ='INPUT DATA'!B63 -> AQUINO, ANGELICA U. | F64: =MATH_Q1!AJ63 | J64: =MATH_Q2!AJ63 -> 88 | N64: =MATH_Q3!AJ63 | R64: =MATH_Q4!AJ63 | V64: =IF(OR(F64="",J64="",N64="",R64=""),"",IF(ISERROR(ROUND(AVERAGE(F64,J64,N64,R64),0)),"",ROUND(AVERAGE(F64,J64,N64,R64),0))) | Z64: =IF(OR($F64="",$J64="",$N64="",$R64="",$V64=""),"",IF($V64>=75,"PASSED","FAILED"))
A65: 2 | B65: ='INPUT DATA'!B64 -> BAUTISTA, MARIA CLARA I. | F65: =MATH_Q1!AJ64 | J65: =MATH_Q2!AJ64 -> 83 | N65: =MATH_Q3!AJ64 | R65: =MATH_Q4!AJ64 | V65: =IF(OR(F65="",J65="",N65="",R65=""),"",IF(ISERROR(ROUND(AVERAGE(F65,J65,N65,R65),0)),"",ROUND(AVERAGE(F65,J65,N65,R65),0))) | Z65: =IF(OR($F65="",$J65="",$N65="",$R65="",$V65=""),"",IF($V65>=75,"PASSED","FAILED"))
A66: 3 | B66: ='INPUT DATA'!B65 -> DELA CRUZ, KATHLEEN K. | F66: =MATH_Q1!AJ65 | J66: =MATH_Q2!AJ65 -> 78 | N66: =MATH_Q3!AJ65 | R66: =MATH_Q4!AJ65 | V66: =IF(OR(F66="",J66="",N66="",R66=""),"",IF(ISERROR(ROUND(AVERAGE(F66,J66,N66,R66),0)),"",ROUND(AVERAGE(F66,J66,N66,R66),0))) | Z66: =IF(OR($F66="",$J66="",$N66="",$R66="",$V66=""),"",IF($V66>=75,"PASSED","FAILED"))
A67: 4 | B67: ='INPUT DATA'!B66 -> DIMACULANGAN, ELLAINE O. | F67: =MATH_Q1!AJ66 | J67: =MATH_Q2!AJ66 -> 86 | N67: =MATH_Q3!AJ66 | R67: =MATH_Q4!AJ66 | V67: =IF(OR(F67="",J67="",N67="",R67=""),"",IF(ISERROR(ROUND(AVERAGE(F67,J67,N67,R67),0)),"",ROUND(AVERAGE(F67,J67,N67,R67),0))) | Z67: =IF(OR($F67="",$J67="",$N67="",$R67="",$V67=""),"",IF($V67>=75,"PASSED","FAILED"))
A68: 5 | B68: ='INPUT DATA'!B67 -> DIMACULANGAN, TRISHA S. | F68: =MATH_Q1!AJ67 | J68: =MATH_Q2!AJ67 -> 95 | N68: =MATH_Q3!AJ67 | R68: =MATH_Q4!AJ67 | V68: =IF(OR(F68="",J68="",N68="",R68=""),"",IF(ISERROR(ROUND(AVERAGE(F68,J68,N68,R68),0)),"",ROUND(AVERAGE(F68,J68,N68,R68),0))) | Z68: =IF(OR($F68="",$J68="",$N68="",$R68="",$V68=""),"",IF($V68>=75,"PASSED","FAILED"))
A69: 6 | B69: ='INPUT DATA'!B68 -> FERNANDEZ, JILLIAN V. | F69: =MATH_Q1!AJ68 | J69: =MATH_Q2!AJ68 -> 74 | N69: =MATH_Q3!AJ68 | R69: =MATH_Q4!AJ68 | V69: =IF(OR(F69="",J69="",N69="",R69=""),"",IF(ISERROR(ROUND(AVERAGE(F69,J69,N69,R69),0)),"",ROUND(AVERAGE(F69,J69,N69,R69),0))) | Z69: =IF(OR($F69="",$J69="",$N69="",$R69="",$V69=""),"",IF($V69>=75,"PASSED","FAILED"))
A70: 7 | B70: ='INPUT DATA'!B69 -> GONZALES, MIKAELA C. | F70: =MATH_Q1!AJ69 | J70: =MATH_Q2!AJ69 -> 83 | N70: =MATH_Q3!AJ69 | R70: =MATH_Q4!AJ69 | V70: =IF(OR(F70="",J70="",N70="",R70=""),"",IF(ISERROR(ROUND(AVERAGE(F70,J70,N70,R70),0)),"",ROUND(AVERAGE(F70,J70,N70,R70),0))) | Z70: =IF(OR($F70="",$J70="",$N70="",$R70="",$V70=""),"",IF($V70>=75,"PASSED","FAILED"))
A71: 8 | B71: ='INPUT DATA'!B70 -> GUTIERREZ, PATRICIA N. | F71: =MATH_Q1!AJ70 | J71: =MATH_Q2!AJ70 -> 74 | N71: =MATH_Q3!AJ70 | R71: =MATH_Q4!AJ70 | V71: =IF(OR(F71="",J71="",N71="",R71=""),"",IF(ISERROR(ROUND(AVERAGE(F71,J71,N71,R71),0)),"",ROUND(AVERAGE(F71,J71,N71,R71),0))) | Z71: =IF(OR($F71="",$J71="",$N71="",$R71="",$V71=""),"",IF($V71>=75,"PASSED","FAILED"))
A72: 9 | B72: ='INPUT DATA'!B71 -> IGNACIO, ANGELICA O. | F72: =MATH_Q1!AJ71 | J72: =MATH_Q2!AJ71 -> 97 | N72: =MATH_Q3!AJ71 | R72: =MATH_Q4!AJ71 | V72: =IF(OR(F72="",J72="",N72="",R72=""),"",IF(ISERROR(ROUND(AVERAGE(F72,J72,N72,R72),0)),"",ROUND(AVERAGE(F72,J72,N72,R72),0))) | Z72: =IF(OR($F72="",$J72="",$N72="",$R72="",$V72=""),"",IF($V72>=75,"PASSED","FAILED"))
A73: 10 | B73: ='INPUT DATA'!B72 -> LACSON, BEA M. | F73: =MATH_Q1!AJ72 | J73: =MATH_Q2!AJ72 -> 75 | N73: =MATH_Q3!AJ72 | R73: =MATH_Q4!AJ72 | V73: =IF(OR(F73="",J73="",N73="",R73=""),"",IF(ISERROR(ROUND(AVERAGE(F73,J73,N73,R73),0)),"",ROUND(AVERAGE(F73,J73,N73,R73),0))) | Z73: =IF(OR($F73="",$J73="",$N73="",$R73="",$V73=""),"",IF($V73>=75,"PASSED","FAILED"))
A74: 11 | B74: ='INPUT DATA'!B73 -> LACSON, MARIA CLARA K. | F74: =MATH_Q1!AJ73 | J74: =MATH_Q2!AJ73 -> 75 | N74: =MATH_Q3!AJ73 | R74: =MATH_Q4!AJ73 | V74: =IF(OR(F74="",J74="",N74="",R74=""),"",IF(ISERROR(ROUND(AVERAGE(F74,J74,N74,R74),0)),"",ROUND(AVERAGE(F74,J74,N74,R74),0))) | Z74: =IF(OR($F74="",$J74="",$N74="",$R74="",$V74=""),"",IF($V74>=75,"PASSED","FAILED"))
A75: 12 | B75: ='INPUT DATA'!B74 -> LACSON, SHAIRA N. | F75: =MATH_Q1!AJ74 | J75: =MATH_Q2!AJ74 -> 88 | N75: =MATH_Q3!AJ74 | R75: =MATH_Q4!AJ74 | V75: =IF(OR(F75="",J75="",N75="",R75=""),"",IF(ISERROR(ROUND(AVERAGE(F75,J75,N75,R75),0)),"",ROUND(AVERAGE(F75,J75,N75,R75),0))) | Z75: =IF(OR($F75="",$J75="",$N75="",$R75="",$V75=""),"",IF($V75>=75,"PASSED","FAILED"))
... A113: 50 | B113: ='INPUT DATA'!B112 -> 0 | F113: =MATH_Q1!AJ112 | J113: =MATH_Q2!AJ112 | N113: =MATH_Q3!AJ112 | R113: =MATH_Q4!AJ112 | V113: =IF(OR(F113="",J113="",N113="",R113=""),"",IF(ISERROR(ROUND(AVERAGE(F113,J113,N113,R113),0)),"",ROUND(AVERAGE(F113,J113,N113,R113),0))) | Z113: =IF(OR($F113="",$J113="",$N113="",$R113="",$V113=""),"",IF($V113>=75,"PASSED","FAILED"))

Sheet DO NOT DELETE
A1: SUBJECT | B1: WRITTEN WORK | C1: PERFORMANCE TASKS | D1: Q. ASSESS-MENT | G1: TRANSMUTATION TABLE
A2: FILIPINO | B2: 0.3 | C2: 0.5 | D2: 0.2 | E2: =SUM(B2:D2) -> 1 | G2: 0 | H2: - | I2: 3.99 | J2: 60
A3: ENGLISH | B3: 0.4 | C3: 0.4 | D3: 0.2 | E3: =SUM(B3:D3) -> 1 | G3: 4 | H3: - | I3: 7.99 | J3: 61
A4: MATHEMATICS | B4: 0.2 | C4: 0.6 | D4: 0.2 | E4: =SUM(B4:D4) -> 1 | G4: 8 | H4: - | I4: 11.99 | J4: 62
A5: SCIENCE | G5: 12 | H5: - | I5: 15.99 | J5: 63 | V5: WW | W5: PT | X5: QA
A6: ARALING PANLIPUNAN | G6: 16 | H6: - | I6: 19.99 | J6: 64 | U6: FILIPINO | V6: 0.3 | W6: 0.5 | X6: 0.2
A7: EDUKASYON SA PAGPAPAKATAO | G7: 20 | H7: - | I7: 23.99 | J7: 65 | U7: ENGLISH | V7: 0.3 | W7: 0.5 | X7: 0.2
A8: EDUKASYONG PANTAHANAN AT PANGKABUHAYAN | G8: 24 | H8: - | I8: 27.99 | J8: 66 | U8: MATHEMATICS | V8: 0.4 | W8: 0.4 | X8: 0.2
A9: MOTHER TONGUE | C9: FIRST | G9: 28 | H9: - | I9: 31.99 | J9: 67 | U9: SCIENCE | V9: 0.4 | W9: 0.4 | X9: 0.2
C10: SECOND | G10: 32 | H10: - | I10: 35.99 | J10: 68 | U10: ARALING PANLIPUNAN | V10: 0.3 | W10: 0.5 | X10: 0.2
C11: THIRD | G11: 36 | H11: - | I11: 39.99 | J11: 69 | U11: EDUKASYON SA PAGPAPAKATAO | V11: 0.3 | W11: 0.5 | X11: 0.2
C12: FOURTH | G12: 40 | H12: - | I12: 43.99 | J12: 70 | U12: EDUKASYONG PANTAHANAN AT PANGKABUHAYAN | V12: 0.2 | W12: 0.6 | X12: 0.2
G13: 44 | H13: - | I13: 47.99 | J13: 71 | U13: MOTHER TONGUE | V13: 0.3 | W13: 0.5 | X13: 0.2
G14: 48 | H14: - | I14: 51.99 | J14: 72
G15: 52 | H15: - | I15: 55.99 | J15: 73 | U15: =U6&U7&U8&U9&U10&U11&U12&U13 -> FILIPINOENGLISHMATHEMATICSSCIENCEARALING PANLIPUNANEDUKASYON SA PAGPAPAKATAOEDUKASYONG PANTAHANAN AT PANGKABUHAYANMOTHER TONGUE
G16: 56 | H16: - | I16: 59.99 | J16: 74 | U16: FILIPINO,ENGLISH,MATHEMATICS,SCIENCE,ARALING PANLIPUNAN,EDUKASYON SA PAGPAPAKATAO,EDUKASYONG PANTAHANAN AT PANGKABUHAYAN,MOTHER TONGUE
G17: 60 | H17: - | I17: 61.59 | J17: 75
G18: 61.6 | H18: - | I18: 63.19 | J18: 76
G19: 63.2 | H19: - | I19: 64.79 | J19: 77
G20: 64.8 | H20: - | I20: 66.39 | J20: 78
G21: 66.4 | H21: - | I21: 67.99 | J21: 79
G22: 68 | H22: - | I22: 69.59 | J22: 80
G23: 69.6 | H23: - | I23: 71.19 | J23: 81
G24: 71.2 | H24: - | I24: 72.79 | J24: 82
G25: 72.8 | H25: - | I25: 74.39 | J25: 83
G26: 74.4 | H26: - | I26: 75.99 | J26: 84
G27: 76 | H27: - | I27: 77.59 | J27: 85
G28: 77.6 | H28: - | I28: 79.19 | J28: 86
... G41: 98.4 | H41: - | I41: 99.99 | J41: 99
G42: 100 | H42: - | J42: 100
